Transaction_ID,Amount,Time,Location,Transaction_Type,Fraud
TXN100000,1802.11,1383,Nagpur,Mobile Payment,0
TXN100001,955.02,384,Hyderabad,Bank Transfer,0
TXN100002,7595.79,55,Hyderabad,Bank Transfer,1
TXN100003,5029.27,117,Bengaluru,POS,0
TXN100004,867.7,899,Mumbai,Bank Transfer,0
TXN100005,867.71,1276,Hyderabad,Bank Transfer,0
TXN100006,5319.92,797,Delhi,Bank Transfer,0
TXN100007,2362.4,779,Hyderabad,ATM,0
TXN100008,685.76,1015,Nashik,Online,0
TXN100009,1886.65,802,Delhi,POS,0
TXN100010,689.92,844,Mumbai,POS,0
TXN100011,688.33,1203,Pune,ATM,0
TXN100012,1396.83,1438,Pune,Online,0
TXN100013,161.86,1258,Delhi,Online,0
TXN100014,195.41,854,Delhi,ATM,0
TXN100015,624.98,707,Nagpur,Mobile Payment,0
TXN100016,398.29,1103,Mumbai,Mobile Payment,0
TXN100017,1501.54,21,Nagpur,Online,0
TXN100018,442.29,842,Nashik,Mobile Payment,0
TXN100019,267.12,1116,Bengaluru,Mobile Payment,0
TXN100020,4748.81,191,Pune,Mobile Payment,0
TXN100021,875.0,1018,Hyderabad,Online,0
TXN100022,1173.24,1126,Hyderabad,Mobile Payment,0
TXN100023,263.82,395,Aurangabad,POS,0
TXN100024,636.27,1030,Aurangabad,Online,0
TXN100025,1225.28,639,Mumbai,ATM,0
TXN100026,346.89,1018,Hyderabad,Mobile Payment,0
TXN100027,1596.71,566,Mumbai,Bank Transfer,0
TXN100028,601.46,230,Aurangabad,Online,0
TXN100029,819.18,873,Mumbai,ATM,0
TXN100030,600.82,573,Pune,POS,0
TXN100031,6990.3,239,Nashik,ATM,0
TXN100032,1081.93,89,Nashik,Mobile Payment,0
TXN100033,380.81,231,Hyderabad,Bank Transfer,0
TXN100034,2496.25,456,Nagpur,Mobile Payment,0
TXN100035,323.49,232,Pune,ATM,0
TXN100036,1351.36,353,Bengaluru,Online,0
TXN100037,154.52,1004,Mumbai,Bank Transfer,0
TXN100038,290.56,1356,Mumbai,Bank Transfer,0
TXN100039,1335.23,438,Hyderabad,ATM,0
TXN100040,2294.95,1398,Bengaluru,Mobile Payment,0
TXN100041,1301.62,1315,Nagpur,ATM,0
TXN100042,976.87,344,Nagpur,Bank Transfer,0
TXN100043,811.51,663,Mumbai,ATM,0
TXN100044,250.0,656,Mumbai,Bank Transfer,0
TXN100045,533.87,129,Bengaluru,Mobile Payment,0
TXN100046,691.84,140,Hyderabad,Online,0
TXN100047,3156.19,414,Pune,Online,0
TXN100048,1546.3,1116,Bengaluru,ATM,0
TXN100049,188.1,625,Nagpur,Bank Transfer,0
TXN100050,1516.38,283,Bengaluru,Online,0
TXN100051,746.14,222,Bengaluru,Bank Transfer,0
TXN100052,557.29,743,Bengaluru,Mobile Payment,0
TXN100053,2021.66,462,Pune,ATM,0
TXN100054,3074.81,1299,Delhi,Bank Transfer,0
TXN100055,2782.99,1163,Mumbai,ATM,0
TXN100056,473.8,356,Aurangabad,Bank Transfer,0
TXN100057,804.96,1046,Hyderabad,Bank Transfer,0
TXN100058,1527.31,1293,Bengaluru,Mobile Payment,0
TXN100059,2908.94,858,Hyderabad,ATM,0
TXN100060,1165.3,664,Aurangabad,POS,1
TXN100061,910.82,1356,Delhi,Bank Transfer,0
TXN100062,362.73,1014,Mumbai,Bank Transfer,0
TXN100063,331.55,84,Nagpur,Online,0
TXN100064,2471.36,620,Aurangabad,ATM,0
TXN100065,4256.66,1054,Hyderabad,POS,0
TXN100066,2516.68,239,Hyderabad,Mobile Payment,1
TXN100067,2991.51,362,Hyderabad,POS,0
TXN100068,1574.41,821,Nagpur,Mobile Payment,0
TXN100069,1483.83,1412,Aurangabad,POS,1
TXN100070,1574.03,667,Hyderabad,POS,0
TXN100071,5105.31,1322,Nagpur,ATM,0
TXN100072,1058.04,1394,Bengaluru,Online,0
TXN100073,5242.97,98,Hyderabad,POS,0
TXN100074,79.86,46,Aurangabad,Bank Transfer,0
TXN100075,2494.65,838,Nagpur,Bank Transfer,0
TXN100076,1196.37,421,Delhi,Bank Transfer,0
TXN100077,813.21,61,Pune,Online,0
TXN100078,1202.02,1132,Nagpur,POS,0
TXN100079,150.27,1142,Pune,Mobile Payment,0
TXN100080,880.36,1009,Pune,Mobile Payment,0
TXN100081,1567.3,597,Mumbai,ATM,0
TXN100082,4807.32,1405,Bengaluru,Online,0
TXN100083,653.1,391,Delhi,POS,0
TXN100084,488.58,976,Pune,Bank Transfer,0
TXN100085,663.97,1075,Nashik,Online,0
TXN100086,2739.15,602,Bengaluru,Online,0
TXN100087,1523.48,1312,Pune,POS,0
TXN100088,645.64,336,Nagpur,ATM,0
TXN100089,1832.19,809,Pune,ATM,0
TXN100090,1208.43,1227,Nagpur,ATM,0
TXN100091,2888.94,1261,Hyderabad,Bank Transfer,0
TXN100092,820.77,1405,Nagpur,Bank Transfer,1
TXN100093,790.24,751,Nashik,POS,0
TXN100094,2815.95,1159,Pune,ATM,1
TXN100095,253.78,1430,Pune,POS,0
TXN100096,1474.57,1385,Aurangabad,ATM,0
TXN100097,1423.76,1404,Bengaluru,Online,0
TXN100098,1102.26,880,Aurangabad,Mobile Payment,0
TXN100099,867.32,634,Mumbai,Mobile Payment,0
TXN100100,266.3,253,Nagpur,ATM,0
TXN100101,720.07,1137,Nashik,POS,0
TXN100102,778.43,19,Aurangabad,Bank Transfer,0
TXN100103,491.63,527,Pune,ATM,0
TXN100104,3449.86,1168,Mumbai,ATM,1
TXN100105,1642.63,1231,Nashik,Bank Transfer,0
TXN100106,7231.39,375,Delhi,ATM,0
TXN100107,1305.81,165,Pune,Online,0
TXN100108,1418.78,1204,Pune,Bank Transfer,0
TXN100109,1017.96,860,Hyderabad,Online,0
TXN100110,160.97,616,Delhi,Mobile Payment,0
TXN100111,1067.94,611,Nagpur,Bank Transfer,0
TXN100112,1164.71,1355,Nagpur,Bank Transfer,0
TXN100113,41793.14,502,Aurangabad,POS,1
TXN100114,904.73,912,Aurangabad,POS,0
TXN100115,1482.59,78,Pune,Bank Transfer,0
TXN100116,1059.22,584,Bengaluru,Mobile Payment,0
TXN100117,340.81,687,Pune,ATM,0
TXN100118,3438.61,395,Aurangabad,POS,0
TXN100119,2326.06,1126,Delhi,Mobile Payment,0
TXN100120,2418.81,401,Aurangabad,Mobile Payment,0
TXN100121,441.69,974,Pune,POS,0
TXN100122,4459.51,223,Nashik,ATM,0
TXN100123,269.93,517,Pune,POS,0
TXN100124,1972.11,633,Nashik,Mobile Payment,0
TXN100125,9803.12,235,Nashik,Online,0
TXN100126,407.26,115,Pune,POS,0
TXN100127,622.47,1186,Bengaluru,Mobile Payment,0
TXN100128,1211.54,225,Bengaluru,POS,0
TXN100129,662.83,229,Mumbai,Mobile Payment,0
TXN100130,232.6,181,Aurangabad,ATM,0
TXN100131,1174.46,1272,Bengaluru,Mobile Payment,0
TXN100132,379.06,1341,Nagpur,Bank Transfer,0
TXN100133,1760.92,209,Pune,Online,0
TXN100134,437.28,1415,Nashik,Mobile Payment,0
TXN100135,5166.42,95,Pune,POS,0
TXN100136,501.07,893,Aurangabad,POS,0
TXN100137,794.68,755,Delhi,Mobile Payment,0
TXN100138,2473.82,1109,Bengaluru,Bank Transfer,0
TXN100139,320.26,414,Bengaluru,Mobile Payment,0
TXN100140,1376.72,393,Bengaluru,ATM,0
TXN100141,4052.72,695,Nashik,Bank Transfer,0
TXN100142,219.76,843,Nagpur,Mobile Payment,0
TXN100143,1319.01,603,Hyderabad,Online,0
TXN100144,1422.09,581,Nagpur,Bank Transfer,0
TXN100145,2396.64,132,Bengaluru,Mobile Payment,0
TXN100146,318.32,790,Nagpur,Online,0
TXN100147,292.82,648,Delhi,Mobile Payment,0
TXN100148,1848.15,1337,Bengaluru,ATM,0
TXN100149,2650.68,220,Mumbai,POS,1
TXN100150,1408.8,975,Nashik,Mobile Payment,0
TXN100151,1550.68,1069,Delhi,Bank Transfer,0
TXN100152,555.56,1215,Hyderabad,Mobile Payment,0
TXN100153,1383.34,1402,Nashik,Mobile Payment,0
TXN100154,1470.08,787,Hyderabad,Mobile Payment,0
TXN100155,2017.35,690,Bengaluru,Mobile Payment,1
TXN100156,7085.28,1357,Delhi,Bank Transfer,0
TXN100157,1761.34,38,Bengaluru,Bank Transfer,0
TXN100158,333.18,1316,Hyderabad,Mobile Payment,0
TXN100159,2114.46,689,Hyderabad,POS,0
TXN100160,413.77,161,Delhi,Mobile Payment,0
TXN100161,2409.28,1354,Bengaluru,Bank Transfer,0
TXN100162,3493.28,1127,Mumbai,ATM,0
TXN100163,482.66,160,Nashik,Mobile Payment,0
TXN100164,2873.76,1077,Delhi,Mobile Payment,0
TXN100165,1657.03,1057,Mumbai,Mobile Payment,0
TXN100166,2495.04,241,Pune,Mobile Payment,0
TXN100167,7308.5,966,Bengaluru,Online,0
TXN100168,858.01,889,Aurangabad,Mobile Payment,0
TXN100169,516.08,112,Delhi,Bank Transfer,0
TXN100170,450.56,1013,Nagpur,Bank Transfer,0
TXN100171,1520.82,317,Mumbai,Online,1
TXN100172,1015.26,22,Mumbai,Mobile Payment,0
TXN100173,1542.49,823,Delhi,POS,0
TXN100174,1446.19,1141,Hyderabad,Mobile Payment,0
TXN100175,2507.86,700,Mumbai,Bank Transfer,0
TXN100176,1110.98,1018,Pune,ATM,0
TXN100177,4691.62,1235,Mumbai,ATM,0
TXN100178,841.63,1136,Aurangabad,POS,0
TXN100179,16650.06,1067,Aurangabad,Mobile Payment,0
TXN100180,2050.15,127,Hyderabad,Online,0
TXN100181,465.37,875,Bengaluru,Mobile Payment,0
TXN100182,375.82,157,Bengaluru,POS,0
TXN100183,1776.63,826,Hyderabad,POS,0
TXN100184,877.03,1417,Nagpur,POS,0
TXN100185,2239.48,851,Pune,ATM,0
TXN100186,1760.3,511,Aurangabad,Mobile Payment,0
TXN100187,1019.61,44,Hyderabad,Mobile Payment,0
TXN100188,470.22,1131,Delhi,Online,0
TXN100189,241.09,218,Nashik,POS,0
TXN100190,701.69,442,Nashik,POS,0
TXN100191,9192.1,314,Nashik,Bank Transfer,1
TXN100192,4776.25,176,Bengaluru,Bank Transfer,1
TXN100193,315.53,227,Delhi,ATM,0
TXN100194,1303.99,266,Mumbai,Mobile Payment,0
TXN100195,1612.14,869,Delhi,Online,0
TXN100196,453.11,837,Mumbai,Online,0
TXN100197,1278.86,1402,Nashik,POS,0
TXN100198,1162.36,488,Nagpur,Online,0
TXN100199,349.68,701,Nagpur,POS,0
TXN100200,1568.36,686,Hyderabad,Mobile Payment,0
TXN100201,1921.35,1313,Mumbai,Online,0
TXN100202,3239.1,995,Nashik,POS,0
TXN100203,3145.73,356,Delhi,Mobile Payment,0
TXN100204,276.53,871,Nagpur,Mobile Payment,0
TXN100205,429.31,203,Mumbai,POS,0
TXN100206,1835.43,1236,Hyderabad,POS,0
TXN100207,1833.14,551,Delhi,ATM,0
TXN100208,1835.46,322,Nashik,Mobile Payment,0
TXN100209,51675.11,593,Pune,POS,0
TXN100210,1940.87,180,Nashik,Mobile Payment,0
TXN100211,3413.75,498,Bengaluru,Online,0
TXN100212,2846.94,1343,Nashik,Bank Transfer,0
TXN100213,2103.57,82,Hyderabad,Bank Transfer,0
TXN100214,800.1,302,Delhi,POS,0
TXN100215,2342.49,261,Hyderabad,POS,0
TXN100216,1438.82,783,Delhi,Mobile Payment,1
TXN100217,865.39,1223,Aurangabad,POS,0
TXN100218,674.95,1263,Aurangabad,Mobile Payment,0
TXN100219,1190.2,913,Delhi,POS,0
TXN100220,11099.54,691,Delhi,Mobile Payment,0
TXN100221,169.48,943,Pune,POS,0
TXN100222,2178.21,682,Pune,ATM,0
TXN100223,218.61,1318,Nashik,Mobile Payment,0
TXN100224,684.08,688,Hyderabad,ATM,0
TXN100225,6355.2,395,Bengaluru,ATM,1
TXN100226,1169.44,1161,Hyderabad,ATM,0
TXN100227,373.25,838,Nagpur,ATM,0
TXN100228,536.3,877,Hyderabad,Online,0
TXN100229,2163.75,822,Bengaluru,Bank Transfer,0
TXN100230,528.28,1152,Pune,Online,0
TXN100231,1361.66,48,Nashik,POS,0
TXN100232,4354.74,788,Bengaluru,POS,1
TXN100233,571.58,292,Hyderabad,Bank Transfer,0
TXN100234,9357.6,535,Mumbai,Bank Transfer,0
TXN100235,2067.14,310,Aurangabad,Bank Transfer,0
TXN100236,144.73,536,Bengaluru,ATM,0
TXN100237,1321.41,638,Nagpur,Online,0
TXN100238,565.78,233,Nashik,POS,0
TXN100239,2571.99,1232,Bengaluru,Online,0
TXN100240,496.45,604,Delhi,Online,0
TXN100241,1733.49,93,Hyderabad,Online,1
TXN100242,1817.08,326,Mumbai,Bank Transfer,0
TXN100243,2606.48,224,Aurangabad,Bank Transfer,0
TXN100244,1099.11,966,Mumbai,POS,1
TXN100245,784.85,889,Nashik,POS,0
TXN100246,682.02,10,Hyderabad,POS,0
TXN100247,570.59,1352,Pune,Online,0
TXN100248,15810.65,1035,Aurangabad,Bank Transfer,1
TXN100249,1644.15,34,Hyderabad,ATM,0
TXN100250,310.79,446,Mumbai,Online,0
TXN100251,2745.89,1243,Pune,Mobile Payment,0
TXN100252,9155.92,440,Nagpur,Online,0
TXN100253,3079.32,652,Nashik,Bank Transfer,0
TXN100254,240.0,594,Nashik,Mobile Payment,0
TXN100255,675.71,228,Aurangabad,Online,0
TXN100256,3892.91,343,Mumbai,Bank Transfer,0
TXN100257,540.41,1103,Nagpur,Bank Transfer,0
TXN100258,1709.27,1376,Delhi,ATM,0
TXN100259,2379.47,1419,Aurangabad,Online,0
TXN100260,434.01,1313,Hyderabad,Bank Transfer,0
TXN100261,1033.26,988,Delhi,POS,0
TXN100262,42.89,1151,Aurangabad,Bank Transfer,0
TXN100263,393.71,908,Mumbai,ATM,0
TXN100264,851.87,1382,Nagpur,Bank Transfer,0
TXN100265,314.89,526,Mumbai,Online,0
TXN100266,5610.59,1336,Nashik,Online,0
TXN100267,262.4,74,Delhi,Mobile Payment,0
TXN100268,706.24,195,Pune,Online,0
TXN100269,1249.8,28,Bengaluru,Mobile Payment,0
TXN100270,18386.29,705,Hyderabad,POS,1
TXN100271,260.9,1020,Nashik,ATM,0
TXN100272,3509.27,15,Nashik,POS,0
TXN100273,1107.91,804,Delhi,Mobile Payment,0
TXN100274,410.96,1428,Hyderabad,Bank Transfer,0
TXN100275,1740.81,939,Aurangabad,Bank Transfer,0
TXN100276,1338.17,966,Nashik,POS,0
TXN100277,601.71,1100,Bengaluru,Bank Transfer,0
TXN100278,1175.92,228,Nagpur,Mobile Payment,0
TXN100279,745.97,961,Nashik,ATM,0
TXN100280,1228.46,1320,Nagpur,Online,0
TXN100281,2126.28,714,Mumbai,Mobile Payment,0
TXN100282,5356.24,983,Hyderabad,Mobile Payment,0
TXN100283,318.04,572,Aurangabad,Online,0
TXN100284,9256.06,614,Nagpur,Online,0
TXN100285,155.7,325,Nashik,ATM,0
TXN100286,942.2,1386,Aurangabad,ATM,0
TXN100287,1974.99,874,Bengaluru,ATM,0
TXN100288,1452.43,358,Aurangabad,Bank Transfer,0
TXN100289,588.34,323,Nagpur,Mobile Payment,0
TXN100290,890.58,1349,Hyderabad,Online,0
TXN100291,669.81,164,Nagpur,Mobile Payment,0
TXN100292,608.28,797,Pune,Mobile Payment,0
TXN100293,2564.71,454,Pune,ATM,0
TXN100294,1567.15,1176,Aurangabad,ATM,0
TXN100295,548.45,1150,Delhi,Mobile Payment,0
TXN100296,2696.2,192,Hyderabad,ATM,0
TXN100297,1491.14,626,Delhi,Bank Transfer,0
TXN100298,2472.2,529,Pune,Online,0
TXN100299,2058.29,1033,Nashik,Mobile Payment,0
TXN100300,478.67,91,Mumbai,Online,0
TXN100301,626.29,138,Aurangabad,Bank Transfer,0
TXN100302,2315.3,480,Mumbai,ATM,0
TXN100303,2019.03,448,Pune,POS,0
TXN100304,1824.74,1356,Nagpur,Bank Transfer,1
TXN100305,1233.15,868,Bengaluru,POS,0
TXN100306,3935.0,339,Aurangabad,Online,0
TXN100307,606.94,1075,Pune,Mobile Payment,0
TXN100308,1895.23,465,Hyderabad,ATM,0
TXN100309,895.88,717,Nashik,Bank Transfer,0
TXN100310,882.11,798,Bengaluru,ATM,0
TXN100311,3290.44,474,Aurangabad,POS,0
TXN100312,9872.5,400,Aurangabad,POS,1
TXN100313,2473.8,604,Hyderabad,Mobile Payment,0
TXN100314,4045.98,931,Delhi,POS,0
TXN100315,1119.91,996,Nagpur,Mobile Payment,0
TXN100316,2168.85,921,Aurangabad,Bank Transfer,0
TXN100317,804.11,820,Nagpur,Mobile Payment,0
TXN100318,1516.51,656,Pune,POS,0
TXN100319,1903.88,597,Nashik,Online,1
TXN100320,1208.33,1176,Bengaluru,Mobile Payment,0
TXN100321,1988.54,513,Bengaluru,ATM,0
TXN100322,483.85,1029,Nashik,Online,0
TXN100323,8887.38,499,Aurangabad,Mobile Payment,0
TXN100324,401.01,716,Aurangabad,ATM,0
TXN100325,325.65,1141,Pune,Online,0
TXN100326,3491.58,600,Delhi,Mobile Payment,0
TXN100327,2420.34,665,Delhi,Bank Transfer,0
TXN100328,2046.98,467,Delhi,ATM,0
TXN100329,2055.65,160,Nagpur,Bank Transfer,0
TXN100330,1083.28,269,Delhi,POS,0
TXN100331,447.08,1079,Nashik,Mobile Payment,0
TXN100332,1182.99,227,Bengaluru,Mobile Payment,0
TXN100333,557.15,848,Bengaluru,ATM,0
TXN100334,2907.71,148,Nagpur,Mobile Payment,0
TXN100335,946.66,1069,Pune,POS,0
TXN100336,480.34,1167,Nashik,Mobile Payment,0
TXN100337,795.22,631,Bengaluru,Online,0
TXN100338,1657.28,1363,Nashik,Bank Transfer,0
TXN100339,624.08,412,Bengaluru,POS,0
TXN100340,481.92,519,Mumbai,POS,0
TXN100341,1399.24,1367,Pune,Bank Transfer,0
TXN100342,1401.04,386,Pune,Bank Transfer,0
TXN100343,660.54,274,Hyderabad,POS,0
TXN100344,684.69,352,Mumbai,Bank Transfer,0
TXN100345,1383.05,1089,Nagpur,ATM,0
TXN100346,257.73,1102,Bengaluru,Bank Transfer,0
TXN100347,268.42,597,Hyderabad,Online,0
TXN100348,534.62,1225,Bengaluru,Online,0
TXN100349,885.85,557,Bengaluru,ATM,0
TXN100350,1496.53,112,Delhi,Bank Transfer,0
TXN100351,4795.13,1114,Delhi,Online,0
TXN100352,2585.46,140,Delhi,Mobile Payment,0
TXN100353,934.55,1312,Delhi,Bank Transfer,0
TXN100354,1075.98,729,Delhi,ATM,0
TXN100355,402.41,588,Mumbai,Bank Transfer,0
TXN100356,1076.52,410,Pune,POS,0
TXN100357,821.67,376,Nagpur,POS,0
TXN100358,1514.32,1407,Nashik,Online,0
TXN100359,479.51,1175,Delhi,POS,0
TXN100360,1843.36,750,Mumbai,ATM,0
TXN100361,5078.34,626,Hyderabad,Online,0
TXN100362,983.62,1342,Hyderabad,ATM,0
TXN100363,1638.79,1392,Bengaluru,ATM,0
TXN100364,2186.69,994,Nagpur,POS,0
TXN100365,734.2,702,Hyderabad,POS,0
TXN100366,1372.09,461,Nagpur,ATM,0
TXN100367,1110.53,11,Nagpur,POS,0
TXN100368,1209.15,1179,Mumbai,POS,0
TXN100369,506.23,476,Nashik,POS,0
TXN100370,1123.84,938,Delhi,Bank Transfer,0
TXN100371,1804.43,400,Nagpur,ATM,0
TXN100372,4680.42,807,Mumbai,Mobile Payment,0
TXN100373,2861.99,176,Bengaluru,ATM,0
TXN100374,9444.45,1364,Pune,Online,0
TXN100375,509.1,56,Bengaluru,POS,0
TXN100376,2623.65,447,Mumbai,POS,0
TXN100377,1317.3,202,Mumbai,Mobile Payment,0
TXN100378,9796.72,737,Mumbai,Online,0
TXN100379,488.68,201,Nagpur,Bank Transfer,0
TXN100380,473.56,1353,Mumbai,ATM,0
TXN100381,602.21,362,Pune,Bank Transfer,0
TXN100382,131.12,891,Nagpur,Online,0
TXN100383,648.23,453,Bengaluru,Mobile Payment,0
TXN100384,513.3,355,Pune,Online,0
TXN100385,1274.61,215,Hyderabad,Mobile Payment,0
TXN100386,1543.42,971,Aurangabad,Bank Transfer,0
TXN100387,7159.32,554,Bengaluru,Bank Transfer,0
TXN100388,2836.78,886,Mumbai,Online,0
TXN100389,1903.38,22,Delhi,Online,1
TXN100390,446.57,154,Delhi,POS,0
TXN100391,1793.49,1209,Nagpur,Mobile Payment,0
TXN100392,292.88,248,Delhi,POS,0
TXN100393,6846.27,748,Bengaluru,ATM,0
TXN100394,3566.86,804,Nagpur,ATM,0
TXN100395,685.96,133,Bengaluru,Online,0
TXN100396,197.72,320,Mumbai,Bank Transfer,0
TXN100397,4246.59,389,Nashik,ATM,0
TXN100398,977.95,433,Nashik,ATM,0
TXN100399,3781.27,1045,Pune,POS,0
TXN100400,577.76,872,Mumbai,POS,1
TXN100401,602.22,1148,Delhi,ATM,0
TXN100402,1102.4,1102,Mumbai,Online,0
TXN100403,1149.38,857,Aurangabad,POS,0
TXN100404,2601.31,50,Nashik,ATM,1
TXN100405,2044.38,175,Delhi,Bank Transfer,0
TXN100406,1419.16,869,Bengaluru,POS,1
TXN100407,951.1,252,Bengaluru,ATM,0
TXN100408,1236.82,965,Nashik,Mobile Payment,0
TXN100409,1834.34,1269,Mumbai,POS,0
TXN100410,2234.15,738,Delhi,Mobile Payment,0
TXN100411,356.15,1129,Pune,POS,0
TXN100412,236.49,1216,Bengaluru,POS,0
TXN100413,3935.04,1339,Mumbai,Mobile Payment,0
TXN100414,1528.92,301,Pune,Online,0
TXN100415,518.8,547,Hyderabad,ATM,0
TXN100416,5172.71,715,Delhi,Online,0
TXN100417,1231.11,778,Nashik,Online,0
TXN100418,3566.35,267,Hyderabad,ATM,0
TXN100419,1173.23,1193,Aurangabad,Bank Transfer,0
TXN100420,8610.59,1009,Hyderabad,Online,0
TXN100421,6344.48,550,Nagpur,Online,0
TXN100422,854.94,1315,Nashik,Online,0
TXN100423,2897.41,1164,Pune,Bank Transfer,0
TXN100424,2090.95,1169,Mumbai,POS,0
TXN100425,4309.73,313,Hyderabad,Mobile Payment,0
TXN100426,417.83,183,Bengaluru,Mobile Payment,0
TXN100427,2177.76,712,Delhi,Bank Transfer,0
TXN100428,5657.46,127,Hyderabad,Online,1
TXN100429,188.91,1310,Nashik,Mobile Payment,0
TXN100430,335.88,1276,Bengaluru,Bank Transfer,0
TXN100431,142.7,699,Bengaluru,ATM,0
TXN100432,837.64,385,Aurangabad,Mobile Payment,0
TXN100433,2247.43,1253,Delhi,ATM,0
TXN100434,4926.37,270,Hyderabad,Online,0
TXN100435,1180.97,810,Pune,Mobile Payment,0
TXN100436,5589.33,414,Delhi,Bank Transfer,0
TXN100437,275.86,197,Hyderabad,POS,0
TXN100438,199.66,1346,Delhi,Mobile Payment,0
TXN100439,1037.38,1079,Mumbai,Mobile Payment,0
TXN100440,1610.12,830,Nagpur,Mobile Payment,0
TXN100441,1061.36,1226,Hyderabad,Mobile Payment,0
TXN100442,428.27,627,Bengaluru,Bank Transfer,1
TXN100443,1003.13,603,Pune,Bank Transfer,0
TXN100444,297.53,1161,Hyderabad,POS,0
TXN100445,2142.38,1080,Hyderabad,Bank Transfer,0
TXN100446,1582.24,1009,Mumbai,Bank Transfer,0
TXN100447,428.43,70,Bengaluru,Online,0
TXN100448,655.98,910,Nagpur,Online,0
TXN100449,380.23,593,Mumbai,ATM,0
TXN100450,1030.01,1395,Nagpur,POS,0
TXN100451,2850.19,599,Nagpur,Online,0
TXN100452,409.23,513,Nagpur,POS,0
TXN100453,1815.37,83,Mumbai,POS,0
TXN100454,645.32,993,Delhi,Mobile Payment,0
TXN100455,496.27,1066,Hyderabad,POS,0
TXN100456,985.32,838,Nagpur,Mobile Payment,0
TXN100457,389.46,605,Delhi,ATM,0
TXN100458,630.4,809,Hyderabad,ATM,0
TXN100459,331.0,132,Bengaluru,ATM,0
TXN100460,7822.23,1418,Hyderabad,Mobile Payment,0
TXN100461,1135.99,1088,Bengaluru,Mobile Payment,0
TXN100462,544.72,289,Pune,ATM,0
TXN100463,1358.29,375,Aurangabad,Mobile Payment,0
TXN100464,980.12,768,Delhi,Bank Transfer,0
TXN100465,879.22,466,Hyderabad,Bank Transfer,0
TXN100466,2026.71,1236,Bengaluru,Mobile Payment,0
TXN100467,2339.07,1171,Aurangabad,Mobile Payment,0
TXN100468,645.16,470,Nagpur,Online,0
TXN100469,616.58,148,Aurangabad,Online,0
TXN100470,2462.59,87,Aurangabad,POS,1
TXN100471,109.74,1347,Nagpur,POS,0
TXN100472,241.0,395,Delhi,POS,0
TXN100473,4302.17,789,Hyderabad,ATM,0
TXN100474,5681.48,1427,Nagpur,Bank Transfer,0
TXN100475,854.88,1105,Pune,ATM,0
TXN100476,1951.9,1309,Nashik,Mobile Payment,0
TXN100477,1497.05,1405,Hyderabad,Online,0
TXN100478,23834.3,864,Mumbai,Mobile Payment,0
TXN100479,3359.59,1293,Nagpur,Mobile Payment,0
TXN100480,964.96,1315,Nagpur,Online,0
TXN100481,421.77,23,Aurangabad,Mobile Payment,0
TXN100482,219.98,955,Pune,POS,0
TXN100483,5066.24,310,Bengaluru,Online,1
TXN100484,514.73,1231,Bengaluru,Mobile Payment,0
TXN100485,264.47,663,Aurangabad,POS,0
TXN100486,574.46,437,Delhi,POS,0
TXN100487,371.84,705,Hyderabad,Bank Transfer,0
TXN100488,5926.22,1359,Nagpur,POS,0
TXN100489,2648.21,421,Hyderabad,ATM,0
TXN100490,1087.92,320,Hyderabad,Online,0
TXN100491,4817.18,586,Nagpur,Online,0
TXN100492,1184.85,946,Aurangabad,Online,0
TXN100493,463.46,1186,Hyderabad,Mobile Payment,0
TXN100494,5029.74,1188,Nagpur,Mobile Payment,0
TXN100495,1879.78,848,Delhi,ATM,0
TXN100496,388.68,1318,Hyderabad,POS,0
TXN100497,906.56,41,Nashik,Mobile Payment,0
TXN100498,456.86,1308,Mumbai,POS,0
TXN100499,275.12,938,Mumbai,POS,0
TXN100500,2768.82,386,Mumbai,Mobile Payment,0
TXN100501,7401.34,1161,Nashik,Mobile Payment,0
TXN100502,270.81,1210,Nagpur,ATM,0
TXN100503,1925.55,909,Aurangabad,Bank Transfer,0
TXN100504,572.12,715,Bengaluru,Online,0
TXN100505,673.76,430,Pune,Mobile Payment,0
TXN100506,606.44,553,Nagpur,Mobile Payment,0
TXN100507,462.21,1439,Nashik,POS,0
TXN100508,1151.16,799,Hyderabad,Bank Transfer,0
TXN100509,477.73,425,Delhi,Mobile Payment,0
TXN100510,2891.45,1439,Nashik,Bank Transfer,1
TXN100511,1042.9,25,Hyderabad,Online,0
TXN100512,863.55,1394,Bengaluru,POS,0
TXN100513,442.5,384,Mumbai,ATM,0
TXN100514,615.99,55,Nagpur,Online,0
TXN100515,2334.12,1276,Bengaluru,Bank Transfer,0
TXN100516,4507.71,633,Mumbai,Bank Transfer,1
TXN100517,412.59,105,Pune,Online,0
TXN100518,1211.16,1153,Hyderabad,Bank Transfer,0
TXN100519,2324.79,848,Hyderabad,ATM,0
TXN100520,206.56,669,Delhi,ATM,0
TXN100521,1888.16,375,Mumbai,Bank Transfer,0
TXN100522,565.31,742,Pune,Bank Transfer,0
TXN100523,1940.3,966,Hyderabad,ATM,0
TXN100524,511.19,307,Nashik,Bank Transfer,0
TXN100525,180.39,90,Mumbai,Mobile Payment,0
TXN100526,215.39,1416,Mumbai,POS,0
TXN100527,1150.65,801,Aurangabad,Mobile Payment,0
TXN100528,1421.86,109,Delhi,Bank Transfer,0
TXN100529,443.94,584,Delhi,Bank Transfer,0
TXN100530,2076.82,339,Bengaluru,POS,0
TXN100531,208.2,978,Nashik,Bank Transfer,0
TXN100532,1026.51,355,Aurangabad,POS,0
TXN100533,919.23,167,Bengaluru,ATM,1
TXN100534,571.44,556,Pune,POS,0
TXN100535,1149.86,904,Bengaluru,POS,0
TXN100536,463.86,104,Pune,Mobile Payment,0
TXN100537,746.54,149,Nashik,Bank Transfer,0
TXN100538,2999.78,145,Hyderabad,ATM,0
TXN100539,615.91,715,Delhi,Online,0
TXN100540,2529.29,873,Hyderabad,POS,0
TXN100541,354.35,298,Pune,Online,0
TXN100542,1862.74,1190,Nashik,Bank Transfer,0
TXN100543,4635.82,645,Hyderabad,POS,0
TXN100544,92.61,722,Bengaluru,Online,0
TXN100545,494.28,1071,Pune,Mobile Payment,0
TXN100546,1952.9,637,Nagpur,Online,0
TXN100547,895.12,238,Mumbai,Mobile Payment,0
TXN100548,4852.45,1030,Bengaluru,ATM,1
TXN100549,599.45,463,Delhi,Bank Transfer,0
TXN100550,1195.82,452,Hyderabad,Online,0
TXN100551,938.54,783,Bengaluru,POS,0
TXN100552,3525.52,896,Nagpur,Bank Transfer,0
TXN100553,1414.34,370,Nashik,Online,0
TXN100554,1537.02,486,Nashik,POS,0
TXN100555,726.42,1234,Bengaluru,POS,0
TXN100556,673.44,164,Nagpur,POS,0
TXN100557,711.55,1148,Hyderabad,POS,0
TXN100558,1626.93,1360,Bengaluru,Online,0
TXN100559,719.83,191,Mumbai,ATM,0
TXN100560,1465.24,729,Mumbai,Mobile Payment,0
TXN100561,8737.69,213,Aurangabad,Mobile Payment,0
TXN100562,2620.51,573,Pune,Mobile Payment,0
TXN100563,791.54,1351,Aurangabad,ATM,0
TXN100564,3645.37,956,Hyderabad,POS,0
TXN100565,729.18,380,Mumbai,POS,0
TXN100566,400.21,672,Nagpur,Bank Transfer,1
TXN100567,400.18,797,Pune,Mobile Payment,0
TXN100568,168.88,238,Hyderabad,Mobile Payment,0
TXN100569,771.62,699,Nagpur,POS,0
TXN100570,1117.02,1105,Hyderabad,Mobile Payment,0
TXN100571,5863.12,1386,Aurangabad,POS,0
TXN100572,1520.7,504,Nashik,POS,0
TXN100573,880.86,201,Nagpur,POS,0
TXN100574,2513.43,919,Aurangabad,Online,0
TXN100575,120.16,36,Aurangabad,Online,0
TXN100576,1387.99,643,Aurangabad,Online,0
TXN100577,2370.52,1425,Nashik,Online,0
TXN100578,249.99,764,Nashik,ATM,0
TXN100579,3441.81,705,Bengaluru,Bank Transfer,0
TXN100580,1538.4,1199,Nashik,Bank Transfer,0
TXN100581,723.94,544,Pune,POS,0
TXN100582,2064.79,1224,Nashik,Mobile Payment,0
TXN100583,10622.11,539,Nashik,Online,0
TXN100584,1315.36,1016,Nashik,Bank Transfer,0
TXN100585,1405.6,393,Hyderabad,Bank Transfer,0
TXN100586,692.73,832,Nagpur,Online,0
TXN100587,468.79,1065,Nashik,ATM,0
TXN100588,2515.77,596,Pune,ATM,0
TXN100589,465.87,392,Hyderabad,Bank Transfer,0
TXN100590,1177.99,699,Aurangabad,ATM,0
TXN100591,680.17,440,Nagpur,Online,0
TXN100592,1770.43,917,Mumbai,Bank Transfer,0
TXN100593,1530.98,319,Hyderabad,Online,0
TXN100594,3094.99,552,Nashik,ATM,0
TXN100595,658.51,1238,Hyderabad,Online,0
TXN100596,837.25,1094,Bengaluru,ATM,0
TXN100597,412.09,567,Bengaluru,ATM,0
TXN100598,703.25,918,Hyderabad,Online,0
TXN100599,1599.27,235,Aurangabad,ATM,0
TXN100600,2337.85,1304,Aurangabad,POS,0
TXN100601,436.08,986,Nagpur,Online,0
TXN100602,2616.53,1185,Bengaluru,POS,0
TXN100603,4254.1,1214,Mumbai,Online,0
TXN100604,1658.11,1032,Delhi,ATM,0
TXN100605,7163.8,59,Bengaluru,ATM,0
TXN100606,505.84,892,Hyderabad,Bank Transfer,0
TXN100607,315.87,224,Bengaluru,Bank Transfer,0
TXN100608,185.17,699,Pune,POS,0
TXN100609,4895.37,581,Delhi,ATM,0
TXN100610,2109.84,1310,Aurangabad,Bank Transfer,0
TXN100611,1037.34,993,Delhi,ATM,0
TXN100612,1450.94,168,Bengaluru,Online,0
TXN100613,355.85,1085,Aurangabad,Bank Transfer,0
TXN100614,12654.3,1372,Delhi,POS,0
TXN100615,4484.66,13,Aurangabad,Bank Transfer,1
TXN100616,1223.41,163,Aurangabad,ATM,0
TXN100617,2265.99,756,Nagpur,Mobile Payment,0
TXN100618,1774.03,1051,Mumbai,Mobile Payment,0
TXN100619,1371.81,445,Aurangabad,ATM,0
TXN100620,497.47,1231,Pune,Online,0
TXN100621,1757.18,715,Bengaluru,Bank Transfer,0
TXN100622,7201.36,975,Bengaluru,Mobile Payment,0
TXN100623,4210.85,818,Pune,Online,0
TXN100624,5394.78,103,Nashik,ATM,0
TXN100625,657.72,741,Aurangabad,Online,0
TXN100626,407.64,425,Hyderabad,ATM,0
TXN100627,967.01,1124,Aurangabad,Bank Transfer,0
TXN100628,1159.48,638,Aurangabad,Online,0
TXN100629,3275.39,849,Hyderabad,Bank Transfer,0
TXN100630,201.85,1129,Delhi,Online,0
TXN100631,5062.17,768,Aurangabad,ATM,0
TXN100632,936.35,276,Aurangabad,ATM,0
TXN100633,715.6,1088,Pune,Online,0
TXN100634,398.57,899,Mumbai,ATM,0
TXN100635,209.59,187,Mumbai,POS,0
TXN100636,2497.81,1340,Nashik,POS,0
TXN100637,1180.06,1161,Pune,Bank Transfer,0
TXN100638,301.88,1366,Aurangabad,POS,0
TXN100639,300.34,104,Mumbai,POS,0
TXN100640,783.85,545,Nagpur,Mobile Payment,0
TXN100641,5819.8,379,Nagpur,Mobile Payment,0
TXN100642,845.91,109,Nagpur,Mobile Payment,0
TXN100643,243.92,544,Aurangabad,Mobile Payment,0
TXN100644,857.7,353,Aurangabad,ATM,0
TXN100645,834.87,742,Hyderabad,Bank Transfer,0
TXN100646,73.93,316,Nashik,Bank Transfer,0
TXN100647,1038.68,1289,Bengaluru,POS,0
TXN100648,870.5,1088,Nashik,Bank Transfer,0
TXN100649,2199.99,332,Nashik,POS,0
TXN100650,6967.11,1156,Delhi,Bank Transfer,0
TXN100651,3383.16,591,Nagpur,Online,0
TXN100652,838.08,782,Aurangabad,Online,0
TXN100653,362.66,539,Nagpur,Bank Transfer,0
TXN100654,14376.64,734,Nashik,ATM,0
TXN100655,1163.54,620,Aurangabad,POS,0
TXN100656,1112.02,618,Pune,Bank Transfer,0
TXN100657,1070.49,1392,Hyderabad,POS,0
TXN100658,1336.87,908,Mumbai,Mobile Payment,0
TXN100659,949.22,991,Mumbai,Bank Transfer,0
TXN100660,617.91,98,Nashik,ATM,0
TXN100661,634.69,316,Bengaluru,Mobile Payment,0
TXN100662,1061.3,122,Nagpur,Bank Transfer,0
TXN100663,636.88,1343,Pune,Online,0
TXN100664,537.62,798,Aurangabad,Bank Transfer,0
TXN100665,1219.79,456,Bengaluru,Online,0
TXN100666,849.82,521,Nagpur,Online,0
TXN100667,12527.24,519,Nashik,Bank Transfer,1
TXN100668,77.4,916,Nagpur,Bank Transfer,0
TXN100669,3266.61,716,Nashik,Online,0
TXN100670,3812.67,314,Delhi,POS,0
TXN100671,137.91,708,Mumbai,Mobile Payment,0
TXN100672,778.46,709,Bengaluru,ATM,0
TXN100673,756.39,1043,Mumbai,Bank Transfer,0
TXN100674,268.4,559,Nagpur,Mobile Payment,0
TXN100675,1541.65,968,Pune,Mobile Payment,1
TXN100676,361.2,1153,Aurangabad,POS,0
TXN100677,6325.03,1316,Nashik,Mobile Payment,0
TXN100678,2795.25,1155,Aurangabad,Bank Transfer,0
TXN100679,3911.03,355,Mumbai,Mobile Payment,0
TXN100680,2256.73,1077,Hyderabad,Bank Transfer,0
TXN100681,354.59,889,Pune,Bank Transfer,0
TXN100682,649.03,792,Pune,Online,0
TXN100683,1788.93,1410,Aurangabad,POS,0
TXN100684,323.07,264,Mumbai,ATM,0
TXN100685,2237.24,981,Hyderabad,Online,0
TXN100686,862.36,1238,Aurangabad,ATM,0
TXN100687,753.84,801,Nagpur,Bank Transfer,0
TXN100688,2232.68,42,Pune,Online,0
TXN100689,1710.03,861,Pune,Mobile Payment,0
TXN100690,764.36,1301,Nagpur,Mobile Payment,0
TXN100691,3495.84,1153,Mumbai,ATM,0
TXN100692,372.02,349,Pune,Bank Transfer,0
TXN100693,2030.29,1129,Bengaluru,ATM,0
TXN100694,1984.46,911,Hyderabad,POS,0
TXN100695,804.69,0,Delhi,Mobile Payment,0
TXN100696,1519.49,583,Delhi,Online,0
TXN100697,313.84,431,Delhi,Online,0
TXN100698,2762.87,1329,Nashik,Online,0
TXN100699,911.51,52,Bengaluru,Mobile Payment,0
TXN100700,650.2,939,Nashik,Bank Transfer,0
TXN100701,3130.69,519,Mumbai,Mobile Payment,0
TXN100702,542.21,1353,Nagpur,Mobile Payment,0
TXN100703,606.6,1348,Aurangabad,Online,1
TXN100704,231.22,1137,Bengaluru,Mobile Payment,0
TXN100705,2010.24,146,Hyderabad,Online,0
TXN100706,1163.77,1189,Mumbai,Bank Transfer,1
TXN100707,6341.02,1402,Aurangabad,POS,0
TXN100708,136.74,1162,Mumbai,Online,0
TXN100709,5981.68,628,Nashik,ATM,0
TXN100710,1354.27,298,Delhi,POS,0
TXN100711,995.54,1299,Nagpur,Bank Transfer,0
TXN100712,635.93,788,Nashik,POS,0
TXN100713,1634.57,849,Nagpur,Online,0
TXN100714,1056.13,177,Bengaluru,Bank Transfer,0
TXN100715,3305.36,841,Aurangabad,ATM,0
TXN100716,1229.33,1377,Mumbai,Online,0
TXN100717,1274.49,1177,Pune,Online,0
TXN100718,762.34,1224,Pune,Bank Transfer,0
TXN100719,1035.93,877,Nagpur,Bank Transfer,0
TXN100720,1491.89,1138,Delhi,POS,0
TXN100721,198.31,758,Delhi,ATM,0
TXN100722,284.81,1091,Nagpur,POS,0
TXN100723,2305.99,444,Nashik,POS,0
TXN100724,1300.97,1349,Pune,Online,0
TXN100725,912.34,707,Nashik,Bank Transfer,0
TXN100726,3844.1,601,Aurangabad,Online,1
TXN100727,1552.44,1382,Pune,ATM,0
TXN100728,639.21,144,Aurangabad,POS,0
TXN100729,503.56,274,Mumbai,ATM,0
TXN100730,1333.88,508,Nashik,Bank Transfer,0
TXN100731,412.25,1202,Nagpur,Bank Transfer,0
TXN100732,1649.54,752,Pune,Mobile Payment,0
TXN100733,199.82,476,Nashik,ATM,0
TXN100734,3069.15,1437,Nagpur,Online,0
TXN100735,1759.17,1176,Mumbai,ATM,0
TXN100736,1416.62,1127,Pune,POS,0
TXN100737,2929.8,1098,Aurangabad,Bank Transfer,0
TXN100738,5799.2,1151,Mumbai,Bank Transfer,0
TXN100739,3024.1,665,Delhi,ATM,0
TXN100740,174.01,567,Nagpur,ATM,0
TXN100741,305.03,1368,Hyderabad,ATM,0
TXN100742,587.09,530,Pune,POS,0
TXN100743,1125.62,158,Pune,POS,0
TXN100744,1840.25,680,Bengaluru,Online,0
TXN100745,530.73,22,Bengaluru,ATM,0
TXN100746,1321.82,1070,Mumbai,Online,0
TXN100747,515.23,524,Pune,Mobile Payment,0
TXN100748,594.95,728,Nagpur,POS,0
TXN100749,268.63,143,Mumbai,Bank Transfer,0
TXN100750,435.62,667,Aurangabad,Mobile Payment,0
TXN100751,283.81,680,Mumbai,Bank Transfer,0
TXN100752,413.28,972,Mumbai,Mobile Payment,0
TXN100753,3145.23,798,Hyderabad,Online,0
TXN100754,424.37,84,Aurangabad,Online,0
TXN100755,15250.72,415,Delhi,POS,0
TXN100756,1796.0,693,Bengaluru,Bank Transfer,0
TXN100757,1319.27,481,Nagpur,Mobile Payment,0
TXN100758,464.82,455,Delhi,ATM,0
TXN100759,2209.03,826,Delhi,ATM,0
TXN100760,616.69,296,Delhi,POS,0
TXN100761,1238.94,1135,Bengaluru,Bank Transfer,0
TXN100762,14187.05,1253,Nashik,ATM,0
TXN100763,996.19,1119,Bengaluru,POS,0
TXN100764,3460.86,949,Delhi,POS,0
TXN100765,1765.06,679,Nashik,Bank Transfer,1
TXN100766,1058.93,377,Aurangabad,ATM,0
TXN100767,6443.33,1179,Bengaluru,ATM,0
TXN100768,585.83,420,Nagpur,ATM,0
TXN100769,6717.35,104,Delhi,Online,0
TXN100770,2225.53,329,Pune,ATM,0
TXN100771,624.86,438,Aurangabad,Mobile Payment,0
TXN100772,2064.01,1155,Nashik,Online,0
TXN100773,2900.26,381,Bengaluru,Online,0
TXN100774,2042.26,137,Nagpur,Online,0
TXN100775,228.1,942,Mumbai,Online,0
TXN100776,529.99,842,Nagpur,POS,0
TXN100777,856.18,269,Nagpur,Mobile Payment,0
TXN100778,1017.97,395,Delhi,Bank Transfer,0
TXN100779,2039.93,912,Delhi,ATM,0
TXN100780,1309.89,463,Bengaluru,Online,0
TXN100781,288.49,449,Bengaluru,Bank Transfer,0
TXN100782,1603.91,1354,Hyderabad,POS,0
TXN100783,2019.46,1276,Nashik,Bank Transfer,0
TXN100784,1919.44,1308,Hyderabad,Online,0
TXN100785,3231.76,1297,Bengaluru,Mobile Payment,0
TXN100786,2524.81,19,Nashik,Bank Transfer,0
TXN100787,1735.72,238,Delhi,Online,0
TXN100788,1022.32,1293,Delhi,Online,0
TXN100789,208.31,417,Pune,ATM,0
TXN100790,1685.16,1333,Pune,ATM,0
TXN100791,1349.77,1054,Aurangabad,Mobile Payment,0
TXN100792,1438.82,1127,Delhi,ATM,0
TXN100793,305.9,185,Mumbai,Mobile Payment,0
TXN100794,372.02,1151,Pune,POS,0
TXN100795,3143.69,1233,Nashik,POS,0
TXN100796,1054.1,1437,Nagpur,ATM,0
TXN100797,2167.87,1304,Bengaluru,POS,0
TXN100798,1128.13,252,Bengaluru,Bank Transfer,0
TXN100799,1129.76,18,Aurangabad,Bank Transfer,0
TXN100800,2802.55,711,Pune,Bank Transfer,0
TXN100801,654.55,1159,Nagpur,POS,0
TXN100802,1207.27,222,Nagpur,Bank Transfer,0
TXN100803,690.71,2,Pune,Mobile Payment,0
TXN100804,710.17,1259,Mumbai,Online,0
TXN100805,804.99,853,Mumbai,ATM,0
TXN100806,1369.41,227,Aurangabad,Mobile Payment,0
TXN100807,679.43,912,Hyderabad,Bank Transfer,0
TXN100808,3849.72,498,Mumbai,Online,0
TXN100809,448.27,520,Aurangabad,ATM,0
TXN100810,909.71,701,Hyderabad,Mobile Payment,0
TXN100811,706.46,916,Hyderabad,ATM,0
TXN100812,4660.97,1162,Nashik,POS,0
TXN100813,1334.82,1299,Hyderabad,Bank Transfer,0
TXN100814,3077.41,290,Pune,Mobile Payment,0
TXN100815,248.25,1076,Hyderabad,Mobile Payment,0
TXN100816,1432.32,1133,Nagpur,Online,0
TXN100817,2669.46,714,Aurangabad,Online,0
TXN100818,1190.68,947,Bengaluru,Online,0
TXN100819,3182.68,647,Mumbai,ATM,0
TXN100820,653.74,1027,Bengaluru,Bank Transfer,0
TXN100821,4488.83,683,Aurangabad,ATM,0
TXN100822,10925.97,869,Delhi,Bank Transfer,0
TXN100823,762.93,1070,Aurangabad,Mobile Payment,0
TXN100824,702.4,93,Mumbai,ATM,0
TXN100825,4690.92,939,Delhi,ATM,0
TXN100826,5321.83,559,Delhi,ATM,0
TXN100827,650.11,212,Hyderabad,POS,0
TXN100828,720.4,435,Mumbai,Bank Transfer,0
TXN100829,827.34,851,Delhi,Bank Transfer,0
TXN100830,285.87,507,Pune,ATM,0
TXN100831,437.62,835,Nagpur,POS,0
TXN100832,401.76,650,Bengaluru,ATM,0
TXN100833,1720.82,204,Pune,Bank Transfer,1
TXN100834,1059.25,380,Pune,Mobile Payment,0
TXN100835,1386.05,1096,Mumbai,POS,0
TXN100836,5169.34,1099,Hyderabad,POS,0
TXN100837,404.09,76,Mumbai,ATM,0
TXN100838,2934.59,815,Bengaluru,Mobile Payment,0
TXN100839,885.37,767,Nagpur,Bank Transfer,0
TXN100840,1043.71,409,Aurangabad,Online,0
TXN100841,2153.43,105,Pune,Bank Transfer,0
TXN100842,1335.9,550,Delhi,Bank Transfer,1
TXN100843,4952.1,825,Nagpur,Mobile Payment,1
TXN100844,1295.24,1298,Pune,POS,0
TXN100845,1794.45,87,Aurangabad,Bank Transfer,0
TXN100846,5460.5,880,Hyderabad,POS,1
TXN100847,12775.7,1100,Delhi,Mobile Payment,0
TXN100848,579.55,1100,Pune,Mobile Payment,0
TXN100849,644.84,539,Nashik,ATM,0
TXN100850,588.08,244,Bengaluru,Online,0
TXN100851,629.25,577,Nagpur,Mobile Payment,0
TXN100852,1214.63,1405,Bengaluru,Mobile Payment,1
TXN100853,3601.18,981,Mumbai,POS,0
TXN100854,4539.19,716,Pune,Mobile Payment,0
TXN100855,619.71,141,Delhi,Bank Transfer,0
TXN100856,477.06,892,Delhi,ATM,0
TXN100857,1757.09,1391,Nagpur,ATM,0
TXN100858,631.3,1107,Nagpur,Bank Transfer,0
TXN100859,2065.1,1166,Bengaluru,Mobile Payment,0
TXN100860,1343.35,351,Delhi,Online,0
TXN100861,240.87,544,Delhi,Mobile Payment,0
TXN100862,5153.88,912,Delhi,ATM,0
TXN100863,6606.95,151,Pune,Online,0
TXN100864,594.2,1181,Delhi,POS,0
TXN100865,744.19,652,Mumbai,POS,0
TXN100866,1459.52,957,Delhi,Mobile Payment,0
TXN100867,1532.2,762,Mumbai,Mobile Payment,0
TXN100868,2118.67,1326,Pune,Online,0
TXN100869,8186.2,623,Nagpur,Online,0
TXN100870,918.79,655,Hyderabad,Mobile Payment,0
TXN100871,493.59,449,Mumbai,ATM,0
TXN100872,276.08,720,Pune,POS,0
TXN100873,527.99,1247,Hyderabad,Online,0
TXN100874,1060.9,42,Hyderabad,ATM,0
TXN100875,6598.24,263,Delhi,Mobile Payment,0
TXN100876,653.53,1026,Pune,Bank Transfer,0
TXN100877,1371.68,1291,Hyderabad,Online,0
TXN100878,1078.77,595,Delhi,Bank Transfer,0
TXN100879,3598.94,1039,Bengaluru,ATM,0
TXN100880,13724.43,1357,Pune,POS,0
TXN100881,644.92,1082,Hyderabad,ATM,0
TXN100882,672.2,1012,Nagpur,POS,0
TXN100883,3115.55,176,Mumbai,ATM,0
TXN100884,2168.72,62,Bengaluru,Online,0
TXN100885,6951.46,957,Nagpur,Online,0
TXN100886,1966.34,1002,Nashik,Bank Transfer,0
TXN100887,765.64,560,Delhi,ATM,0
TXN100888,1979.61,1330,Hyderabad,ATM,0
TXN100889,6116.67,1269,Mumbai,Bank Transfer,1
TXN100890,2491.11,1312,Nagpur,Mobile Payment,0
TXN100891,1821.24,954,Mumbai,ATM,0
TXN100892,3186.49,1355,Nashik,ATM,0
TXN100893,3530.86,849,Aurangabad,ATM,0
TXN100894,4368.43,1278,Delhi,Mobile Payment,0
TXN100895,2097.94,603,Delhi,Online,0
TXN100896,927.86,605,Pune,Bank Transfer,0
TXN100897,1269.93,829,Hyderabad,Mobile Payment,0
TXN100898,3664.73,1222,Delhi,POS,0
TXN100899,484.47,1294,Delhi,POS,0
TXN100900,1585.53,745,Nagpur,Mobile Payment,0
TXN100901,740.01,557,Bengaluru,Mobile Payment,0
TXN100902,1128.61,63,Delhi,Online,0
TXN100903,3938.09,1253,Delhi,POS,0
TXN100904,1327.56,941,Hyderabad,Bank Transfer,0
TXN100905,1148.76,248,Nashik,ATM,0
TXN100906,281.5,1269,Bengaluru,ATM,0
TXN100907,2312.89,939,Nashik,Online,0
TXN100908,2091.18,156,Hyderabad,Online,0
TXN100909,9540.06,734,Mumbai,POS,0
TXN100910,806.11,984,Mumbai,Bank Transfer,0
TXN100911,1365.33,1111,Delhi,Bank Transfer,0
TXN100912,1407.24,1336,Delhi,Mobile Payment,0
TXN100913,5310.56,1089,Pune,Online,0
TXN100914,996.95,661,Mumbai,ATM,0
TXN100915,1449.57,1043,Nagpur,ATM,0
TXN100916,2014.04,32,Delhi,POS,0
TXN100917,1321.61,557,Nagpur,ATM,0
TXN100918,701.74,72,Delhi,Bank Transfer,0
TXN100919,1331.54,824,Hyderabad,Bank Transfer,0
TXN100920,3208.73,1366,Nagpur,Online,0
TXN100921,392.87,1156,Aurangabad,POS,0
TXN100922,1252.59,1078,Nagpur,ATM,0
TXN100923,544.51,60,Bengaluru,Online,0
TXN100924,3622.96,271,Mumbai,Mobile Payment,0
TXN100925,587.57,245,Delhi,Mobile Payment,1
TXN100926,627.08,1199,Mumbai,ATM,0
TXN100927,1599.12,627,Bengaluru,ATM,0
TXN100928,5247.59,1340,Bengaluru,ATM,0
TXN100929,1026.85,704,Nagpur,Bank Transfer,0
TXN100930,629.42,661,Nashik,ATM,0
TXN100931,7195.11,1154,Nashik,Mobile Payment,0
TXN100932,257.75,1125,Bengaluru,ATM,0
TXN100933,121.66,309,Nashik,POS,0
TXN100934,1702.77,1315,Delhi,Mobile Payment,0
TXN100935,663.78,494,Pune,POS,0
TXN100936,394.95,1384,Aurangabad,Mobile Payment,0
TXN100937,2226.88,337,Nagpur,Online,0
TXN100938,1399.4,578,Pune,Mobile Payment,0
TXN100939,623.86,9,Nashik,Mobile Payment,0
TXN100940,304.81,48,Nagpur,POS,0
TXN100941,2624.01,622,Pune,POS,0
TXN100942,7086.64,1344,Mumbai,Mobile Payment,1
TXN100943,993.09,730,Nashik,Mobile Payment,0
TXN100944,6950.97,794,Hyderabad,Bank Transfer,0
TXN100945,376.12,970,Pune,Online,0
TXN100946,238.53,132,Hyderabad,Online,0
TXN100947,549.0,82,Delhi,ATM,0
TXN100948,1047.76,56,Mumbai,Mobile Payment,0
TXN100949,1398.76,375,Nashik,Mobile Payment,0
TXN100950,861.58,348,Aurangabad,Mobile Payment,0
TXN100951,1559.4,270,Bengaluru,Mobile Payment,0
TXN100952,313.71,110,Nashik,Online,0
TXN100953,4646.01,868,Hyderabad,POS,0
TXN100954,1010.14,886,Delhi,Bank Transfer,0
TXN100955,3351.94,75,Aurangabad,POS,0
TXN100956,1544.92,1181,Aurangabad,POS,0
TXN100957,1731.52,328,Aurangabad,Online,0
TXN100958,1938.69,121,Nagpur,Bank Transfer,0
TXN100959,1715.93,40,Nagpur,Mobile Payment,0
TXN100960,2085.41,1190,Hyderabad,Online,0
TXN100961,4142.91,921,Bengaluru,Online,0
TXN100962,1334.78,641,Aurangabad,Bank Transfer,0
TXN100963,2228.32,1046,Bengaluru,ATM,0
TXN100964,1002.51,278,Mumbai,Online,0
TXN100965,4629.1,762,Aurangabad,POS,0
TXN100966,557.58,468,Pune,POS,0
TXN100967,6640.49,1423,Aurangabad,Mobile Payment,0
TXN100968,1053.47,8,Hyderabad,Online,0
TXN100969,262.23,12,Nagpur,Mobile Payment,0
TXN100970,1246.51,923,Nagpur,Online,0
TXN100971,554.99,922,Pune,Bank Transfer,0
TXN100972,3911.78,1075,Pune,Online,1
TXN100973,570.99,1232,Nashik,ATM,0
TXN100974,701.92,1425,Mumbai,POS,0
TXN100975,165.75,1214,Mumbai,Bank Transfer,0
TXN100976,697.63,1074,Hyderabad,POS,0
TXN100977,97.14,1416,Hyderabad,Mobile Payment,0
TXN100978,225.0,652,Hyderabad,Bank Transfer,0
TXN100979,2345.88,620,Hyderabad,ATM,0
TXN100980,2406.19,1323,Hyderabad,POS,0
TXN100981,1678.17,195,Hyderabad,Online,0
TXN100982,416.97,416,Mumbai,Online,0
TXN100983,1045.54,663,Delhi,Online,0
TXN100984,1092.69,1379,Nagpur,Bank Transfer,0
TXN100985,344.34,147,Mumbai,ATM,0
TXN100986,4931.5,1000,Hyderabad,ATM,0
TXN100987,2636.91,1388,Nashik,ATM,0
TXN100988,879.22,363,Nashik,POS,0
TXN100989,1126.52,401,Mumbai,Bank Transfer,0
TXN100990,1350.71,605,Pune,Online,0
TXN100991,142.35,228,Nashik,POS,0
TXN100992,856.47,536,Bengaluru,ATM,0
TXN100993,554.47,267,Pune,Online,0
TXN100994,402.78,1428,Bengaluru,Bank Transfer,0
TXN100995,827.91,1034,Nagpur,Mobile Payment,0
TXN100996,6618.91,1343,Delhi,ATM,0
TXN100997,2081.5,125,Nashik,ATM,0
TXN100998,619.44,305,Pune,ATM,0
TXN100999,1944.16,1112,Hyderabad,ATM,0
TXN101000,4444.2,1378,Bengaluru,Online,0
TXN101001,2764.55,627,Mumbai,Bank Transfer,0
TXN101002,1164.01,1375,Bengaluru,POS,0
TXN101003,574.25,688,Bengaluru,Online,0
TXN101004,2204.43,1037,Nagpur,Bank Transfer,0
TXN101005,1625.36,1280,Aurangabad,POS,0
TXN101006,2684.35,1232,Aurangabad,ATM,0
TXN101007,2069.73,280,Mumbai,Bank Transfer,0
TXN101008,3132.39,442,Nagpur,ATM,0
TXN101009,642.11,836,Nagpur,Bank Transfer,0
TXN101010,4094.48,388,Hyderabad,Mobile Payment,0
TXN101011,1336.22,616,Nagpur,ATM,0
TXN101012,8736.46,146,Nagpur,ATM,0
TXN101013,550.49,1302,Aurangabad,ATM,0
TXN101014,6222.73,520,Pune,Online,0
TXN101015,1336.64,629,Nagpur,POS,0
TXN101016,571.68,433,Pune,ATM,0
TXN101017,675.95,143,Bengaluru,ATM,0
TXN101018,796.04,288,Bengaluru,Online,0
TXN101019,1676.0,1409,Nagpur,Online,0
TXN101020,1849.8,13,Nashik,Mobile Payment,0
TXN101021,1745.74,256,Delhi,Bank Transfer,1
TXN101022,1070.25,1369,Nashik,ATM,0
TXN101023,9341.95,1368,Bengaluru,Bank Transfer,0
TXN101024,6170.55,1423,Delhi,Online,0
TXN101025,1696.5,1230,Nashik,Online,0
TXN101026,1139.11,857,Nagpur,Mobile Payment,0
TXN101027,1236.49,942,Pune,POS,0
TXN101028,2025.39,1195,Delhi,Online,0
TXN101029,394.34,463,Aurangabad,ATM,0
TXN101030,847.78,269,Mumbai,Mobile Payment,0
TXN101031,206.73,1244,Delhi,POS,0
TXN101032,1634.71,1175,Delhi,Mobile Payment,0
TXN101033,2094.76,622,Aurangabad,Online,0
TXN101034,676.42,1206,Nagpur,POS,0
TXN101035,5292.19,1422,Nashik,Bank Transfer,0
TXN101036,321.9,71,Nashik,POS,0
TXN101037,253.57,1306,Bengaluru,ATM,0
TXN101038,1372.59,73,Pune,Bank Transfer,0
TXN101039,3124.71,354,Nagpur,Bank Transfer,0
TXN101040,5907.2,496,Aurangabad,ATM,0
TXN101041,693.06,1351,Nagpur,Bank Transfer,0
TXN101042,3224.98,987,Nagpur,Online,0
TXN101043,1055.21,579,Nashik,POS,0
TXN101044,922.76,909,Aurangabad,POS,0
TXN101045,2653.57,372,Hyderabad,ATM,0
TXN101046,2105.53,361,Mumbai,Online,0
TXN101047,382.69,92,Delhi,Bank Transfer,1
TXN101048,4800.81,1344,Nashik,POS,0
TXN101049,10812.71,323,Aurangabad,POS,1
TXN101050,586.66,383,Pune,POS,0
TXN101051,1629.13,574,Delhi,POS,0
TXN101052,1797.28,735,Delhi,Mobile Payment,0
TXN101053,1423.22,736,Hyderabad,ATM,0
TXN101054,632.51,345,Hyderabad,Bank Transfer,0
TXN101055,560.25,1126,Nashik,Bank Transfer,0
TXN101056,1068.96,1238,Bengaluru,ATM,0
TXN101057,3543.0,1215,Pune,Online,0
TXN101058,1888.62,718,Nashik,ATM,0
TXN101059,757.02,780,Nagpur,POS,0
TXN101060,2372.5,1019,Bengaluru,POS,0
TXN101061,118.49,1217,Aurangabad,ATM,1
TXN101062,3459.11,1403,Hyderabad,ATM,0
TXN101063,192.54,1426,Pune,Bank Transfer,0
TXN101064,1492.32,663,Delhi,Bank Transfer,1
TXN101065,357.93,599,Nashik,Mobile Payment,0
TXN101066,300.46,10,Hyderabad,Mobile Payment,0
TXN101067,3501.08,186,Delhi,POS,0
TXN101068,686.98,725,Pune,Mobile Payment,0
TXN101069,1550.77,1038,Hyderabad,Mobile Payment,0
TXN101070,1046.37,777,Hyderabad,Online,0
TXN101071,1767.0,1320,Delhi,ATM,0
TXN101072,1184.2,410,Nashik,Bank Transfer,0
TXN101073,303.99,955,Bengaluru,Mobile Payment,0
TXN101074,2969.85,584,Nashik,Bank Transfer,0
TXN101075,669.31,1075,Mumbai,Mobile Payment,0
TXN101076,231.23,1051,Hyderabad,Mobile Payment,0
TXN101077,714.72,576,Delhi,POS,0
TXN101078,4918.5,1040,Mumbai,Online,0
TXN101079,8735.37,1374,Bengaluru,ATM,1
TXN101080,773.83,1252,Mumbai,ATM,0
TXN101081,773.36,988,Delhi,POS,0
TXN101082,795.02,1233,Pune,POS,0
TXN101083,8749.47,1317,Nagpur,ATM,0
TXN101084,1606.7,742,Bengaluru,ATM,0
TXN101085,1685.88,1127,Nashik,Online,0
TXN101086,3072.61,203,Aurangabad,Mobile Payment,0
TXN101087,3899.85,1076,Bengaluru,Online,1
TXN101088,846.37,973,Mumbai,ATM,0
TXN101089,901.13,939,Pune,Mobile Payment,0
TXN101090,1020.86,1398,Delhi,ATM,0
TXN101091,1056.56,1077,Pune,Online,0
TXN101092,2270.21,1299,Pune,Online,0
TXN101093,1155.1,1358,Delhi,Online,0
TXN101094,2281.62,1054,Aurangabad,Mobile Payment,0
TXN101095,1011.59,1158,Delhi,Bank Transfer,0
TXN101096,1186.35,1081,Aurangabad,Bank Transfer,0
TXN101097,148.68,104,Delhi,ATM,0
TXN101098,2741.68,1289,Mumbai,Mobile Payment,0
TXN101099,1550.74,252,Aurangabad,POS,0
TXN101100,2975.03,294,Mumbai,Bank Transfer,0
TXN101101,60.57,667,Bengaluru,Mobile Payment,0
TXN101102,8851.79,1181,Aurangabad,Mobile Payment,0
TXN101103,953.76,548,Aurangabad,Bank Transfer,0
TXN101104,11833.24,630,Delhi,Mobile Payment,1
TXN101105,387.65,1090,Aurangabad,Mobile Payment,0
TXN101106,2023.88,298,Mumbai,Bank Transfer,0
TXN101107,382.44,100,Hyderabad,Online,0
TXN101108,587.71,1079,Bengaluru,ATM,0
TXN101109,7435.58,331,Hyderabad,POS,0
TXN101110,2902.99,835,Delhi,ATM,1
TXN101111,1362.99,392,Nashik,Online,0
TXN101112,2617.74,873,Bengaluru,Online,0
TXN101113,1800.25,380,Hyderabad,Mobile Payment,0
TXN101114,1274.64,91,Bengaluru,ATM,0
TXN101115,1579.65,446,Hyderabad,Online,0
TXN101116,12129.74,108,Mumbai,ATM,0
TXN101117,1035.23,316,Hyderabad,Online,0
TXN101118,1340.9,1191,Bengaluru,POS,0
TXN101119,3135.85,441,Nashik,Online,0
TXN101120,3312.72,217,Pune,ATM,0
TXN101121,3594.03,1245,Delhi,Mobile Payment,0
TXN101122,2077.1,672,Pune,ATM,0
TXN101123,349.67,277,Delhi,Bank Transfer,0
TXN101124,17059.78,1008,Bengaluru,ATM,1
TXN101125,348.51,568,Delhi,POS,0
TXN101126,1484.21,1009,Hyderabad,POS,0
TXN101127,515.8,874,Mumbai,POS,0
TXN101128,1028.51,465,Nashik,Online,0
TXN101129,1523.5,838,Delhi,POS,0
TXN101130,1512.26,753,Nashik,ATM,0
TXN101131,1672.24,837,Delhi,Mobile Payment,0
TXN101132,5506.65,29,Nashik,POS,0
TXN101133,1725.95,358,Pune,ATM,0
TXN101134,859.06,1311,Mumbai,Online,0
TXN101135,2875.8,85,Delhi,Online,0
TXN101136,3602.81,1257,Nagpur,Mobile Payment,0
TXN101137,321.31,746,Nashik,Mobile Payment,0
TXN101138,1993.01,312,Nashik,ATM,0
TXN101139,2210.94,364,Hyderabad,Mobile Payment,0
TXN101140,814.39,904,Nagpur,Mobile Payment,0
TXN101141,4340.34,1292,Mumbai,Online,0
TXN101142,943.83,697,Nashik,ATM,0
TXN101143,1243.36,130,Mumbai,Mobile Payment,0
TXN101144,922.35,802,Nashik,ATM,0
TXN101145,1113.85,788,Bengaluru,POS,0
TXN101146,366.4,350,Aurangabad,Online,0
TXN101147,259.81,179,Bengaluru,Online,0
TXN101148,5401.89,1186,Nashik,Online,0
TXN101149,470.14,1119,Aurangabad,Bank Transfer,0
TXN101150,406.92,773,Delhi,ATM,0
TXN101151,127.31,509,Mumbai,POS,0
TXN101152,1544.45,364,Nashik,Mobile Payment,1
TXN101153,292.05,980,Hyderabad,POS,0
TXN101154,5664.73,352,Pune,ATM,0
TXN101155,3010.37,799,Hyderabad,Online,0
TXN101156,551.06,1106,Pune,Bank Transfer,0
TXN101157,10429.94,1248,Nagpur,ATM,0
TXN101158,2927.09,411,Pune,ATM,0
TXN101159,792.48,734,Aurangabad,Mobile Payment,0
TXN101160,90.07,980,Pune,POS,0
TXN101161,10839.4,117,Pune,POS,0
TXN101162,599.97,481,Pune,Mobile Payment,1
TXN101163,211.58,191,Nashik,Bank Transfer,0
TXN101164,3049.0,590,Nagpur,Online,0
TXN101165,12578.6,589,Mumbai,Online,0
TXN101166,17333.83,658,Nagpur,Bank Transfer,1
TXN101167,1927.37,106,Hyderabad,Mobile Payment,0
TXN101168,1987.74,381,Aurangabad,ATM,0
TXN101169,2574.51,782,Nashik,POS,0
TXN101170,2342.39,389,Delhi,ATM,0
TXN101171,1452.72,243,Nashik,POS,0
TXN101172,1217.07,584,Bengaluru,ATM,0
TXN101173,1030.1,868,Pune,Mobile Payment,0
TXN101174,515.96,467,Hyderabad,Mobile Payment,0
TXN101175,828.26,865,Pune,Bank Transfer,0
TXN101176,201.75,933,Aurangabad,ATM,0
TXN101177,993.92,1233,Delhi,ATM,0
TXN101178,408.06,603,Hyderabad,Bank Transfer,0
TXN101179,363.73,1014,Bengaluru,Bank Transfer,0
TXN101180,1312.77,1096,Nashik,Mobile Payment,0
TXN101181,4411.64,1332,Delhi,Mobile Payment,0
TXN101182,2747.14,859,Mumbai,ATM,0
TXN101183,228.04,1209,Nagpur,Mobile Payment,0
TXN101184,407.63,1276,Nashik,Mobile Payment,0
TXN101185,2809.53,12,Delhi,ATM,0
TXN101186,410.56,298,Mumbai,Bank Transfer,0
TXN101187,876.0,1099,Mumbai,ATM,0
TXN101188,1900.84,1074,Bengaluru,Online,0
TXN101189,416.4,786,Bengaluru,ATM,0
TXN101190,1218.5,148,Nagpur,Online,0
TXN101191,288.87,121,Mumbai,ATM,0
TXN101192,601.02,1234,Hyderabad,Online,0
TXN101193,1509.87,1303,Aurangabad,Online,0
TXN101194,222.96,537,Mumbai,ATM,0
TXN101195,1703.56,1179,Delhi,Mobile Payment,0
TXN101196,1075.31,1261,Bengaluru,POS,0
TXN101197,1905.48,375,Aurangabad,Mobile Payment,0
TXN101198,1371.85,81,Hyderabad,Online,0
TXN101199,4290.42,491,Bengaluru,ATM,0
TXN101200,1242.93,355,Hyderabad,ATM,0
TXN101201,713.79,924,Bengaluru,ATM,0
TXN101202,1239.29,1296,Bengaluru,ATM,0
TXN101203,1888.05,1067,Mumbai,POS,0
TXN101204,1151.55,1004,Pune,Bank Transfer,0
TXN101205,1142.06,122,Mumbai,Online,0
TXN101206,1508.77,1372,Bengaluru,POS,1
TXN101207,565.15,707,Aurangabad,Mobile Payment,0
TXN101208,269.72,329,Mumbai,Bank Transfer,0
TXN101209,6308.02,1432,Bengaluru,Bank Transfer,0
TXN101210,316.12,990,Bengaluru,ATM,0
TXN101211,548.45,322,Mumbai,POS,0
TXN101212,534.64,1134,Mumbai,Mobile Payment,0
TXN101213,2683.63,769,Aurangabad,ATM,0
TXN101214,816.52,1112,Hyderabad,ATM,0
TXN101215,3818.99,432,Mumbai,Online,0
TXN101216,559.2,709,Nagpur,Bank Transfer,0
TXN101217,1449.53,793,Delhi,Mobile Payment,0
TXN101218,475.64,711,Nagpur,Bank Transfer,0
TXN101219,9368.88,1122,Aurangabad,POS,0
TXN101220,334.42,538,Pune,Online,0
TXN101221,3883.04,600,Nagpur,ATM,1
TXN101222,2066.84,1169,Hyderabad,Online,0
TXN101223,1658.72,256,Bengaluru,ATM,0
TXN101224,911.15,1212,Delhi,Online,0
TXN101225,963.12,1263,Nashik,ATM,0
TXN101226,1145.75,870,Delhi,Bank Transfer,0
TXN101227,946.71,898,Nagpur,Bank Transfer,0
TXN101228,2875.2,808,Nashik,Bank Transfer,0
TXN101229,10001.83,676,Aurangabad,Bank Transfer,0
TXN101230,627.98,270,Hyderabad,Online,0
TXN101231,278.72,549,Delhi,ATM,0
TXN101232,1003.97,1137,Pune,Bank Transfer,0
TXN101233,14468.21,1362,Nashik,Online,0
TXN101234,490.94,567,Nashik,ATM,0
TXN101235,5648.34,985,Delhi,Online,0
TXN101236,5870.53,358,Nagpur,Bank Transfer,0
TXN101237,630.44,1357,Nashik,POS,0
TXN101238,1937.17,1192,Aurangabad,Online,0
TXN101239,5588.11,1362,Delhi,Bank Transfer,0
TXN101240,750.6,797,Aurangabad,Mobile Payment,0
TXN101241,894.64,1284,Delhi,ATM,0
TXN101242,612.97,886,Aurangabad,Bank Transfer,0
TXN101243,397.52,1222,Nagpur,Mobile Payment,0
TXN101244,572.91,210,Delhi,Online,0
TXN101245,322.49,286,Hyderabad,Online,0
TXN101246,1134.65,742,Bengaluru,Mobile Payment,0
TXN101247,507.77,1046,Pune,Mobile Payment,0
TXN101248,1385.46,1132,Nagpur,ATM,0
TXN101249,231.39,295,Aurangabad,Online,0
TXN101250,1526.73,5,Hyderabad,Mobile Payment,0
TXN101251,2523.82,549,Delhi,POS,0
TXN101252,149.35,680,Nagpur,POS,0
TXN101253,1594.09,794,Aurangabad,Mobile Payment,0
TXN101254,3743.1,202,Mumbai,ATM,0
TXN101255,327.13,324,Mumbai,Online,0
TXN101256,5840.5,824,Nashik,POS,0
TXN101257,1667.4,243,Pune,Mobile Payment,0
TXN101258,541.85,326,Mumbai,Mobile Payment,0
TXN101259,1037.15,986,Bengaluru,Bank Transfer,0
TXN101260,1916.64,1070,Aurangabad,Mobile Payment,0
TXN101261,1183.23,760,Nagpur,ATM,0
TXN101262,1879.49,1036,Delhi,POS,0
TXN101263,436.73,906,Nagpur,Bank Transfer,0
TXN101264,1299.01,1403,Nashik,POS,0
TXN101265,266.74,364,Hyderabad,POS,0
TXN101266,981.2,1365,Nagpur,ATM,0
TXN101267,444.12,1244,Mumbai,Mobile Payment,0
TXN101268,525.56,72,Nagpur,ATM,0
TXN101269,3774.76,1069,Mumbai,Mobile Payment,0
TXN101270,3265.96,273,Mumbai,Bank Transfer,0
TXN101271,2016.54,207,Pune,ATM,0
TXN101272,367.85,123,Nashik,ATM,0
TXN101273,799.18,1033,Bengaluru,Online,0
TXN101274,3688.95,1352,Bengaluru,ATM,0
TXN101275,2664.76,1210,Aurangabad,Online,1
TXN101276,11151.5,542,Bengaluru,Mobile Payment,0
TXN101277,1625.09,59,Mumbai,Mobile Payment,0
TXN101278,1328.82,898,Delhi,Mobile Payment,0
TXN101279,805.03,885,Nashik,Online,0
TXN101280,1253.31,781,Aurangabad,Mobile Payment,0
TXN101281,941.55,441,Bengaluru,POS,0
TXN101282,2226.33,1240,Bengaluru,ATM,0
TXN101283,2854.64,910,Delhi,Online,0
TXN101284,499.7,1025,Nagpur,Mobile Payment,0
TXN101285,1070.74,831,Nashik,POS,1
TXN101286,174.83,1007,Delhi,ATM,0
TXN101287,4771.26,1379,Bengaluru,ATM,1
TXN101288,363.81,625,Nashik,Mobile Payment,0
TXN101289,127.37,1188,Nashik,POS,0
TXN101290,1617.41,997,Bengaluru,Online,0
TXN101291,13266.53,733,Nagpur,Mobile Payment,0
TXN101292,1090.0,90,Nagpur,ATM,0
TXN101293,2536.37,166,Bengaluru,ATM,0
TXN101294,1190.14,958,Nashik,ATM,0
TXN101295,993.38,206,Delhi,Mobile Payment,0
TXN101296,2749.23,1305,Pune,Bank Transfer,0
TXN101297,820.35,1088,Mumbai,Bank Transfer,0
TXN101298,1432.81,515,Nagpur,Bank Transfer,0
TXN101299,1512.77,1180,Bengaluru,POS,0
TXN101300,562.23,746,Hyderabad,Mobile Payment,0
TXN101301,2957.33,305,Pune,ATM,0
TXN101302,920.61,394,Nagpur,POS,0
TXN101303,515.05,1097,Hyderabad,Bank Transfer,0
TXN101304,1875.27,186,Nashik,Online,0
TXN101305,1731.6,1360,Bengaluru,POS,1
TXN101306,1127.98,622,Pune,POS,0
TXN101307,1086.68,729,Bengaluru,Mobile Payment,0
TXN101308,3248.33,239,Delhi,POS,0
TXN101309,1762.87,532,Delhi,Mobile Payment,0
TXN101310,1069.53,140,Aurangabad,Online,0
TXN101311,2484.35,1288,Mumbai,ATM,0
TXN101312,4403.73,138,Mumbai,ATM,0
TXN101313,1915.65,458,Nagpur,Bank Transfer,0
TXN101314,1108.05,69,Mumbai,Bank Transfer,0
TXN101315,295.35,384,Bengaluru,Online,0
TXN101316,378.0,629,Bengaluru,ATM,0
TXN101317,808.17,197,Aurangabad,Bank Transfer,0
TXN101318,596.15,204,Hyderabad,POS,0
TXN101319,909.62,567,Delhi,Mobile Payment,0
TXN101320,1160.55,981,Hyderabad,Bank Transfer,0
TXN101321,1862.53,804,Hyderabad,Online,0
TXN101322,1021.98,858,Pune,ATM,0
TXN101323,1783.8,881,Pune,Online,0
TXN101324,1169.67,973,Delhi,Mobile Payment,0
TXN101325,517.84,639,Nashik,Mobile Payment,1
TXN101326,428.66,324,Delhi,Online,0
TXN101327,949.48,441,Pune,Bank Transfer,0
TXN101328,327.11,803,Hyderabad,Bank Transfer,0
TXN101329,1998.05,287,Nagpur,ATM,0
TXN101330,5068.25,225,Aurangabad,ATM,0
TXN101331,3709.91,1087,Hyderabad,POS,0
TXN101332,885.86,966,Delhi,POS,0
TXN101333,4869.4,937,Nashik,ATM,0
TXN101334,1272.41,559,Hyderabad,POS,0
TXN101335,2355.34,713,Nagpur,Online,1
TXN101336,593.83,497,Delhi,Bank Transfer,0
TXN101337,810.4,848,Nagpur,POS,0
TXN101338,743.84,925,Hyderabad,POS,0
TXN101339,1300.39,59,Delhi,Online,0
TXN101340,1287.65,1420,Nagpur,Mobile Payment,0
TXN101341,1099.98,256,Bengaluru,ATM,0
TXN101342,3062.29,576,Mumbai,Online,1
TXN101343,3607.05,238,Nagpur,Mobile Payment,0
TXN101344,2834.31,37,Bengaluru,Online,0
TXN101345,248.42,24,Hyderabad,Bank Transfer,0
TXN101346,85.29,409,Mumbai,Online,0
TXN101347,2791.46,460,Pune,Online,0
TXN101348,279.53,987,Mumbai,Bank Transfer,0
TXN101349,875.88,356,Nagpur,ATM,0
TXN101350,340.32,382,Aurangabad,Mobile Payment,0
TXN101351,180.91,1181,Aurangabad,POS,0
TXN101352,1884.58,568,Pune,ATM,0
TXN101353,2342.92,1071,Nagpur,Online,0
TXN101354,616.15,1351,Mumbai,POS,0
TXN101355,82.18,432,Aurangabad,Bank Transfer,0
TXN101356,1482.14,55,Delhi,ATM,1
TXN101357,1622.63,576,Nashik,Mobile Payment,0
TXN101358,249.91,267,Nagpur,ATM,0
TXN101359,1317.33,68,Bengaluru,ATM,0
TXN101360,1079.97,901,Bengaluru,POS,0
TXN101361,1957.24,792,Delhi,Bank Transfer,0
TXN101362,1235.93,256,Delhi,Bank Transfer,0
TXN101363,414.44,671,Nagpur,ATM,0
TXN101364,3628.49,489,Nashik,Bank Transfer,0
TXN101365,935.86,745,Aurangabad,POS,0
TXN101366,1067.1,48,Nashik,POS,0
TXN101367,1396.69,315,Pune,Mobile Payment,1
TXN101368,703.96,412,Mumbai,Bank Transfer,0
TXN101369,452.69,433,Mumbai,Mobile Payment,0
TXN101370,922.47,1025,Delhi,Online,0
TXN101371,6073.61,1168,Aurangabad,POS,0
TXN101372,278.13,1389,Nashik,ATM,0
TXN101373,218.42,419,Delhi,POS,0
TXN101374,4775.1,843,Nagpur,Online,0
TXN101375,889.51,915,Delhi,ATM,0
TXN101376,561.68,433,Nagpur,Bank Transfer,0
TXN101377,3102.32,642,Nagpur,Bank Transfer,0
TXN101378,598.47,56,Pune,POS,0
TXN101379,6809.06,963,Pune,ATM,0
TXN101380,2160.13,976,Nagpur,ATM,0
TXN101381,673.23,1201,Hyderabad,Mobile Payment,0
TXN101382,9483.5,1316,Aurangabad,Online,0
TXN101383,598.42,45,Pune,Bank Transfer,0
TXN101384,2303.29,1193,Pune,POS,0
TXN101385,1479.25,1294,Mumbai,ATM,0
TXN101386,4030.89,416,Delhi,Bank Transfer,0
TXN101387,5226.57,847,Mumbai,POS,0
TXN101388,4214.91,138,Aurangabad,Bank Transfer,1
TXN101389,516.25,246,Pune,POS,0
TXN101390,1737.1,1171,Bengaluru,Bank Transfer,0
TXN101391,556.84,229,Hyderabad,Mobile Payment,0
TXN101392,8212.29,791,Pune,Online,0
TXN101393,1257.07,636,Nashik,Bank Transfer,0
TXN101394,761.03,373,Aurangabad,Online,0
TXN101395,1319.07,1103,Bengaluru,Bank Transfer,0
TXN101396,285.11,737,Delhi,ATM,0
TXN101397,415.04,1088,Delhi,Mobile Payment,0
TXN101398,3642.46,87,Bengaluru,Mobile Payment,0
TXN101399,568.56,1111,Delhi,Online,0
TXN101400,384.94,712,Hyderabad,ATM,0
TXN101401,1875.54,1227,Bengaluru,POS,0
TXN101402,3589.27,1405,Aurangabad,Mobile Payment,0
TXN101403,2250.6,600,Bengaluru,ATM,0
TXN101404,2969.2,538,Bengaluru,ATM,0
TXN101405,514.5,213,Nashik,Online,0
TXN101406,264.59,73,Nashik,ATM,0
TXN101407,4921.33,60,Mumbai,ATM,0
TXN101408,794.19,697,Aurangabad,POS,0
TXN101409,853.35,1242,Aurangabad,Online,0
TXN101410,4138.94,11,Nashik,Online,0
TXN101411,1912.62,813,Nagpur,ATM,0
TXN101412,1730.02,1438,Nagpur,POS,0
TXN101413,9556.74,31,Mumbai,Bank Transfer,0
TXN101414,576.22,1183,Hyderabad,Mobile Payment,0
TXN101415,2773.43,1000,Nagpur,Online,0
TXN101416,1160.97,236,Nagpur,POS,0
TXN101417,1434.53,1204,Nagpur,POS,0
TXN101418,5056.7,557,Hyderabad,ATM,0
TXN101419,1822.27,1364,Pune,Mobile Payment,0
TXN101420,1878.63,1103,Mumbai,Online,0
TXN101421,3205.13,646,Nashik,Bank Transfer,0
TXN101422,761.32,986,Nagpur,ATM,0
TXN101423,473.8,819,Delhi,Online,0
TXN101424,385.75,472,Bengaluru,Online,0
TXN101425,153.49,111,Pune,POS,0
TXN101426,8571.58,1315,Hyderabad,Mobile Payment,0
TXN101427,363.87,382,Hyderabad,Bank Transfer,0
TXN101428,878.97,16,Hyderabad,Mobile Payment,0
TXN101429,831.46,492,Nagpur,POS,0
TXN101430,1491.3,1354,Bengaluru,Bank Transfer,0
TXN101431,2479.31,925,Bengaluru,Bank Transfer,0
TXN101432,2592.75,1429,Pune,ATM,0
TXN101433,612.12,116,Mumbai,Bank Transfer,0
TXN101434,927.86,879,Hyderabad,Online,0
TXN101435,1454.74,114,Delhi,Mobile Payment,0
TXN101436,855.18,813,Delhi,Mobile Payment,0
TXN101437,5471.71,643,Delhi,ATM,0
TXN101438,1791.8,1359,Hyderabad,Bank Transfer,0
TXN101439,2286.73,335,Nagpur,POS,0
TXN101440,2127.88,921,Pune,Online,0
TXN101441,3545.64,146,Hyderabad,ATM,0
TXN101442,1314.25,121,Delhi,Bank Transfer,0
TXN101443,299.82,80,Bengaluru,POS,0
TXN101444,1635.47,684,Hyderabad,Bank Transfer,0
TXN101445,571.72,661,Bengaluru,ATM,0
TXN101446,646.38,374,Aurangabad,POS,0
TXN101447,1971.13,62,Hyderabad,POS,0
TXN101448,3783.04,503,Aurangabad,POS,0
TXN101449,1120.21,667,Pune,POS,0
TXN101450,1493.43,448,Hyderabad,Bank Transfer,0
TXN101451,6016.22,867,Nagpur,POS,0
TXN101452,1395.14,1345,Nagpur,Bank Transfer,0
TXN101453,14789.65,679,Mumbai,POS,0
TXN101454,1930.45,1189,Mumbai,POS,0
TXN101455,188.53,460,Delhi,ATM,0
TXN101456,2329.34,458,Nashik,Bank Transfer,0
TXN101457,5314.68,1212,Bengaluru,Bank Transfer,1
TXN101458,3982.85,463,Mumbai,Mobile Payment,0
TXN101459,2149.91,911,Nagpur,ATM,0
TXN101460,954.84,378,Bengaluru,Bank Transfer,0
TXN101461,322.37,1025,Nashik,ATM,0
TXN101462,889.78,363,Mumbai,ATM,0
TXN101463,468.47,71,Pune,ATM,0
TXN101464,613.68,637,Aurangabad,Online,0
TXN101465,1975.5,1193,Mumbai,Bank Transfer,0
TXN101466,5824.94,1228,Hyderabad,ATM,0
TXN101467,1627.29,336,Mumbai,Online,0
TXN101468,331.66,194,Hyderabad,Online,0
TXN101469,1710.61,1011,Pune,POS,0
TXN101470,3628.71,652,Nagpur,POS,0
TXN101471,595.99,1298,Delhi,Bank Transfer,0
TXN101472,959.09,6,Pune,POS,0
TXN101473,1112.86,904,Delhi,Bank Transfer,0
TXN101474,500.25,978,Mumbai,Online,0
TXN101475,2097.04,565,Nagpur,Online,0
TXN101476,971.7,615,Nashik,Bank Transfer,0
TXN101477,1668.25,572,Mumbai,POS,0
TXN101478,451.47,598,Pune,POS,0
TXN101479,708.07,769,Nashik,Bank Transfer,0
TXN101480,2258.33,1201,Aurangabad,Mobile Payment,0
TXN101481,755.34,241,Nashik,POS,0
TXN101482,6166.98,1226,Pune,ATM,0
TXN101483,735.36,1103,Bengaluru,POS,0
TXN101484,1372.91,765,Nashik,Mobile Payment,0
TXN101485,2786.64,383,Pune,Online,0
TXN101486,265.51,390,Bengaluru,Online,0
TXN101487,188.52,895,Mumbai,Online,0
TXN101488,238.49,687,Bengaluru,POS,0
TXN101489,3876.1,1149,Nagpur,Online,0
TXN101490,631.53,46,Aurangabad,Mobile Payment,0
TXN101491,14160.32,618,Bengaluru,Mobile Payment,0
TXN101492,623.75,463,Nagpur,POS,0
TXN101493,1318.9,122,Nagpur,ATM,0
TXN101494,5126.15,133,Nagpur,POS,0
TXN101495,8152.61,840,Bengaluru,Online,0
TXN101496,8617.1,848,Pune,POS,0
TXN101497,3671.54,606,Hyderabad,Mobile Payment,0
TXN101498,3053.56,22,Pune,POS,0
TXN101499,1983.32,565,Aurangabad,POS,0
TXN101500,2388.36,765,Pune,ATM,0
TXN101501,631.95,964,Delhi,Mobile Payment,0
TXN101502,483.86,234,Pune,Bank Transfer,0
TXN101503,1092.94,995,Pune,Bank Transfer,0
TXN101504,925.02,1082,Pune,Mobile Payment,0
TXN101505,696.99,1187,Mumbai,Bank Transfer,0
TXN101506,2200.38,825,Aurangabad,Online,0
TXN101507,2850.66,215,Delhi,Bank Transfer,0
TXN101508,1198.0,1206,Pune,Online,0
TXN101509,4805.57,656,Hyderabad,Mobile Payment,0
TXN101510,350.13,934,Aurangabad,Bank Transfer,0
TXN101511,903.56,1113,Nashik,Bank Transfer,0
TXN101512,535.49,310,Mumbai,Online,0
TXN101513,169.6,556,Bengaluru,Online,0
TXN101514,1009.61,971,Hyderabad,POS,0
TXN101515,970.93,256,Pune,ATM,0
TXN101516,4981.32,532,Hyderabad,Bank Transfer,0
TXN101517,2060.72,51,Delhi,ATM,0
TXN101518,393.79,1361,Mumbai,ATM,0
TXN101519,7002.99,1194,Delhi,Bank Transfer,0
TXN101520,3718.34,1090,Bengaluru,Online,0
TXN101521,1962.74,299,Bengaluru,POS,0
TXN101522,874.38,671,Hyderabad,Mobile Payment,0
TXN101523,420.13,777,Mumbai,Bank Transfer,0
TXN101524,755.81,831,Nashik,Bank Transfer,0
TXN101525,3257.61,231,Hyderabad,Mobile Payment,0
TXN101526,7219.83,974,Aurangabad,ATM,0
TXN101527,5131.96,1091,Mumbai,POS,0
TXN101528,672.6,27,Nagpur,ATM,0
TXN101529,357.95,1074,Bengaluru,Mobile Payment,0
TXN101530,1262.55,1283,Nashik,Mobile Payment,0
TXN101531,187.08,590,Hyderabad,POS,0
TXN101532,1515.0,784,Bengaluru,Mobile Payment,0
TXN101533,946.15,619,Nagpur,Mobile Payment,0
TXN101534,688.12,585,Nashik,POS,0
TXN101535,222.58,1001,Bengaluru,Bank Transfer,0
TXN101536,1832.8,183,Nagpur,ATM,0
TXN101537,643.74,1046,Nagpur,Bank Transfer,0
TXN101538,340.39,128,Bengaluru,Bank Transfer,0
TXN101539,62.04,290,Hyderabad,ATM,0
TXN101540,1066.87,500,Bengaluru,Bank Transfer,0
TXN101541,6452.68,185,Delhi,POS,0
TXN101542,12859.53,478,Mumbai,ATM,1
TXN101543,694.3,491,Mumbai,Online,0
TXN101544,600.52,512,Nashik,Bank Transfer,0
TXN101545,1752.46,1090,Aurangabad,Mobile Payment,0
TXN101546,404.08,466,Bengaluru,ATM,0
TXN101547,3167.89,284,Hyderabad,Online,1
TXN101548,2359.21,600,Delhi,Mobile Payment,0
TXN101549,13214.58,1123,Mumbai,Online,1
TXN101550,992.12,188,Mumbai,Bank Transfer,0
TXN101551,894.55,988,Hyderabad,Mobile Payment,0
TXN101552,455.78,889,Delhi,Bank Transfer,0
TXN101553,479.68,387,Pune,Mobile Payment,0
TXN101554,874.39,240,Delhi,ATM,0
TXN101555,1583.46,416,Hyderabad,POS,0
TXN101556,2734.17,175,Mumbai,POS,0
TXN101557,491.19,386,Aurangabad,Online,0
TXN101558,4878.97,852,Pune,Mobile Payment,0
TXN101559,836.21,1256,Hyderabad,Bank Transfer,0
TXN101560,1073.45,662,Hyderabad,ATM,0
TXN101561,519.46,451,Nagpur,ATM,0
TXN101562,97.1,276,Delhi,ATM,0
TXN101563,2654.59,1252,Nagpur,POS,0
TXN101564,2291.23,1194,Pune,Bank Transfer,0
TXN101565,827.72,212,Pune,ATM,0
TXN101566,1172.61,1305,Pune,ATM,0
TXN101567,1837.09,40,Nashik,Online,0
TXN101568,229.86,1145,Delhi,Mobile Payment,0
TXN101569,646.1,1250,Hyderabad,Mobile Payment,0
TXN101570,2426.64,293,Bengaluru,Mobile Payment,0
TXN101571,312.85,599,Aurangabad,Online,0
TXN101572,1470.79,1290,Aurangabad,POS,0
TXN101573,282.43,540,Hyderabad,Online,0
TXN101574,1748.35,450,Nagpur,ATM,0
TXN101575,1058.24,1084,Hyderabad,Bank Transfer,0
TXN101576,218.08,1170,Nagpur,ATM,0
TXN101577,3514.81,789,Bengaluru,ATM,0
TXN101578,526.06,333,Nagpur,Bank Transfer,0
TXN101579,487.72,890,Delhi,Mobile Payment,0
TXN101580,1340.19,1165,Mumbai,Online,0
TXN101581,3458.66,43,Nagpur,POS,0
TXN101582,397.1,143,Pune,ATM,0
TXN101583,1166.4,332,Nagpur,ATM,0
TXN101584,1683.81,997,Pune,POS,0
TXN101585,2193.18,1419,Nashik,Online,0
TXN101586,1308.24,54,Mumbai,ATM,0
TXN101587,759.74,1330,Mumbai,POS,0
TXN101588,479.34,869,Bengaluru,ATM,0
TXN101589,1195.29,796,Delhi,Mobile Payment,0
TXN101590,375.35,324,Hyderabad,Mobile Payment,0
TXN101591,59.07,79,Delhi,ATM,0
TXN101592,1696.9,1054,Aurangabad,ATM,0
TXN101593,2707.92,984,Nashik,Mobile Payment,0
TXN101594,103.24,1135,Bengaluru,ATM,0
TXN101595,399.52,557,Delhi,Online,0
TXN101596,2036.84,864,Pune,Online,0
TXN101597,8582.63,716,Nashik,Bank Transfer,0
TXN101598,2706.44,471,Mumbai,Online,1
TXN101599,529.53,73,Hyderabad,ATM,0
TXN101600,913.34,588,Hyderabad,ATM,0
TXN101601,4336.73,1410,Pune,POS,0
TXN101602,574.81,563,Bengaluru,Online,0
TXN101603,493.15,1435,Bengaluru,Mobile Payment,0
TXN101604,676.72,466,Nashik,Mobile Payment,0
TXN101605,422.7,598,Mumbai,Bank Transfer,0
TXN101606,1239.76,991,Delhi,POS,0
TXN101607,5567.37,736,Pune,Mobile Payment,0
TXN101608,1514.86,993,Pune,Bank Transfer,0
TXN101609,852.05,247,Mumbai,Online,0
TXN101610,819.09,1143,Pune,POS,0
TXN101611,229.71,66,Hyderabad,POS,0
TXN101612,2652.11,572,Delhi,ATM,0
TXN101613,1014.51,1350,Delhi,Online,0
TXN101614,915.55,702,Delhi,POS,0
TXN101615,26718.4,469,Mumbai,Bank Transfer,0
TXN101616,1478.46,492,Nagpur,Mobile Payment,0
TXN101617,517.09,662,Nagpur,Online,0
TXN101618,715.97,285,Bengaluru,Online,0
TXN101619,3458.0,311,Bengaluru,POS,0
TXN101620,1228.16,308,Hyderabad,POS,0
TXN101621,260.27,774,Pune,POS,0
TXN101622,2749.65,1120,Delhi,Bank Transfer,0
TXN101623,562.2,964,Pune,ATM,0
TXN101624,7138.78,1136,Mumbai,POS,0
TXN101625,3229.39,455,Pune,ATM,0
TXN101626,701.12,131,Aurangabad,ATM,0
TXN101627,3948.21,929,Nagpur,Online,0
TXN101628,1173.63,964,Pune,Mobile Payment,0
TXN101629,2572.86,928,Pune,Mobile Payment,0
TXN101630,1780.65,120,Nashik,Bank Transfer,0
TXN101631,470.43,1220,Hyderabad,Bank Transfer,0
TXN101632,576.2,633,Pune,Mobile Payment,0
TXN101633,3071.62,896,Aurangabad,Mobile Payment,0
TXN101634,784.64,771,Nagpur,Online,0
TXN101635,732.42,1062,Nashik,Online,0
TXN101636,1538.36,565,Hyderabad,Mobile Payment,1
TXN101637,1675.05,511,Mumbai,POS,0
TXN101638,8625.9,1184,Bengaluru,POS,0
TXN101639,377.08,288,Mumbai,Online,0
TXN101640,1123.52,199,Nagpur,ATM,0
TXN101641,4501.75,527,Bengaluru,Mobile Payment,0
TXN101642,1012.68,916,Mumbai,Bank Transfer,0
TXN101643,1723.95,1271,Hyderabad,POS,0
TXN101644,379.03,1406,Aurangabad,ATM,0
TXN101645,1682.96,1241,Pune,POS,0
TXN101646,909.46,1110,Nagpur,ATM,0
TXN101647,2938.72,1105,Bengaluru,Mobile Payment,0
TXN101648,12290.19,1085,Nashik,Mobile Payment,1
TXN101649,14611.49,798,Pune,Mobile Payment,0
TXN101650,5907.99,1065,Mumbai,Online,1
TXN101651,1518.98,11,Mumbai,ATM,0
TXN101652,1331.93,832,Nashik,Bank Transfer,0
TXN101653,770.34,840,Aurangabad,Bank Transfer,0
TXN101654,1538.38,642,Hyderabad,Mobile Payment,0
TXN101655,816.15,1138,Hyderabad,Bank Transfer,0
TXN101656,1297.85,1241,Nashik,POS,0
TXN101657,4095.31,105,Nagpur,ATM,0
TXN101658,400.8,690,Nashik,ATM,0
TXN101659,3428.5,527,Mumbai,ATM,0
TXN101660,4093.33,845,Aurangabad,POS,0
TXN101661,974.51,892,Aurangabad,Online,0
TXN101662,131.39,386,Delhi,POS,0
TXN101663,597.16,1249,Nashik,ATM,0
TXN101664,4011.8,480,Nagpur,ATM,0
TXN101665,1071.84,407,Mumbai,ATM,0
TXN101666,403.71,897,Pune,Bank Transfer,0
TXN101667,661.97,710,Hyderabad,Online,0
TXN101668,2541.78,638,Hyderabad,POS,0
TXN101669,1894.54,1044,Hyderabad,ATM,0
TXN101670,2603.43,814,Aurangabad,Mobile Payment,1
TXN101671,759.89,917,Hyderabad,Online,0
TXN101672,741.18,202,Nashik,Mobile Payment,0
TXN101673,435.98,416,Delhi,Online,0
TXN101674,5515.82,415,Nagpur,ATM,0
TXN101675,794.47,84,Nagpur,Online,0
TXN101676,3703.96,166,Bengaluru,Online,0
TXN101677,5020.66,383,Hyderabad,ATM,0
TXN101678,2975.93,467,Mumbai,Mobile Payment,0
TXN101679,712.21,1095,Aurangabad,Mobile Payment,0
TXN101680,1642.1,809,Mumbai,Bank Transfer,0
TXN101681,1070.42,996,Hyderabad,Mobile Payment,0
TXN101682,444.21,472,Delhi,Mobile Payment,0
TXN101683,1516.8,992,Pune,Online,0
TXN101684,337.3,1281,Hyderabad,Bank Transfer,0
TXN101685,3596.37,274,Pune,ATM,0
TXN101686,689.1,1043,Pune,ATM,0
TXN101687,2762.7,489,Nagpur,POS,1
TXN101688,1455.77,325,Aurangabad,Bank Transfer,0
TXN101689,846.49,528,Hyderabad,Online,0
TXN101690,1971.78,891,Mumbai,POS,0
TXN101691,682.05,88,Mumbai,POS,0
TXN101692,2620.96,485,Delhi,ATM,0
TXN101693,285.44,707,Pune,Mobile Payment,0
TXN101694,1244.36,349,Aurangabad,Online,0
TXN101695,7623.03,1107,Aurangabad,Bank Transfer,0
TXN101696,403.3,386,Delhi,POS,0
TXN101697,556.83,86,Nashik,Online,0
TXN101698,1833.36,306,Aurangabad,ATM,0
TXN101699,1312.36,1177,Aurangabad,POS,0
TXN101700,1557.18,439,Mumbai,POS,0
TXN101701,1788.6,739,Delhi,ATM,0
TXN101702,2068.79,263,Hyderabad,ATM,0
TXN101703,3326.58,976,Aurangabad,ATM,0
TXN101704,1652.13,734,Aurangabad,Online,0
TXN101705,861.56,420,Mumbai,Online,0
TXN101706,2148.6,492,Hyderabad,Online,0
TXN101707,7331.11,632,Hyderabad,Mobile Payment,0
TXN101708,960.42,992,Aurangabad,POS,0
TXN101709,413.84,410,Mumbai,Online,0
TXN101710,3317.88,172,Nashik,Mobile Payment,0
TXN101711,972.26,3,Nagpur,POS,0
TXN101712,124.88,853,Bengaluru,Online,0
TXN101713,2559.13,985,Mumbai,ATM,0
TXN101714,2144.41,1133,Mumbai,Bank Transfer,1
TXN101715,1001.71,1060,Aurangabad,Online,0
TXN101716,1528.41,582,Mumbai,Bank Transfer,0
TXN101717,4571.67,1054,Delhi,Online,1
TXN101718,2229.32,380,Pune,ATM,0
TXN101719,709.47,1291,Pune,Bank Transfer,0
TXN101720,1831.89,1034,Nashik,Mobile Payment,0
TXN101721,3090.85,343,Hyderabad,ATM,1
TXN101722,2295.74,165,Mumbai,Bank Transfer,0
TXN101723,6767.47,699,Hyderabad,Bank Transfer,1
TXN101724,430.33,341,Delhi,ATM,0
TXN101725,3248.61,1042,Aurangabad,ATM,0
TXN101726,641.65,979,Aurangabad,ATM,0
TXN101727,2460.35,1207,Bengaluru,POS,0
TXN101728,1583.33,544,Nagpur,Mobile Payment,0
TXN101729,6892.46,1033,Nashik,Online,0
TXN101730,877.02,191,Delhi,Bank Transfer,0
TXN101731,773.31,319,Hyderabad,Online,0
TXN101732,1075.54,579,Delhi,ATM,0
TXN101733,809.83,474,Bengaluru,Mobile Payment,0
TXN101734,2440.46,636,Bengaluru,Mobile Payment,0
TXN101735,217.82,426,Aurangabad,POS,0
TXN101736,1211.69,1082,Hyderabad,ATM,1
TXN101737,376.98,96,Nagpur,Bank Transfer,0
TXN101738,2836.45,495,Aurangabad,POS,0
TXN101739,6066.96,660,Nagpur,ATM,0
TXN101740,987.87,1301,Pune,POS,0
TXN101741,926.28,1288,Delhi,Online,0
TXN101742,1176.21,8,Bengaluru,ATM,0
TXN101743,3504.76,456,Pune,Bank Transfer,0
TXN101744,433.83,272,Hyderabad,Bank Transfer,0
TXN101745,1391.82,939,Aurangabad,ATM,0
TXN101746,2907.93,1031,Nashik,POS,0
TXN101747,1810.02,207,Mumbai,Mobile Payment,0
TXN101748,1325.55,1146,Nashik,ATM,0
TXN101749,4746.9,1056,Nashik,Bank Transfer,1
TXN101750,73.46,203,Mumbai,Online,0
TXN101751,2160.03,517,Delhi,Bank Transfer,0
TXN101752,570.16,516,Pune,Mobile Payment,0
TXN101753,175.8,442,Pune,Bank Transfer,0
TXN101754,1828.41,688,Delhi,Mobile Payment,0
TXN101755,4331.45,849,Mumbai,ATM,0
TXN101756,955.8,832,Nagpur,Bank Transfer,0
TXN101757,2843.74,338,Nashik,POS,0
TXN101758,5498.76,1159,Aurangabad,POS,0
TXN101759,4084.34,386,Pune,Bank Transfer,0
TXN101760,5653.13,1048,Delhi,Bank Transfer,0
TXN101761,2303.37,505,Aurangabad,Online,0
TXN101762,1182.56,1348,Bengaluru,Bank Transfer,0
TXN101763,220.97,679,Mumbai,Online,0
TXN101764,857.43,1361,Aurangabad,Online,0
TXN101765,471.89,689,Hyderabad,Online,0
TXN101766,9613.68,884,Aurangabad,Online,0
TXN101767,919.76,1118,Hyderabad,ATM,0
TXN101768,3744.97,622,Nashik,POS,1
TXN101769,1903.57,1169,Mumbai,Online,0
TXN101770,1145.51,892,Aurangabad,POS,0
TXN101771,5973.28,952,Pune,Online,0
TXN101772,588.37,1254,Mumbai,POS,0
TXN101773,1332.23,783,Pune,Bank Transfer,0
TXN101774,521.93,494,Delhi,Bank Transfer,0
TXN101775,292.94,1061,Delhi,POS,0
TXN101776,594.8,746,Bengaluru,Online,0
TXN101777,1056.76,436,Nagpur,ATM,0
TXN101778,713.87,1391,Delhi,POS,0
TXN101779,548.71,344,Aurangabad,Mobile Payment,0
TXN101780,592.35,1183,Mumbai,ATM,1
TXN101781,1009.18,549,Delhi,Mobile Payment,0
TXN101782,243.54,819,Pune,POS,0
TXN101783,2345.04,540,Aurangabad,Online,0
TXN101784,1190.87,143,Delhi,Mobile Payment,0
TXN101785,255.3,587,Hyderabad,POS,0
TXN101786,804.96,656,Hyderabad,ATM,0
TXN101787,516.9,344,Nashik,Online,0
TXN101788,1508.96,1292,Pune,Mobile Payment,0
TXN101789,4189.98,695,Bengaluru,POS,0
TXN101790,168.15,267,Bengaluru,Online,0
TXN101791,1230.32,168,Bengaluru,Online,0
TXN101792,934.37,32,Pune,Bank Transfer,0
TXN101793,2145.96,376,Bengaluru,Online,0
TXN101794,1357.22,1237,Nagpur,POS,0
TXN101795,516.99,392,Nashik,ATM,0
TXN101796,797.07,488,Nagpur,Bank Transfer,0
TXN101797,494.71,721,Hyderabad,POS,0
TXN101798,11556.21,945,Delhi,POS,1
TXN101799,1120.26,1052,Nashik,POS,0
TXN101800,7340.71,38,Pune,Mobile Payment,0
TXN101801,1032.09,1196,Nagpur,Mobile Payment,0
TXN101802,540.01,1040,Aurangabad,ATM,0
TXN101803,241.36,1079,Nashik,POS,0
TXN101804,180.7,225,Pune,Mobile Payment,0
TXN101805,224.95,66,Mumbai,Mobile Payment,0
TXN101806,1432.43,1220,Nashik,Mobile Payment,0
TXN101807,1823.89,834,Nashik,ATM,0
TXN101808,225.61,1046,Delhi,ATM,0
TXN101809,2683.93,998,Aurangabad,POS,0
TXN101810,676.5,236,Delhi,Bank Transfer,0
TXN101811,1270.03,956,Bengaluru,POS,0
TXN101812,5498.45,918,Nashik,Mobile Payment,0
TXN101813,2688.77,1161,Hyderabad,Mobile Payment,0
TXN101814,838.38,472,Nashik,Online,0
TXN101815,1298.44,552,Bengaluru,POS,1
TXN101816,127.51,694,Aurangabad,Mobile Payment,0
TXN101817,534.24,1252,Aurangabad,Mobile Payment,0
TXN101818,887.91,316,Hyderabad,Bank Transfer,0
TXN101819,408.63,597,Hyderabad,Online,0
TXN101820,961.74,767,Nagpur,POS,0
TXN101821,1184.23,885,Pune,ATM,0
TXN101822,875.81,560,Pune,POS,0
TXN101823,572.49,1224,Nagpur,POS,0
TXN101824,1298.1,257,Pune,Bank Transfer,0
TXN101825,1706.06,1201,Nashik,POS,0
TXN101826,368.56,756,Nagpur,Bank Transfer,0
TXN101827,4495.95,122,Nagpur,Bank Transfer,0
TXN101828,993.68,341,Pune,Mobile Payment,0
TXN101829,1117.5,1194,Mumbai,ATM,0
TXN101830,2226.56,1082,Hyderabad,Bank Transfer,0
TXN101831,1384.67,259,Pune,Online,0
TXN101832,2844.48,1396,Delhi,Online,0
TXN101833,1461.36,94,Mumbai,ATM,0
TXN101834,594.41,1148,Nagpur,Bank Transfer,0
TXN101835,1574.2,40,Mumbai,ATM,0
TXN101836,349.42,253,Nashik,Mobile Payment,0
TXN101837,1222.39,6,Aurangabad,Online,0
TXN101838,1060.79,727,Mumbai,POS,0
TXN101839,890.59,68,Delhi,Online,0
TXN101840,964.36,1104,Aurangabad,Bank Transfer,0
TXN101841,167.03,541,Nashik,ATM,0
TXN101842,633.51,1285,Delhi,Online,0
TXN101843,1203.33,88,Bengaluru,POS,0
TXN101844,1286.73,1231,Aurangabad,POS,0
TXN101845,392.42,212,Bengaluru,ATM,0
TXN101846,3888.22,833,Nashik,ATM,0
TXN101847,461.2,265,Aurangabad,Online,0
TXN101848,2891.29,911,Aurangabad,Bank Transfer,0
TXN101849,1681.08,292,Pune,Mobile Payment,0
TXN101850,574.66,1230,Delhi,POS,0
TXN101851,6472.46,332,Hyderabad,ATM,0
TXN101852,332.41,1100,Delhi,Mobile Payment,0
TXN101853,2749.44,1311,Mumbai,Mobile Payment,0
TXN101854,2982.69,1004,Bengaluru,Mobile Payment,0
TXN101855,560.81,46,Bengaluru,Bank Transfer,0
TXN101856,4413.69,621,Delhi,ATM,0
TXN101857,854.02,1223,Delhi,POS,0
TXN101858,1463.66,426,Aurangabad,ATM,0
TXN101859,1422.71,209,Bengaluru,Online,0
TXN101860,958.81,887,Nagpur,POS,0
TXN101861,2467.12,153,Hyderabad,ATM,0
TXN101862,2424.76,414,Pune,POS,0
TXN101863,190.85,1376,Hyderabad,Online,0
TXN101864,4041.37,1180,Mumbai,POS,0
TXN101865,207.99,1284,Hyderabad,Mobile Payment,0
TXN101866,3079.57,1100,Pune,Bank Transfer,0
TXN101867,3383.63,768,Mumbai,Online,0
TXN101868,368.35,982,Nashik,POS,0
TXN101869,727.19,1154,Aurangabad,Online,0
TXN101870,362.96,578,Delhi,Mobile Payment,0
TXN101871,884.55,739,Delhi,Bank Transfer,0
TXN101872,805.9,162,Nagpur,Online,0
TXN101873,2391.46,1038,Hyderabad,Mobile Payment,0
TXN101874,4065.57,1255,Bengaluru,Mobile Payment,0
TXN101875,4427.91,194,Bengaluru,Mobile Payment,0
TXN101876,625.05,541,Pune,POS,0
TXN101877,889.61,358,Pune,ATM,0
TXN101878,396.49,849,Pune,Online,1
TXN101879,489.87,1354,Bengaluru,ATM,0
TXN101880,2878.0,426,Delhi,Mobile Payment,0
TXN101881,20167.0,496,Bengaluru,ATM,1
TXN101882,319.15,827,Pune,Mobile Payment,0
TXN101883,606.4,485,Aurangabad,Mobile Payment,0
TXN101884,1068.05,1436,Mumbai,Bank Transfer,0
TXN101885,1451.22,329,Delhi,Bank Transfer,0
TXN101886,488.04,888,Aurangabad,ATM,0
TXN101887,1675.83,990,Nashik,Online,0
TXN101888,682.77,1170,Hyderabad,ATM,0
TXN101889,1080.9,258,Aurangabad,Online,0
TXN101890,1893.69,291,Hyderabad,ATM,0
TXN101891,1103.7,142,Aurangabad,POS,0
TXN101892,708.83,746,Nashik,POS,0
TXN101893,982.78,626,Aurangabad,Online,0
TXN101894,1003.89,1388,Mumbai,Bank Transfer,0
TXN101895,757.47,89,Delhi,Online,0
TXN101896,846.58,719,Hyderabad,ATM,0
TXN101897,5424.32,1187,Nagpur,Mobile Payment,0
TXN101898,1921.61,480,Bengaluru,POS,0
TXN101899,816.09,83,Nashik,Mobile Payment,0
TXN101900,2201.63,1100,Hyderabad,POS,0
TXN101901,785.39,672,Delhi,ATM,0
TXN101902,3544.4,516,Pune,POS,0
TXN101903,1587.07,484,Hyderabad,Online,0
TXN101904,985.06,781,Mumbai,Mobile Payment,0
TXN101905,1715.94,103,Nagpur,Mobile Payment,0
TXN101906,227.95,338,Mumbai,ATM,0
TXN101907,355.4,686,Hyderabad,Mobile Payment,0
TXN101908,332.31,899,Mumbai,ATM,0
TXN101909,1265.15,606,Pune,Bank Transfer,0
TXN101910,6201.3,222,Nagpur,Online,0
TXN101911,10211.81,1032,Bengaluru,POS,0
TXN101912,2075.69,1076,Mumbai,POS,0
TXN101913,1809.57,1100,Pune,POS,0
TXN101914,181.08,502,Nashik,Bank Transfer,0
TXN101915,637.35,1339,Pune,Online,0
TXN101916,498.81,821,Aurangabad,Mobile Payment,0
TXN101917,589.43,623,Hyderabad,Mobile Payment,0
TXN101918,926.91,164,Delhi,Online,0
TXN101919,683.97,1302,Hyderabad,Online,0
TXN101920,151.52,1050,Hyderabad,POS,0
TXN101921,2316.73,1093,Pune,Mobile Payment,0
TXN101922,375.12,1241,Pune,Online,0
TXN101923,1393.04,1388,Pune,Mobile Payment,0
TXN101924,8726.18,1329,Hyderabad,Online,0
TXN101925,437.3,1147,Bengaluru,ATM,0
TXN101926,87.33,18,Mumbai,POS,0
TXN101927,823.86,1280,Bengaluru,Online,0
TXN101928,3297.63,1319,Nagpur,Bank Transfer,0
TXN101929,7772.5,1045,Pune,Online,0
TXN101930,320.68,988,Pune,ATM,0
TXN101931,1802.08,449,Aurangabad,Bank Transfer,0
TXN101932,688.62,551,Aurangabad,Bank Transfer,0
TXN101933,986.39,1071,Nashik,Online,0
TXN101934,15434.23,694,Nashik,ATM,0
TXN101935,243.97,586,Aurangabad,Bank Transfer,0
TXN101936,1413.38,720,Nagpur,POS,0
TXN101937,1750.56,1206,Nashik,POS,0
TXN101938,3247.97,106,Delhi,Mobile Payment,0
TXN101939,1209.53,1211,Delhi,Mobile Payment,0
TXN101940,1492.27,775,Nagpur,ATM,0
TXN101941,741.26,1109,Aurangabad,Bank Transfer,0
TXN101942,1435.3,1160,Nashik,POS,0
TXN101943,778.06,897,Pune,POS,0
TXN101944,2041.77,335,Aurangabad,ATM,0
TXN101945,757.78,606,Nashik,Bank Transfer,0
TXN101946,1598.95,837,Nagpur,ATM,0
TXN101947,1065.01,601,Delhi,Online,0
TXN101948,3381.42,402,Hyderabad,POS,0
TXN101949,1041.7,539,Nagpur,ATM,0
TXN101950,186.23,1095,Hyderabad,ATM,0
TXN101951,3873.53,23,Nashik,Online,0
TXN101952,443.31,623,Nagpur,Mobile Payment,0
TXN101953,2106.69,1079,Nashik,POS,1
TXN101954,604.46,985,Nashik,ATM,0
TXN101955,4334.83,222,Hyderabad,POS,0
TXN101956,129.58,178,Nagpur,Mobile Payment,0
TXN101957,25279.49,799,Mumbai,ATM,0
TXN101958,3152.83,433,Pune,Online,0
TXN101959,1370.92,792,Aurangabad,POS,0
TXN101960,1038.06,883,Delhi,Online,0
TXN101961,1459.07,491,Pune,Mobile Payment,0
TXN101962,1846.64,1212,Aurangabad,Mobile Payment,0
TXN101963,2090.62,809,Aurangabad,POS,0
TXN101964,1911.43,960,Delhi,Mobile Payment,0
TXN101965,1199.4,419,Pune,Bank Transfer,0
TXN101966,900.24,1272,Delhi,POS,0
TXN101967,942.68,648,Nashik,Bank Transfer,0
TXN101968,902.43,1187,Delhi,Mobile Payment,0
TXN101969,3407.62,1278,Hyderabad,POS,0
TXN101970,1985.36,475,Hyderabad,Bank Transfer,0
TXN101971,57.95,169,Nagpur,Mobile Payment,0
TXN101972,7693.86,1340,Mumbai,ATM,1
TXN101973,1332.4,173,Mumbai,ATM,0
TXN101974,1076.31,469,Mumbai,Online,0
TXN101975,743.58,344,Pune,ATM,0
TXN101976,3374.87,444,Hyderabad,Bank Transfer,0
TXN101977,2828.57,1041,Pune,ATM,0
TXN101978,506.3,1093,Nashik,POS,0
TXN101979,3874.03,1361,Bengaluru,POS,1
TXN101980,415.03,627,Mumbai,POS,0
TXN101981,275.99,591,Nashik,ATM,0
TXN101982,585.98,526,Hyderabad,ATM,0
TXN101983,2597.73,455,Bengaluru,Online,0
TXN101984,2844.45,1292,Mumbai,Mobile Payment,0
TXN101985,1831.86,810,Pune,Online,0
TXN101986,2264.47,187,Bengaluru,Bank Transfer,0
TXN101987,1837.53,1020,Nagpur,POS,0
TXN101988,577.39,710,Nagpur,ATM,0
TXN101989,1689.05,528,Nagpur,Mobile Payment,0
TXN101990,2441.6,433,Delhi,Mobile Payment,0
TXN101991,2331.56,287,Nagpur,ATM,0
TXN101992,14162.67,498,Aurangabad,Online,1
TXN101993,2226.76,302,Mumbai,Mobile Payment,0
TXN101994,1558.45,86,Nagpur,Online,0
TXN101995,3197.58,829,Bengaluru,ATM,0
TXN101996,1067.93,437,Hyderabad,Online,0
TXN101997,454.01,540,Aurangabad,POS,0
TXN101998,931.63,1045,Aurangabad,ATM,0
TXN101999,520.66,832,Aurangabad,ATM,0
TXN102000,2212.04,796,Nashik,Mobile Payment,1
TXN102001,949.07,559,Bengaluru,Mobile Payment,0
TXN102002,496.5,761,Nashik,Mobile Payment,0
TXN102003,805.96,466,Aurangabad,POS,0
TXN102004,165.07,1124,Delhi,POS,0
TXN102005,1357.36,674,Nagpur,Bank Transfer,0
TXN102006,1097.96,684,Hyderabad,ATM,0
TXN102007,484.4,1164,Mumbai,Mobile Payment,0
TXN102008,2120.16,137,Bengaluru,ATM,0
TXN102009,2800.55,577,Delhi,Online,0
TXN102010,219.74,709,Pune,POS,0
TXN102011,511.46,227,Nashik,Bank Transfer,0
TXN102012,1047.6,280,Nagpur,Online,1
TXN102013,428.42,683,Nagpur,ATM,0
TXN102014,2513.61,827,Pune,POS,0
TXN102015,903.41,430,Pune,Mobile Payment,0
TXN102016,841.75,1063,Bengaluru,Online,0
TXN102017,147.84,1234,Nagpur,POS,0
TXN102018,2070.24,301,Pune,ATM,0
TXN102019,317.58,1109,Nagpur,ATM,0
TXN102020,1164.37,1420,Delhi,Online,0
TXN102021,1447.19,1276,Bengaluru,Online,0
TXN102022,4275.51,532,Hyderabad,Online,0
TXN102023,296.24,768,Pune,Bank Transfer,0
TXN102024,53.54,1404,Delhi,Mobile Payment,0
TXN102025,1317.97,443,Delhi,POS,0
TXN102026,6637.64,1056,Pune,ATM,0
TXN102027,3785.55,259,Bengaluru,ATM,0
TXN102028,1352.43,1257,Nagpur,Mobile Payment,0
TXN102029,670.73,1331,Hyderabad,Online,0
TXN102030,2458.05,738,Aurangabad,Online,0
TXN102031,414.24,795,Nagpur,ATM,0
TXN102032,6562.65,69,Mumbai,Mobile Payment,1
TXN102033,1817.96,1387,Pune,ATM,0
TXN102034,3165.95,982,Nashik,Online,0
TXN102035,17320.74,480,Bengaluru,POS,0
TXN102036,1623.62,1167,Pune,Online,0
TXN102037,659.21,23,Mumbai,POS,0
TXN102038,1068.94,964,Delhi,Bank Transfer,0
TXN102039,186.97,745,Nashik,Mobile Payment,0
TXN102040,547.46,844,Nashik,Bank Transfer,0
TXN102041,728.3,1198,Nagpur,Online,0
TXN102042,649.31,324,Aurangabad,Mobile Payment,0
TXN102043,1277.11,1371,Nagpur,Online,0
TXN102044,481.82,797,Bengaluru,Mobile Payment,0
TXN102045,3364.49,17,Nashik,Mobile Payment,0
TXN102046,1096.86,43,Hyderabad,Online,0
TXN102047,1086.48,154,Hyderabad,Online,0
TXN102048,790.06,866,Nashik,Mobile Payment,0
TXN102049,1280.74,921,Hyderabad,Mobile Payment,0
TXN102050,2502.63,1400,Hyderabad,Online,0
TXN102051,460.76,742,Aurangabad,Online,0
TXN102052,567.86,1425,Bengaluru,ATM,0
TXN102053,809.38,224,Pune,ATM,0
TXN102054,285.47,216,Aurangabad,ATM,0
TXN102055,483.35,30,Delhi,Bank Transfer,0
TXN102056,2708.35,1082,Nagpur,Mobile Payment,1
TXN102057,2629.08,897,Hyderabad,POS,0
TXN102058,1425.9,1376,Pune,Bank Transfer,0
TXN102059,1330.87,934,Nagpur,Mobile Payment,0
TXN102060,2568.04,444,Hyderabad,POS,0
TXN102061,955.88,1258,Aurangabad,ATM,0
TXN102062,1620.46,1130,Pune,POS,0
TXN102063,989.08,1214,Aurangabad,Online,0
TXN102064,1429.9,529,Delhi,Online,0
TXN102065,612.31,737,Mumbai,Mobile Payment,0
TXN102066,95.7,873,Nashik,Bank Transfer,0
TXN102067,958.84,565,Bengaluru,ATM,0
TXN102068,4549.39,1268,Pune,Mobile Payment,0
TXN102069,2768.93,75,Nashik,ATM,0
TXN102070,2879.57,546,Mumbai,Online,0
TXN102071,3774.91,266,Pune,Bank Transfer,0
TXN102072,1198.3,316,Nashik,Bank Transfer,0
TXN102073,1335.84,1144,Nashik,Online,0
TXN102074,591.31,24,Pune,POS,0
TXN102075,799.45,159,Nashik,Bank Transfer,0
TXN102076,2029.96,595,Nashik,POS,0
TXN102077,3655.12,1137,Pune,ATM,0
TXN102078,953.9,899,Bengaluru,Bank Transfer,0
TXN102079,699.11,501,Nashik,Online,0
TXN102080,1097.21,1189,Nashik,POS,0
TXN102081,2000.61,1012,Bengaluru,ATM,0
TXN102082,258.82,702,Nagpur,ATM,0
TXN102083,110.37,1198,Delhi,Bank Transfer,0
TXN102084,632.36,0,Nagpur,Bank Transfer,0
TXN102085,323.53,740,Hyderabad,Mobile Payment,0
TXN102086,659.75,1109,Mumbai,Mobile Payment,0
TXN102087,945.98,319,Nagpur,Bank Transfer,0
TXN102088,696.98,1424,Nagpur,Mobile Payment,0
TXN102089,4686.62,381,Mumbai,Online,0
TXN102090,1520.42,1341,Nashik,Online,0
TXN102091,1481.0,1273,Nashik,Mobile Payment,0
TXN102092,2043.07,897,Nagpur,Bank Transfer,0
TXN102093,351.13,716,Mumbai,Online,0
TXN102094,3099.86,1279,Nashik,ATM,0
TXN102095,1016.62,306,Aurangabad,Bank Transfer,0
TXN102096,2144.11,1167,Pune,POS,0
TXN102097,375.46,390,Pune,POS,0
TXN102098,231.88,1192,Delhi,Bank Transfer,0
TXN102099,2484.66,989,Pune,Mobile Payment,0
TXN102100,1597.84,297,Nagpur,Online,0
TXN102101,444.94,232,Pune,Online,0
TXN102102,459.59,270,Pune,Bank Transfer,0
TXN102103,3379.34,1083,Aurangabad,ATM,0
TXN102104,333.82,1319,Nashik,Mobile Payment,0
TXN102105,5668.46,1258,Aurangabad,ATM,0
TXN102106,445.58,676,Nagpur,Bank Transfer,0
TXN102107,2076.4,705,Pune,Bank Transfer,0
TXN102108,789.49,233,Bengaluru,ATM,0
TXN102109,2004.58,1391,Nashik,POS,0
TXN102110,636.44,844,Delhi,Bank Transfer,0
TXN102111,931.88,1255,Delhi,Mobile Payment,0
TXN102112,1142.44,490,Hyderabad,ATM,0
TXN102113,402.55,502,Hyderabad,POS,0
TXN102114,2300.37,889,Pune,ATM,0
TXN102115,656.41,591,Pune,POS,0
TXN102116,872.53,745,Delhi,POS,0
TXN102117,405.71,1404,Delhi,Mobile Payment,0
TXN102118,84.58,427,Bengaluru,Bank Transfer,0
TXN102119,3101.95,696,Nagpur,POS,1
TXN102120,12241.85,645,Pune,Bank Transfer,0
TXN102121,2403.31,731,Delhi,Mobile Payment,0
TXN102122,1075.71,799,Bengaluru,Bank Transfer,0
TXN102123,843.12,363,Mumbai,Online,0
TXN102124,1121.55,201,Delhi,POS,0
TXN102125,1895.27,881,Nashik,Mobile Payment,0
TXN102126,336.7,145,Nashik,ATM,0
TXN102127,3341.99,835,Mumbai,Mobile Payment,0
TXN102128,2242.58,638,Hyderabad,POS,0
TXN102129,2248.88,134,Nagpur,Mobile Payment,0
TXN102130,1700.16,625,Hyderabad,ATM,0
TXN102131,1118.36,1287,Pune,Online,0
TXN102132,2149.22,63,Hyderabad,POS,0
TXN102133,1981.91,490,Pune,POS,0
TXN102134,769.67,40,Delhi,Mobile Payment,0
TXN102135,617.94,1319,Nashik,Bank Transfer,0
TXN102136,1214.22,1026,Nagpur,Bank Transfer,0
TXN102137,5161.69,912,Nagpur,ATM,0
TXN102138,317.63,974,Nagpur,Online,0
TXN102139,252.77,1133,Delhi,Online,0
TXN102140,1293.05,1244,Pune,Mobile Payment,0
TXN102141,1805.54,1393,Nagpur,Mobile Payment,1
TXN102142,1304.2,367,Delhi,Bank Transfer,0
TXN102143,1399.62,917,Delhi,Online,0
TXN102144,877.26,1027,Mumbai,Online,0
TXN102145,4865.2,243,Aurangabad,Online,0
TXN102146,221.21,901,Hyderabad,ATM,0
TXN102147,478.91,165,Nagpur,ATM,0
TXN102148,989.05,1049,Aurangabad,Mobile Payment,0
TXN102149,212.05,1418,Pune,Bank Transfer,0
TXN102150,919.79,1040,Delhi,POS,0
TXN102151,5776.02,727,Bengaluru,Bank Transfer,0
TXN102152,1119.78,1115,Hyderabad,ATM,0
TXN102153,3412.13,482,Hyderabad,ATM,1
TXN102154,311.01,542,Nagpur,Mobile Payment,0
TXN102155,592.08,1228,Bengaluru,POS,0
TXN102156,753.56,930,Nashik,Online,0
TXN102157,798.14,399,Pune,POS,0
TXN102158,3950.68,1230,Mumbai,POS,0
TXN102159,1915.42,618,Mumbai,POS,0
TXN102160,360.88,1169,Aurangabad,Mobile Payment,0
TXN102161,1403.19,878,Delhi,ATM,0
TXN102162,1804.83,100,Aurangabad,Online,0
TXN102163,3429.43,879,Nashik,POS,0
TXN102164,5326.98,829,Nashik,Online,0
TXN102165,1000.95,1264,Hyderabad,POS,1
TXN102166,487.43,758,Mumbai,ATM,0
TXN102167,532.16,162,Bengaluru,Online,1
TXN102168,867.82,1196,Nagpur,Bank Transfer,0
TXN102169,1748.23,501,Mumbai,ATM,0
TXN102170,2943.44,546,Mumbai,Online,0
TXN102171,1016.43,1307,Bengaluru,POS,0
TXN102172,796.44,1382,Hyderabad,POS,0
TXN102173,1276.35,380,Hyderabad,ATM,0
TXN102174,781.66,869,Bengaluru,ATM,1
TXN102175,8862.1,904,Nashik,POS,0
TXN102176,219.72,1186,Bengaluru,Online,0
TXN102177,1319.15,1001,Aurangabad,Bank Transfer,0
TXN102178,8296.64,608,Nashik,Mobile Payment,0
TXN102179,3584.2,306,Bengaluru,ATM,1
TXN102180,906.84,1362,Delhi,POS,0
TXN102181,767.05,54,Nashik,Online,0
TXN102182,915.63,982,Nashik,ATM,0
TXN102183,4327.95,332,Mumbai,Online,0
TXN102184,180.86,126,Nagpur,ATM,1
TXN102185,5081.87,704,Mumbai,POS,0
TXN102186,264.02,242,Pune,Online,0
TXN102187,839.95,599,Nashik,POS,0
TXN102188,713.91,1432,Bengaluru,Online,0
TXN102189,1975.45,502,Bengaluru,ATM,0
TXN102190,221.82,603,Bengaluru,Mobile Payment,0
TXN102191,1740.93,302,Nashik,Mobile Payment,0
TXN102192,8302.48,234,Bengaluru,Bank Transfer,0
TXN102193,280.57,1061,Pune,Bank Transfer,0
TXN102194,1325.71,138,Nashik,POS,0
TXN102195,565.67,194,Bengaluru,Online,0
TXN102196,1678.89,646,Nashik,Bank Transfer,0
TXN102197,3336.25,0,Delhi,ATM,1
TXN102198,1783.99,560,Nashik,Mobile Payment,1
TXN102199,1786.25,1119,Pune,Online,0
TXN102200,6663.15,712,Mumbai,Mobile Payment,0
TXN102201,906.05,412,Nashik,Online,0
TXN102202,2252.41,537,Nagpur,Bank Transfer,0
TXN102203,300.88,428,Pune,Bank Transfer,0
TXN102204,421.39,234,Aurangabad,POS,0
TXN102205,1758.83,348,Delhi,Online,0
TXN102206,4837.32,395,Pune,ATM,0
TXN102207,1564.96,1374,Mumbai,Bank Transfer,0
TXN102208,801.87,415,Bengaluru,POS,0
TXN102209,1095.86,915,Bengaluru,Bank Transfer,0
TXN102210,314.06,1074,Pune,Mobile Payment,0
TXN102211,2007.24,80,Aurangabad,Bank Transfer,0
TXN102212,2650.05,35,Bengaluru,Online,0
TXN102213,697.78,1090,Delhi,POS,0
TXN102214,685.37,640,Nagpur,Online,0
TXN102215,1430.64,881,Aurangabad,ATM,0
TXN102216,708.59,756,Hyderabad,ATM,0
TXN102217,3258.58,622,Hyderabad,Bank Transfer,1
TXN102218,8952.8,467,Pune,POS,0
TXN102219,856.6,1165,Aurangabad,POS,0
TXN102220,766.37,355,Bengaluru,POS,0
TXN102221,573.9,708,Bengaluru,POS,0
TXN102222,2308.13,1019,Pune,Bank Transfer,0
TXN102223,914.86,901,Bengaluru,Online,0
TXN102224,572.85,672,Bengaluru,Bank Transfer,0
TXN102225,4110.52,438,Nagpur,Online,0
TXN102226,4535.1,530,Nagpur,Mobile Payment,0
TXN102227,601.59,126,Mumbai,Mobile Payment,0
TXN102228,169.6,204,Nagpur,Online,0
TXN102229,3003.44,28,Nashik,Bank Transfer,0
TXN102230,553.01,444,Aurangabad,ATM,0
TXN102231,2417.83,965,Aurangabad,Bank Transfer,0
TXN102232,152.92,463,Pune,ATM,0
TXN102233,2677.39,1303,Nagpur,Bank Transfer,0
TXN102234,326.63,150,Mumbai,POS,0
TXN102235,2277.34,239,Bengaluru,POS,0
TXN102236,1112.4,265,Mumbai,Mobile Payment,0
TXN102237,422.45,1128,Mumbai,Mobile Payment,0
TXN102238,729.94,912,Delhi,Online,0
TXN102239,2178.34,496,Bengaluru,ATM,0
TXN102240,3090.22,684,Nashik,POS,1
TXN102241,1967.29,157,Nagpur,Bank Transfer,0
TXN102242,7914.41,171,Bengaluru,Online,0
TXN102243,229.47,493,Mumbai,Bank Transfer,0
TXN102244,5525.96,969,Bengaluru,POS,0
TXN102245,1217.26,1334,Nashik,POS,0
TXN102246,446.4,1426,Aurangabad,POS,0
TXN102247,289.94,675,Pune,POS,0
TXN102248,907.67,658,Nagpur,Bank Transfer,0
TXN102249,2756.32,902,Nagpur,Online,0
TXN102250,965.31,665,Delhi,POS,0
TXN102251,4969.9,366,Aurangabad,Mobile Payment,0
TXN102252,256.94,549,Nagpur,Online,0
TXN102253,1083.46,642,Delhi,Mobile Payment,0
TXN102254,313.44,254,Delhi,Bank Transfer,0
TXN102255,1577.56,207,Delhi,POS,0
TXN102256,2662.14,449,Hyderabad,Online,0
TXN102257,719.99,94,Nagpur,POS,0
TXN102258,81.11,838,Nagpur,POS,0
TXN102259,1338.02,477,Nagpur,Online,0
TXN102260,1697.21,682,Nashik,POS,0
TXN102261,1643.03,761,Delhi,POS,0
TXN102262,3773.59,189,Nashik,ATM,0
TXN102263,375.76,710,Pune,ATM,0
TXN102264,2165.09,755,Nagpur,Online,0
TXN102265,3613.77,835,Hyderabad,Online,0
TXN102266,185.2,132,Bengaluru,POS,0
TXN102267,1509.68,54,Aurangabad,Mobile Payment,0
TXN102268,662.37,509,Hyderabad,Online,0
TXN102269,1010.78,669,Mumbai,POS,0
TXN102270,1552.58,409,Pune,Mobile Payment,0
TXN102271,673.69,1234,Bengaluru,ATM,0
TXN102272,557.96,1316,Mumbai,Online,0
TXN102273,1134.73,986,Mumbai,POS,0
TXN102274,369.72,733,Nagpur,ATM,0
TXN102275,370.25,1138,Aurangabad,Bank Transfer,0
TXN102276,2163.26,258,Mumbai,ATM,0
TXN102277,347.65,1145,Delhi,POS,0
TXN102278,2135.19,298,Bengaluru,Mobile Payment,0
TXN102279,1741.66,1404,Hyderabad,Bank Transfer,0
TXN102280,195.23,560,Hyderabad,Bank Transfer,0
TXN102281,1505.46,296,Mumbai,Bank Transfer,1
TXN102282,3619.57,361,Pune,Online,0
TXN102283,411.1,588,Aurangabad,POS,0
TXN102284,689.24,126,Aurangabad,Bank Transfer,0
TXN102285,1740.73,196,Hyderabad,ATM,0
TXN102286,2400.4,220,Mumbai,Mobile Payment,0
TXN102287,852.75,994,Aurangabad,POS,0
TXN102288,603.35,90,Pune,ATM,0
TXN102289,4547.67,410,Hyderabad,Online,0
TXN102290,6241.02,7,Bengaluru,Bank Transfer,0
TXN102291,2918.6,543,Pune,ATM,0
TXN102292,1194.3,467,Pune,POS,0
TXN102293,488.69,319,Delhi,ATM,0
TXN102294,477.97,1417,Nagpur,Online,0
TXN102295,1849.21,268,Mumbai,Mobile Payment,0
TXN102296,1666.36,1214,Bengaluru,Bank Transfer,0
TXN102297,4454.18,60,Hyderabad,POS,0
TXN102298,2101.59,1287,Aurangabad,Bank Transfer,0
TXN102299,243.94,796,Pune,Bank Transfer,0
TXN102300,3139.9,1118,Hyderabad,Bank Transfer,0
TXN102301,669.24,552,Mumbai,ATM,1
TXN102302,746.97,925,Bengaluru,ATM,0
TXN102303,1408.39,660,Bengaluru,Mobile Payment,0
TXN102304,8068.05,715,Mumbai,Online,0
TXN102305,24585.66,778,Nagpur,POS,0
TXN102306,2011.68,193,Delhi,ATM,0
TXN102307,913.06,481,Aurangabad,Bank Transfer,0
TXN102308,1871.52,1359,Delhi,Online,0
TXN102309,2664.19,1219,Bengaluru,POS,0
TXN102310,795.79,854,Aurangabad,POS,0
TXN102311,26216.02,1272,Bengaluru,POS,1
TXN102312,1380.32,497,Pune,POS,0
TXN102313,1803.97,211,Pune,Mobile Payment,0
TXN102314,2134.36,664,Mumbai,POS,0
TXN102315,1671.68,669,Aurangabad,Online,0
TXN102316,2537.51,220,Aurangabad,ATM,0
TXN102317,591.55,272,Bengaluru,Online,0
TXN102318,627.47,1177,Delhi,Bank Transfer,0
TXN102319,364.98,1272,Pune,Mobile Payment,0
TXN102320,3582.3,278,Nashik,Mobile Payment,1
TXN102321,2389.73,815,Mumbai,Bank Transfer,0
TXN102322,1733.28,275,Hyderabad,Online,0
TXN102323,5851.73,1004,Aurangabad,Online,0
TXN102324,1090.51,513,Nagpur,Bank Transfer,0
TXN102325,2140.39,1111,Nagpur,POS,0
TXN102326,368.08,922,Nashik,POS,0
TXN102327,744.64,641,Pune,ATM,0
TXN102328,2198.52,504,Pune,Online,0
TXN102329,2563.43,589,Pune,Online,0
TXN102330,817.32,771,Delhi,Bank Transfer,0
TXN102331,1020.86,1264,Bengaluru,Bank Transfer,0
TXN102332,240.36,739,Nagpur,POS,0
TXN102333,767.37,674,Pune,Online,0
TXN102334,2671.47,1259,Nagpur,Online,0
TXN102335,1949.26,1013,Nashik,Mobile Payment,0
TXN102336,1809.25,127,Mumbai,ATM,0
TXN102337,1152.6,502,Bengaluru,ATM,0
TXN102338,1104.41,1223,Delhi,POS,0
TXN102339,566.61,901,Aurangabad,Online,0
TXN102340,2205.76,542,Nashik,Mobile Payment,0
TXN102341,5022.98,491,Bengaluru,Online,1
TXN102342,1793.67,1044,Nagpur,Bank Transfer,0
TXN102343,648.05,1257,Nashik,POS,0
TXN102344,127.31,713,Aurangabad,ATM,0
TXN102345,3285.1,790,Bengaluru,Online,0
TXN102346,679.37,415,Delhi,POS,0
TXN102347,462.77,147,Hyderabad,ATM,0
TXN102348,2193.99,969,Mumbai,Online,0
TXN102349,740.99,28,Aurangabad,Mobile Payment,0
TXN102350,3165.09,1384,Bengaluru,POS,0
TXN102351,2032.47,307,Delhi,Online,0
TXN102352,2172.36,161,Nagpur,ATM,0
TXN102353,520.33,868,Aurangabad,ATM,1
TXN102354,3684.7,851,Hyderabad,Mobile Payment,0
TXN102355,1424.04,60,Nashik,POS,0
TXN102356,758.03,124,Pune,POS,0
TXN102357,1265.71,1094,Nashik,Online,0
TXN102358,185.63,837,Nagpur,ATM,0
TXN102359,1650.2,465,Bengaluru,ATM,0
TXN102360,391.75,242,Hyderabad,Mobile Payment,0
TXN102361,283.53,1244,Mumbai,Mobile Payment,0
TXN102362,239.28,472,Aurangabad,POS,0
TXN102363,3336.54,958,Bengaluru,ATM,0
TXN102364,584.49,532,Mumbai,Online,0
TXN102365,5083.36,493,Nagpur,Bank Transfer,0
TXN102366,641.75,898,Aurangabad,Online,0
TXN102367,198.87,81,Delhi,Mobile Payment,0
TXN102368,359.05,855,Delhi,Online,0
TXN102369,3773.7,878,Bengaluru,ATM,0
TXN102370,938.33,922,Nashik,POS,0
TXN102371,633.79,11,Bengaluru,Bank Transfer,0
TXN102372,2305.88,1286,Nashik,POS,1
TXN102373,1811.27,448,Hyderabad,Bank Transfer,0
TXN102374,3352.29,1215,Nagpur,Bank Transfer,0
TXN102375,4668.06,761,Delhi,ATM,0
TXN102376,765.27,1137,Hyderabad,ATM,0
TXN102377,291.18,25,Aurangabad,Mobile Payment,0
TXN102378,725.26,507,Delhi,Mobile Payment,0
TXN102379,1422.66,61,Nashik,Bank Transfer,0
TXN102380,418.32,228,Bengaluru,Mobile Payment,0
TXN102381,421.09,606,Nagpur,ATM,0
TXN102382,1546.56,1058,Delhi,Mobile Payment,0
TXN102383,1044.56,890,Hyderabad,Bank Transfer,0
TXN102384,3718.81,760,Nagpur,POS,1
TXN102385,513.63,594,Hyderabad,Online,0
TXN102386,870.96,1048,Delhi,Mobile Payment,0
TXN102387,435.18,1055,Bengaluru,ATM,0
TXN102388,2670.97,1035,Mumbai,POS,0
TXN102389,3087.91,1342,Bengaluru,ATM,0
TXN102390,173.09,0,Delhi,Mobile Payment,0
TXN102391,432.89,1159,Nashik,Bank Transfer,0
TXN102392,245.54,1219,Bengaluru,Online,0
TXN102393,572.48,132,Aurangabad,Online,0
TXN102394,2413.08,85,Nashik,POS,1
TXN102395,257.33,1347,Nashik,Online,0
TXN102396,436.22,1203,Nashik,Bank Transfer,0
TXN102397,401.84,515,Nagpur,ATM,0
TXN102398,1349.2,174,Pune,Bank Transfer,0
TXN102399,1175.38,762,Pune,POS,0
TXN102400,532.86,1044,Mumbai,POS,0
TXN102401,1308.74,996,Hyderabad,Online,0
TXN102402,634.81,1128,Hyderabad,Bank Transfer,0
TXN102403,835.76,577,Nashik,ATM,0
TXN102404,5845.64,48,Pune,Bank Transfer,0
TXN102405,4190.02,527,Mumbai,ATM,0
TXN102406,298.99,144,Nagpur,ATM,0
TXN102407,2514.26,1363,Nashik,Bank Transfer,0
TXN102408,2468.58,761,Aurangabad,Mobile Payment,0
TXN102409,347.84,1377,Nagpur,Bank Transfer,0
TXN102410,2486.86,1098,Mumbai,ATM,0
TXN102411,5104.78,928,Nagpur,POS,0
TXN102412,356.9,793,Aurangabad,POS,0
TXN102413,438.12,318,Hyderabad,Online,0
TXN102414,3034.07,1110,Nagpur,POS,0
TXN102415,1438.7,697,Mumbai,Mobile Payment,0
TXN102416,1903.55,846,Hyderabad,ATM,0
TXN102417,1541.62,782,Hyderabad,Bank Transfer,0
TXN102418,1620.83,41,Hyderabad,Bank Transfer,0
TXN102419,291.06,1116,Aurangabad,Mobile Payment,0
TXN102420,3125.4,528,Aurangabad,POS,0
TXN102421,3531.9,1288,Hyderabad,ATM,0
TXN102422,871.84,291,Nagpur,POS,0
TXN102423,1049.98,968,Aurangabad,Online,0
TXN102424,237.2,96,Bengaluru,POS,0
TXN102425,1834.0,1118,Nagpur,Online,0
TXN102426,1943.13,1349,Nashik,Bank Transfer,0
TXN102427,1030.51,73,Aurangabad,ATM,0
TXN102428,3375.68,1359,Nagpur,Online,0
TXN102429,1504.66,1091,Nashik,POS,1
TXN102430,1928.71,757,Aurangabad,POS,0
TXN102431,395.57,1100,Nashik,Bank Transfer,0
TXN102432,1071.11,207,Delhi,Mobile Payment,0
TXN102433,921.17,1244,Aurangabad,Mobile Payment,0
TXN102434,1373.76,1285,Delhi,POS,0
TXN102435,757.84,409,Mumbai,Mobile Payment,0
TXN102436,961.53,330,Mumbai,ATM,0
TXN102437,2505.01,343,Nagpur,Mobile Payment,0
TXN102438,708.56,988,Pune,ATM,0
TXN102439,219.95,770,Delhi,POS,0
TXN102440,6308.06,73,Delhi,POS,0
TXN102441,4365.35,253,Mumbai,POS,0
TXN102442,301.19,958,Delhi,Bank Transfer,0
TXN102443,2185.74,819,Pune,Mobile Payment,0
TXN102444,663.17,985,Hyderabad,Online,0
TXN102445,3453.56,331,Nashik,Online,1
TXN102446,1471.77,1421,Nashik,POS,0
TXN102447,867.48,1368,Pune,Mobile Payment,0
TXN102448,500.81,746,Delhi,ATM,0
TXN102449,549.75,835,Delhi,Online,0
TXN102450,438.7,454,Delhi,POS,0
TXN102451,477.32,1138,Bengaluru,Online,0
TXN102452,1025.38,312,Nagpur,Online,0
TXN102453,536.06,1017,Aurangabad,Online,0
TXN102454,2169.07,227,Pune,POS,0
TXN102455,4852.48,833,Pune,POS,0
TXN102456,613.97,857,Bengaluru,Bank Transfer,0
TXN102457,1393.26,1268,Pune,Bank Transfer,0
TXN102458,1807.47,817,Hyderabad,Bank Transfer,0
TXN102459,1758.12,1017,Hyderabad,Online,0
TXN102460,1183.17,527,Pune,Mobile Payment,0
TXN102461,2304.65,949,Bengaluru,POS,0
TXN102462,1776.23,426,Pune,Bank Transfer,0
TXN102463,318.09,41,Delhi,Mobile Payment,0
TXN102464,2615.36,464,Bengaluru,Bank Transfer,0
TXN102465,2663.22,277,Nagpur,Bank Transfer,0
TXN102466,511.18,835,Mumbai,Mobile Payment,0
TXN102467,1139.04,18,Delhi,Bank Transfer,0
TXN102468,2171.84,65,Hyderabad,Online,0
TXN102469,889.52,166,Delhi,Online,0
TXN102470,3206.64,1019,Aurangabad,Online,0
TXN102471,11659.45,402,Bengaluru,ATM,0
TXN102472,499.7,408,Hyderabad,Bank Transfer,0
TXN102473,275.6,111,Mumbai,ATM,0
TXN102474,1485.96,1297,Pune,POS,0
TXN102475,2256.48,1430,Mumbai,Mobile Payment,0
TXN102476,870.56,1396,Nagpur,POS,0
TXN102477,4690.34,596,Nashik,ATM,0
TXN102478,287.55,650,Delhi,Online,0
TXN102479,2192.77,1062,Bengaluru,Bank Transfer,0
TXN102480,598.33,104,Bengaluru,Bank Transfer,0
TXN102481,6120.37,323,Mumbai,Online,0
TXN102482,8042.66,991,Aurangabad,Bank Transfer,0
TXN102483,509.46,1437,Hyderabad,Mobile Payment,0
TXN102484,632.98,428,Nagpur,Mobile Payment,0
TXN102485,4527.44,634,Nashik,Mobile Payment,1
TXN102486,744.62,729,Nagpur,POS,0
TXN102487,1047.95,888,Bengaluru,Online,0
TXN102488,1124.83,1084,Pune,Mobile Payment,0
TXN102489,160.83,1330,Nashik,ATM,0
TXN102490,1081.56,1377,Hyderabad,Mobile Payment,0
TXN102491,550.19,392,Hyderabad,POS,0
TXN102492,669.73,203,Bengaluru,ATM,0
TXN102493,4645.4,257,Aurangabad,Online,0
TXN102494,312.15,485,Nashik,Online,0
TXN102495,2473.04,445,Bengaluru,Mobile Payment,0
TXN102496,829.68,1203,Aurangabad,ATM,0
TXN102497,2933.15,1023,Pune,ATM,1
TXN102498,2417.22,341,Aurangabad,Mobile Payment,0
TXN102499,1540.79,132,Nagpur,Mobile Payment,0
TXN102500,1940.33,442,Mumbai,Bank Transfer,0
TXN102501,2887.61,252,Nagpur,Bank Transfer,0
TXN102502,787.36,264,Hyderabad,Mobile Payment,0
TXN102503,594.53,92,Bengaluru,POS,0
TXN102504,370.5,1434,Bengaluru,Bank Transfer,0
TXN102505,480.39,137,Delhi,Mobile Payment,0
TXN102506,20933.26,1231,Nagpur,ATM,0
TXN102507,3807.32,1001,Nashik,Bank Transfer,0
TXN102508,283.99,306,Hyderabad,POS,0
TXN102509,292.23,265,Pune,Online,0
TXN102510,1775.55,645,Hyderabad,ATM,0
TXN102511,1895.55,317,Delhi,POS,0
TXN102512,1898.62,1136,Delhi,POS,0
TXN102513,849.84,900,Delhi,POS,0
TXN102514,967.34,1401,Bengaluru,ATM,0
TXN102515,5728.84,453,Mumbai,POS,1
TXN102516,1194.99,190,Aurangabad,Online,0
TXN102517,119.19,1210,Nashik,Bank Transfer,0
TXN102518,871.49,830,Hyderabad,ATM,0
TXN102519,468.06,1390,Bengaluru,POS,0
TXN102520,1306.64,1112,Hyderabad,Mobile Payment,0
TXN102521,21704.16,186,Pune,Bank Transfer,0
TXN102522,1583.64,818,Bengaluru,ATM,0
TXN102523,801.49,1020,Mumbai,Mobile Payment,0
TXN102524,2756.73,131,Hyderabad,Mobile Payment,0
TXN102525,1777.01,871,Bengaluru,POS,0
TXN102526,1669.19,634,Bengaluru,ATM,0
TXN102527,2011.93,1399,Nagpur,POS,0
TXN102528,8574.46,690,Pune,Online,0
TXN102529,353.93,691,Delhi,Mobile Payment,0
TXN102530,1760.99,1122,Pune,Online,0
TXN102531,434.25,1057,Pune,POS,0
TXN102532,1911.25,581,Nagpur,Bank Transfer,0
TXN102533,437.6,170,Aurangabad,Mobile Payment,0
TXN102534,722.44,1389,Bengaluru,Bank Transfer,0
TXN102535,816.4,783,Nashik,ATM,0
TXN102536,2909.73,1082,Delhi,Mobile Payment,0
TXN102537,2747.52,180,Hyderabad,Online,0
TXN102538,315.54,18,Aurangabad,Bank Transfer,0
TXN102539,1158.56,1249,Mumbai,ATM,0
TXN102540,539.38,1118,Bengaluru,Mobile Payment,0
TXN102541,311.53,880,Delhi,ATM,0
TXN102542,882.7,1320,Nashik,Online,0
TXN102543,805.54,174,Bengaluru,Mobile Payment,0
TXN102544,12415.69,1245,Mumbai,ATM,0
TXN102545,1690.8,53,Nagpur,POS,0
TXN102546,276.55,694,Aurangabad,Mobile Payment,0
TXN102547,623.42,862,Bengaluru,Mobile Payment,0
TXN102548,3045.39,1426,Delhi,Mobile Payment,0
TXN102549,8852.39,1341,Pune,Mobile Payment,0
TXN102550,224.53,348,Hyderabad,POS,0
TXN102551,167.35,442,Hyderabad,Online,0
TXN102552,7122.15,832,Hyderabad,POS,0
TXN102553,1619.08,579,Nashik,POS,0
TXN102554,460.22,281,Bengaluru,ATM,0
TXN102555,1871.75,359,Hyderabad,Bank Transfer,0
TXN102556,78.59,914,Delhi,Bank Transfer,0
TXN102557,1100.34,822,Pune,ATM,0
TXN102558,1522.06,891,Delhi,POS,0
TXN102559,2763.55,952,Bengaluru,ATM,0
TXN102560,397.86,640,Mumbai,Mobile Payment,0
TXN102561,1194.74,1031,Pune,ATM,0
TXN102562,434.66,562,Pune,ATM,0
TXN102563,1415.71,490,Delhi,Mobile Payment,0
TXN102564,447.94,340,Nagpur,Bank Transfer,0
TXN102565,729.16,471,Bengaluru,Mobile Payment,0
TXN102566,405.12,248,Hyderabad,Online,0
TXN102567,2103.03,234,Nagpur,ATM,0
TXN102568,2587.51,1106,Aurangabad,ATM,0
TXN102569,867.3,1116,Hyderabad,Bank Transfer,0
TXN102570,1139.38,1417,Mumbai,POS,0
TXN102571,257.6,823,Nagpur,Mobile Payment,0
TXN102572,812.67,1291,Delhi,POS,0
TXN102573,1042.94,631,Bengaluru,Online,0
TXN102574,15075.0,528,Nagpur,Mobile Payment,0
TXN102575,360.7,1276,Aurangabad,Online,0
TXN102576,4741.82,121,Nashik,Online,0
TXN102577,2971.61,891,Aurangabad,Online,0
TXN102578,1451.91,9,Pune,Mobile Payment,0
TXN102579,24122.3,1339,Hyderabad,Mobile Payment,1
TXN102580,1590.98,837,Bengaluru,Bank Transfer,0
TXN102581,1618.34,1296,Pune,ATM,0
TXN102582,1039.9,1329,Nagpur,POS,0
TXN102583,3727.78,1233,Nagpur,POS,0
TXN102584,3282.86,752,Aurangabad,Online,0
TXN102585,586.59,885,Aurangabad,Mobile Payment,0
TXN102586,293.17,463,Delhi,Mobile Payment,0
TXN102587,895.18,711,Mumbai,Online,0
TXN102588,492.73,727,Delhi,ATM,0
TXN102589,1029.14,716,Pune,POS,0
TXN102590,3779.84,1439,Delhi,Bank Transfer,0
TXN102591,694.16,1239,Aurangabad,ATM,0
TXN102592,1050.66,79,Bengaluru,Mobile Payment,0
TXN102593,1162.15,479,Delhi,Online,0
TXN102594,2561.71,901,Nashik,POS,0
TXN102595,115.94,890,Hyderabad,Online,0
TXN102596,1428.99,17,Mumbai,Mobile Payment,1
TXN102597,1354.63,1188,Aurangabad,Online,0
TXN102598,3641.24,201,Bengaluru,POS,0
TXN102599,670.55,740,Nagpur,Online,0
TXN102600,167.91,1369,Hyderabad,POS,0
TXN102601,2037.97,1389,Delhi,Online,0
TXN102602,580.93,318,Aurangabad,Online,0
TXN102603,333.73,216,Nagpur,POS,0
TXN102604,587.37,1057,Nagpur,Online,0
TXN102605,911.85,265,Pune,ATM,0
TXN102606,903.66,723,Pune,Bank Transfer,1
TXN102607,120.84,774,Bengaluru,ATM,0
TXN102608,10607.45,1103,Aurangabad,Bank Transfer,1
TXN102609,3924.03,412,Hyderabad,ATM,0
TXN102610,2103.85,1275,Bengaluru,Bank Transfer,0
TXN102611,351.54,1035,Aurangabad,Online,0
TXN102612,896.51,400,Nashik,POS,0
TXN102613,1089.5,723,Mumbai,POS,0
TXN102614,1995.79,281,Mumbai,Mobile Payment,0
TXN102615,2139.53,1135,Hyderabad,Bank Transfer,0
TXN102616,526.28,722,Aurangabad,Mobile Payment,0
TXN102617,1190.34,1401,Pune,Mobile Payment,0
TXN102618,1732.43,750,Hyderabad,Bank Transfer,0
TXN102619,4702.37,267,Delhi,POS,0
TXN102620,2218.32,297,Bengaluru,Bank Transfer,0
TXN102621,2414.04,1340,Nashik,Online,0
TXN102622,1192.52,569,Mumbai,Mobile Payment,0
TXN102623,4493.82,508,Aurangabad,Mobile Payment,0
TXN102624,1652.03,545,Pune,Bank Transfer,0
TXN102625,463.55,774,Pune,Mobile Payment,0
TXN102626,4462.08,364,Pune,POS,0
TXN102627,2203.72,546,Bengaluru,Mobile Payment,0
TXN102628,704.13,270,Delhi,Bank Transfer,0
TXN102629,678.92,738,Nagpur,POS,0
TXN102630,1475.24,536,Hyderabad,POS,0
TXN102631,1742.69,1257,Bengaluru,Mobile Payment,0
TXN102632,1335.81,58,Delhi,Bank Transfer,0
TXN102633,4721.51,1274,Pune,Mobile Payment,1
TXN102634,6002.66,85,Aurangabad,Online,0
TXN102635,3202.04,762,Hyderabad,Online,0
TXN102636,1326.95,389,Nashik,POS,0
TXN102637,2811.04,1203,Delhi,Mobile Payment,0
TXN102638,390.52,718,Aurangabad,Online,0
TXN102639,1632.6,855,Bengaluru,ATM,0
TXN102640,6696.27,148,Bengaluru,Online,0
TXN102641,881.79,582,Hyderabad,Mobile Payment,0
TXN102642,469.83,120,Pune,Mobile Payment,0
TXN102643,571.3,764,Nashik,Online,0
TXN102644,368.84,604,Mumbai,Mobile Payment,0
TXN102645,500.32,255,Mumbai,Mobile Payment,0
TXN102646,757.1,765,Bengaluru,ATM,0
TXN102647,268.93,863,Aurangabad,POS,0
TXN102648,1113.9,799,Nashik,Mobile Payment,0
TXN102649,2703.43,1332,Aurangabad,Bank Transfer,0
TXN102650,442.41,58,Nashik,POS,0
TXN102651,5010.46,1021,Nashik,POS,0
TXN102652,1827.66,1092,Bengaluru,Bank Transfer,0
TXN102653,3073.53,387,Aurangabad,Online,0
TXN102654,568.03,1109,Bengaluru,ATM,0
TXN102655,2577.37,785,Hyderabad,Mobile Payment,0
TXN102656,367.99,1250,Nashik,Online,0
TXN102657,2671.1,592,Delhi,Bank Transfer,0
TXN102658,1302.24,1207,Pune,ATM,0
TXN102659,1906.93,1345,Hyderabad,ATM,0
TXN102660,338.46,908,Nashik,ATM,0
TXN102661,448.06,1341,Delhi,Bank Transfer,0
TXN102662,1992.67,565,Nashik,Online,0
TXN102663,424.81,398,Delhi,Mobile Payment,0
TXN102664,3143.21,898,Aurangabad,ATM,1
TXN102665,279.46,1316,Mumbai,ATM,0
TXN102666,2561.05,292,Nagpur,Online,0
TXN102667,319.73,484,Hyderabad,ATM,0
TXN102668,1905.12,802,Nashik,ATM,0
TXN102669,2050.07,1435,Nagpur,Bank Transfer,0
TXN102670,546.33,889,Nashik,POS,0
TXN102671,1962.6,243,Aurangabad,Online,0
TXN102672,1422.89,959,Aurangabad,Online,0
TXN102673,639.8,1177,Delhi,Online,0
TXN102674,399.99,815,Nashik,Bank Transfer,0
TXN102675,154.06,272,Aurangabad,Bank Transfer,0
TXN102676,1555.65,519,Aurangabad,Mobile Payment,0
TXN102677,229.34,1151,Nashik,Bank Transfer,0
TXN102678,1206.34,1396,Delhi,Online,0
TXN102679,842.65,567,Delhi,Mobile Payment,0
TXN102680,2162.77,637,Delhi,POS,0
TXN102681,810.75,158,Delhi,ATM,0
TXN102682,788.83,651,Mumbai,ATM,0
TXN102683,2279.86,175,Nashik,Mobile Payment,0
TXN102684,1533.12,619,Bengaluru,POS,0
TXN102685,1504.41,210,Mumbai,ATM,0
TXN102686,1753.32,446,Aurangabad,Mobile Payment,0
TXN102687,236.14,585,Mumbai,Bank Transfer,0
TXN102688,2337.39,166,Hyderabad,Online,0
TXN102689,2023.27,459,Bengaluru,POS,0
TXN102690,396.75,915,Bengaluru,ATM,0
TXN102691,859.13,1380,Bengaluru,Online,0
TXN102692,1054.36,1327,Delhi,Mobile Payment,0
TXN102693,958.63,1256,Aurangabad,ATM,0
TXN102694,1531.28,1350,Mumbai,Online,0
TXN102695,4588.77,1205,Mumbai,Bank Transfer,0
TXN102696,3234.94,1357,Hyderabad,POS,0
TXN102697,295.24,1052,Nashik,Mobile Payment,0
TXN102698,2042.79,713,Mumbai,ATM,0
TXN102699,4142.0,1116,Hyderabad,Bank Transfer,0
TXN102700,1614.55,840,Aurangabad,POS,0
TXN102701,3264.89,867,Delhi,POS,0
TXN102702,8203.12,687,Nashik,Bank Transfer,0
TXN102703,3052.48,329,Hyderabad,ATM,0
TXN102704,1407.13,1207,Mumbai,POS,0
TXN102705,3118.44,94,Nashik,Mobile Payment,0
TXN102706,1267.61,784,Nagpur,Online,0
TXN102707,1123.16,648,Nashik,Mobile Payment,0
TXN102708,771.69,352,Bengaluru,POS,0
TXN102709,18735.59,929,Delhi,Online,1
TXN102710,483.75,940,Bengaluru,Bank Transfer,0
TXN102711,5076.45,983,Nagpur,Online,0
TXN102712,1807.8,1288,Bengaluru,Online,0
TXN102713,270.61,1042,Nagpur,Online,0
TXN102714,1583.91,645,Nashik,POS,0
TXN102715,134.29,625,Aurangabad,ATM,0
TXN102716,2049.82,138,Delhi,POS,0
TXN102717,2657.74,715,Aurangabad,ATM,0
TXN102718,1782.05,761,Delhi,Bank Transfer,1
TXN102719,1240.84,254,Hyderabad,Bank Transfer,0
TXN102720,7740.0,1108,Delhi,Bank Transfer,0
TXN102721,661.33,675,Bengaluru,Bank Transfer,0
TXN102722,380.35,91,Bengaluru,Bank Transfer,0
TXN102723,4825.47,1092,Aurangabad,Mobile Payment,0
TXN102724,7805.53,36,Pune,POS,0
TXN102725,1100.69,139,Hyderabad,ATM,0
TXN102726,3015.33,866,Nagpur,Bank Transfer,0
TXN102727,4194.28,679,Bengaluru,Mobile Payment,0
TXN102728,521.92,1201,Hyderabad,Mobile Payment,0
TXN102729,674.99,136,Bengaluru,Mobile Payment,0
TXN102730,3755.12,189,Bengaluru,POS,0
TXN102731,5913.62,341,Nashik,Bank Transfer,0
TXN102732,1925.38,1028,Aurangabad,Mobile Payment,0
TXN102733,454.95,971,Aurangabad,Mobile Payment,0
TXN102734,7998.91,1280,Bengaluru,Bank Transfer,0
TXN102735,644.86,661,Nashik,POS,0
TXN102736,784.36,242,Bengaluru,Mobile Payment,0
TXN102737,1544.32,414,Nagpur,ATM,0
TXN102738,5188.3,706,Nashik,Online,0
TXN102739,2575.96,342,Bengaluru,Online,0
TXN102740,1660.49,681,Delhi,Online,0
TXN102741,1742.87,1402,Pune,POS,0
TXN102742,1145.41,652,Delhi,Mobile Payment,0
TXN102743,1916.28,145,Pune,Online,0
TXN102744,87.4,322,Nashik,Online,0
TXN102745,815.17,121,Delhi,Bank Transfer,0
TXN102746,1395.94,1275,Nagpur,Mobile Payment,0
TXN102747,346.88,310,Hyderabad,Mobile Payment,0
TXN102748,1613.76,600,Delhi,Bank Transfer,0
TXN102749,893.84,474,Aurangabad,Mobile Payment,0
TXN102750,6345.34,569,Hyderabad,ATM,0
TXN102751,5287.07,574,Hyderabad,POS,0
TXN102752,688.28,346,Pune,Bank Transfer,0
TXN102753,943.09,819,Pune,Online,0
TXN102754,1018.47,381,Bengaluru,Mobile Payment,0
TXN102755,698.08,1303,Nagpur,ATM,0
TXN102756,1332.78,71,Pune,ATM,0
TXN102757,513.74,520,Pune,POS,0
TXN102758,354.03,1389,Bengaluru,ATM,0
TXN102759,2044.1,932,Nagpur,Mobile Payment,0
TXN102760,2058.08,1117,Delhi,Mobile Payment,0
TXN102761,490.63,1396,Nashik,ATM,0
TXN102762,2684.78,338,Delhi,Mobile Payment,0
TXN102763,583.14,1359,Aurangabad,Mobile Payment,0
TXN102764,1412.57,663,Aurangabad,Online,0
TXN102765,2490.76,39,Pune,Bank Transfer,0
TXN102766,1060.39,1382,Hyderabad,Mobile Payment,0
TXN102767,1728.04,573,Aurangabad,Mobile Payment,0
TXN102768,654.3,1277,Nashik,POS,0
TXN102769,901.03,965,Pune,Bank Transfer,0
TXN102770,892.6,580,Bengaluru,Bank Transfer,0
TXN102771,519.79,1421,Aurangabad,Bank Transfer,0
TXN102772,918.94,169,Hyderabad,ATM,0
TXN102773,233.08,700,Bengaluru,Online,0
TXN102774,671.05,510,Mumbai,Online,0
TXN102775,824.79,1283,Mumbai,POS,0
TXN102776,848.8,583,Mumbai,Bank Transfer,0
TXN102777,861.35,983,Bengaluru,Bank Transfer,0
TXN102778,1030.95,458,Mumbai,Mobile Payment,0
TXN102779,1771.25,528,Delhi,ATM,0
TXN102780,2629.42,340,Mumbai,ATM,0
TXN102781,572.63,56,Pune,POS,0
TXN102782,329.24,217,Nagpur,Online,0
TXN102783,386.82,618,Delhi,Bank Transfer,0
TXN102784,673.71,815,Hyderabad,POS,0
TXN102785,771.3,730,Nagpur,ATM,0
TXN102786,1436.22,463,Pune,ATM,1
TXN102787,300.03,246,Hyderabad,ATM,0
TXN102788,694.98,729,Pune,Bank Transfer,0
TXN102789,1314.78,372,Nashik,Bank Transfer,0
TXN102790,1988.29,416,Hyderabad,Bank Transfer,0
TXN102791,628.02,1054,Delhi,Mobile Payment,0
TXN102792,725.6,367,Nagpur,Online,0
TXN102793,434.11,558,Mumbai,ATM,0
TXN102794,1062.69,107,Pune,ATM,0
TXN102795,469.45,583,Mumbai,Mobile Payment,0
TXN102796,1945.22,838,Hyderabad,ATM,0
TXN102797,183.85,417,Nagpur,ATM,0
TXN102798,765.38,820,Bengaluru,Bank Transfer,0
TXN102799,1481.94,1421,Delhi,Bank Transfer,0
TXN102800,1317.95,1295,Aurangabad,Online,0
TXN102801,16204.33,682,Bengaluru,ATM,0
TXN102802,1555.89,1139,Hyderabad,POS,0
TXN102803,401.8,255,Hyderabad,ATM,0
TXN102804,996.79,1104,Bengaluru,ATM,0
TXN102805,185.63,779,Aurangabad,Online,0
TXN102806,1011.71,1151,Hyderabad,POS,0
TXN102807,476.73,837,Hyderabad,ATM,0
TXN102808,2739.12,914,Pune,POS,0
TXN102809,632.99,234,Nashik,Bank Transfer,0
TXN102810,975.78,552,Hyderabad,Bank Transfer,0
TXN102811,580.82,180,Mumbai,POS,0
TXN102812,6240.72,156,Pune,ATM,0
TXN102813,795.33,570,Nashik,POS,0
TXN102814,6853.79,856,Mumbai,POS,0
TXN102815,2475.39,1047,Nagpur,Bank Transfer,0
TXN102816,1775.91,1423,Bengaluru,POS,0
TXN102817,1585.62,947,Bengaluru,Mobile Payment,0
TXN102818,4354.32,591,Aurangabad,Mobile Payment,1
TXN102819,159.55,133,Nashik,Bank Transfer,0
TXN102820,829.74,420,Mumbai,ATM,0
TXN102821,2553.34,212,Hyderabad,ATM,0
TXN102822,1044.3,899,Pune,Bank Transfer,0
TXN102823,269.03,481,Mumbai,ATM,0
TXN102824,1040.64,347,Pune,Online,0
TXN102825,6027.61,165,Bengaluru,Mobile Payment,0
TXN102826,3815.75,936,Aurangabad,Online,0
TXN102827,1030.7,347,Hyderabad,Online,0
TXN102828,2839.69,848,Aurangabad,Online,0
TXN102829,760.13,397,Mumbai,Bank Transfer,0
TXN102830,199.56,582,Mumbai,Online,0
TXN102831,435.08,725,Pune,POS,0
TXN102832,5233.78,1244,Pune,ATM,0
TXN102833,833.81,307,Nashik,Bank Transfer,0
TXN102834,859.73,990,Bengaluru,POS,0
TXN102835,812.54,797,Nashik,POS,0
TXN102836,7362.37,718,Nashik,Mobile Payment,0
TXN102837,5574.51,465,Mumbai,Mobile Payment,0
TXN102838,10084.76,98,Delhi,POS,0
TXN102839,935.38,1265,Delhi,Mobile Payment,0
TXN102840,1473.84,157,Delhi,ATM,0
TXN102841,240.65,609,Delhi,ATM,0
TXN102842,4802.7,553,Nashik,Mobile Payment,0
TXN102843,341.12,650,Mumbai,Online,0
TXN102844,1362.09,919,Delhi,POS,0
TXN102845,366.02,226,Hyderabad,ATM,0
TXN102846,608.58,422,Aurangabad,Mobile Payment,0
TXN102847,474.73,1095,Nagpur,Mobile Payment,0
TXN102848,597.12,242,Aurangabad,ATM,0
TXN102849,639.62,529,Mumbai,ATM,0
TXN102850,633.8,1068,Mumbai,Online,0
TXN102851,2523.33,370,Nagpur,Mobile Payment,0
TXN102852,363.27,651,Pune,Mobile Payment,0
TXN102853,1367.23,688,Pune,Bank Transfer,0
TXN102854,3706.93,733,Hyderabad,Online,0
TXN102855,656.42,91,Pune,ATM,0
TXN102856,534.9,1045,Nashik,ATM,0
TXN102857,870.85,171,Pune,POS,0
TXN102858,3567.87,1215,Bengaluru,ATM,0
TXN102859,1331.56,1100,Nashik,Mobile Payment,0
TXN102860,644.7,1304,Nashik,ATM,0
TXN102861,1779.12,1387,Hyderabad,Mobile Payment,0
TXN102862,364.2,178,Pune,Mobile Payment,0
TXN102863,2167.56,237,Pune,Online,0
TXN102864,1650.13,1158,Hyderabad,ATM,0
TXN102865,806.09,876,Nagpur,Online,0
TXN102866,474.1,901,Delhi,Mobile Payment,0
TXN102867,451.84,279,Hyderabad,ATM,0
TXN102868,1872.1,1042,Nagpur,ATM,0
TXN102869,3748.01,739,Nashik,Online,0
TXN102870,579.81,370,Nagpur,Online,0
TXN102871,1734.35,1135,Nashik,Mobile Payment,0
TXN102872,136.04,869,Mumbai,Mobile Payment,0
TXN102873,611.17,1018,Nashik,ATM,0
TXN102874,1063.1,220,Nashik,ATM,0
TXN102875,441.56,919,Nagpur,Bank Transfer,0
TXN102876,429.87,303,Delhi,Bank Transfer,0
TXN102877,562.4,1348,Mumbai,POS,0
TXN102878,1468.79,437,Aurangabad,Mobile Payment,0
TXN102879,909.3,1193,Aurangabad,POS,0
TXN102880,116.95,374,Delhi,POS,0
TXN102881,131.54,380,Aurangabad,Online,0
TXN102882,597.73,985,Mumbai,Online,0
TXN102883,1733.13,13,Pune,Bank Transfer,0
TXN102884,70.28,742,Mumbai,POS,0
TXN102885,665.32,668,Nagpur,Bank Transfer,0
TXN102886,647.91,499,Hyderabad,Mobile Payment,0
TXN102887,4395.51,1414,Bengaluru,ATM,0
TXN102888,746.19,564,Nashik,Online,0
TXN102889,3357.9,529,Nashik,Mobile Payment,1
TXN102890,1263.02,491,Hyderabad,Mobile Payment,0
TXN102891,130.25,1408,Nagpur,Online,0
TXN102892,2364.23,1219,Nagpur,Online,0
TXN102893,1360.21,754,Bengaluru,POS,0
TXN102894,1823.05,299,Bengaluru,Bank Transfer,0
TXN102895,55616.64,814,Nashik,Mobile Payment,0
TXN102896,136.44,546,Bengaluru,POS,0
TXN102897,18531.73,726,Bengaluru,POS,1
TXN102898,822.67,730,Bengaluru,Mobile Payment,0
TXN102899,1461.66,827,Hyderabad,Mobile Payment,0
TXN102900,1047.84,601,Delhi,ATM,0
TXN102901,717.49,1331,Pune,Bank Transfer,0
TXN102902,620.28,1275,Bengaluru,Mobile Payment,0
TXN102903,1524.63,1031,Pune,Online,0
TXN102904,240.53,767,Pune,ATM,0
TXN102905,2322.92,874,Nagpur,Bank Transfer,0
TXN102906,723.29,1231,Bengaluru,Online,0
TXN102907,354.22,936,Nashik,Online,0
TXN102908,699.24,130,Delhi,Bank Transfer,0
TXN102909,3855.09,607,Nashik,ATM,0
TXN102910,642.05,25,Bengaluru,Online,0
TXN102911,1569.41,634,Nashik,POS,0
TXN102912,527.97,1209,Bengaluru,Bank Transfer,0
TXN102913,2340.04,483,Delhi,Bank Transfer,0
TXN102914,2176.57,679,Mumbai,Mobile Payment,0
TXN102915,6964.69,1074,Delhi,ATM,0
TXN102916,920.06,4,Hyderabad,POS,0
TXN102917,2140.2,588,Mumbai,POS,0
TXN102918,1209.63,1183,Aurangabad,Mobile Payment,0
TXN102919,4007.3,207,Mumbai,Online,0
TXN102920,534.41,256,Pune,Online,0
TXN102921,2310.01,1228,Hyderabad,POS,0
TXN102922,902.62,10,Pune,ATM,0
TXN102923,2666.25,948,Hyderabad,Online,1
TXN102924,1202.01,7,Delhi,Bank Transfer,0
TXN102925,1411.26,1432,Pune,Mobile Payment,0
TXN102926,2473.39,935,Pune,ATM,1
TXN102927,1359.28,31,Aurangabad,Online,0
TXN102928,5314.1,539,Pune,POS,0
TXN102929,2937.9,1004,Nagpur,Mobile Payment,0
TXN102930,2615.35,386,Nagpur,Online,0
TXN102931,695.38,1251,Nagpur,POS,0
TXN102932,450.68,639,Mumbai,Online,0
TXN102933,2850.64,206,Delhi,Mobile Payment,0
TXN102934,2633.44,1341,Delhi,Bank Transfer,0
TXN102935,4782.27,556,Nashik,Bank Transfer,0
TXN102936,1211.4,347,Aurangabad,POS,1
TXN102937,871.71,792,Nagpur,Bank Transfer,0
TXN102938,212.83,233,Nagpur,Mobile Payment,0
TXN102939,740.65,1067,Pune,POS,0
TXN102940,2970.75,1005,Nagpur,Online,0
TXN102941,687.8,736,Pune,ATM,0
TXN102942,2080.74,941,Pune,Online,0
TXN102943,906.41,1165,Nashik,Mobile Payment,0
TXN102944,1516.34,175,Mumbai,POS,0
TXN102945,348.04,448,Pune,Online,0
TXN102946,1194.17,591,Pune,POS,0
TXN102947,55.08,81,Delhi,Bank Transfer,0
TXN102948,909.69,134,Nashik,ATM,0
TXN102949,214.76,855,Pune,Mobile Payment,0
TXN102950,3662.84,1200,Aurangabad,Online,0
TXN102951,2386.08,1406,Mumbai,ATM,0
TXN102952,1748.78,1266,Hyderabad,Mobile Payment,0
TXN102953,5019.1,1164,Aurangabad,Mobile Payment,0
TXN102954,424.57,439,Nagpur,Bank Transfer,0
TXN102955,6294.07,1079,Mumbai,POS,0
TXN102956,2785.52,696,Nagpur,POS,0
TXN102957,865.62,418,Delhi,ATM,0
TXN102958,3413.93,87,Bengaluru,Bank Transfer,0
TXN102959,362.75,655,Bengaluru,Mobile Payment,0
TXN102960,480.82,1031,Bengaluru,Bank Transfer,0
TXN102961,596.7,214,Pune,Bank Transfer,0
TXN102962,646.14,551,Nashik,ATM,0
TXN102963,381.25,502,Aurangabad,POS,0
TXN102964,10531.5,698,Nagpur,Bank Transfer,1
TXN102965,846.53,244,Pune,Bank Transfer,0
TXN102966,1560.1,308,Bengaluru,Bank Transfer,0
TXN102967,619.96,230,Aurangabad,Online,0
TXN102968,177.58,1406,Aurangabad,Bank Transfer,0
TXN102969,1436.63,154,Delhi,Bank Transfer,0
TXN102970,162.02,1198,Delhi,Mobile Payment,0
TXN102971,1023.89,847,Bengaluru,Online,0
TXN102972,279.13,114,Nagpur,Bank Transfer,0
TXN102973,8000.63,1413,Bengaluru,Bank Transfer,0
TXN102974,2728.11,310,Bengaluru,ATM,0
TXN102975,1218.96,992,Pune,ATM,0
TXN102976,3880.45,299,Nashik,Online,0
TXN102977,470.45,1041,Bengaluru,Mobile Payment,0
TXN102978,1888.39,783,Nagpur,Online,0
TXN102979,1339.18,11,Aurangabad,Online,0
TXN102980,1427.99,1427,Aurangabad,ATM,0
TXN102981,3914.15,231,Hyderabad,ATM,0
TXN102982,2281.28,954,Mumbai,Mobile Payment,0
TXN102983,1463.7,729,Bengaluru,Bank Transfer,0
TXN102984,209.58,1301,Hyderabad,Mobile Payment,0
TXN102985,419.87,1376,Hyderabad,Bank Transfer,0
TXN102986,970.0,1017,Pune,POS,0
TXN102987,1203.96,998,Mumbai,ATM,0
TXN102988,354.18,302,Delhi,POS,0
TXN102989,44439.1,540,Nashik,POS,1
TXN102990,4996.01,469,Nagpur,ATM,0
TXN102991,2002.43,812,Bengaluru,POS,0
TXN102992,1178.55,76,Aurangabad,Online,0
TXN102993,1829.77,1019,Pune,Bank Transfer,1
TXN102994,423.3,23,Aurangabad,Mobile Payment,0
TXN102995,1184.98,1038,Bengaluru,ATM,0
TXN102996,5362.93,675,Delhi,Online,1
TXN102997,1175.65,524,Mumbai,Mobile Payment,1
TXN102998,2985.58,346,Bengaluru,Mobile Payment,1
TXN102999,938.93,171,Mumbai,Mobile Payment,0
TXN103000,162.75,1350,Nagpur,POS,0
TXN103001,463.87,711,Pune,POS,0
TXN103002,725.16,488,Delhi,POS,0
TXN103003,7242.25,377,Pune,POS,0
TXN103004,1913.24,1187,Nagpur,Online,0
TXN103005,288.45,371,Delhi,POS,0
TXN103006,1782.97,999,Hyderabad,ATM,0
TXN103007,233.39,976,Delhi,Mobile Payment,0
TXN103008,3237.93,756,Mumbai,Online,0
TXN103009,684.63,476,Mumbai,POS,0
TXN103010,998.61,381,Mumbai,Mobile Payment,0
TXN103011,4129.03,154,Aurangabad,Online,0
TXN103012,302.73,256,Hyderabad,Mobile Payment,0
TXN103013,684.48,673,Nashik,Online,1
TXN103014,611.8,67,Bengaluru,Bank Transfer,0
TXN103015,3097.59,343,Mumbai,Online,0
TXN103016,240.0,1300,Nashik,POS,0
TXN103017,64.58,672,Nashik,Mobile Payment,0
TXN103018,698.43,390,Pune,Mobile Payment,0
TXN103019,1904.05,258,Nagpur,Mobile Payment,0
TXN103020,3641.9,306,Aurangabad,ATM,0
TXN103021,690.1,1118,Nashik,ATM,0
TXN103022,2055.77,949,Bengaluru,POS,1
TXN103023,3476.92,969,Aurangabad,Bank Transfer,0
TXN103024,169.06,245,Pune,ATM,0
TXN103025,743.58,732,Mumbai,Online,0
TXN103026,1326.67,186,Delhi,POS,0
TXN103027,1718.52,924,Nashik,Bank Transfer,0
TXN103028,658.65,784,Nagpur,Online,0
TXN103029,1135.06,1396,Delhi,Mobile Payment,0
TXN103030,91.07,1429,Pune,ATM,0
TXN103031,567.79,407,Aurangabad,Online,0
TXN103032,1725.91,1148,Bengaluru,Bank Transfer,0
TXN103033,410.64,1360,Hyderabad,POS,0
TXN103034,1163.26,340,Mumbai,Online,0
TXN103035,1714.49,562,Aurangabad,POS,0
TXN103036,778.56,1201,Nagpur,Mobile Payment,0
TXN103037,1300.45,650,Nashik,Bank Transfer,0
TXN103038,418.75,951,Nagpur,Bank Transfer,0
TXN103039,891.93,1193,Aurangabad,ATM,0
TXN103040,2018.71,1062,Aurangabad,Bank Transfer,0
TXN103041,1283.02,68,Delhi,Online,0
TXN103042,610.01,1259,Nagpur,Online,0
TXN103043,1372.26,380,Nagpur,Online,0
TXN103044,2240.85,56,Nagpur,Mobile Payment,0
TXN103045,141.18,1300,Mumbai,Bank Transfer,0
TXN103046,3494.95,849,Bengaluru,Bank Transfer,0
TXN103047,783.48,1122,Aurangabad,Online,0
TXN103048,5762.86,915,Pune,ATM,1
TXN103049,3630.94,324,Mumbai,ATM,0
TXN103050,278.2,460,Mumbai,Bank Transfer,0
TXN103051,539.45,178,Mumbai,Bank Transfer,0
TXN103052,821.76,843,Delhi,POS,0
TXN103053,500.82,573,Hyderabad,Bank Transfer,0
TXN103054,6216.34,118,Bengaluru,Online,0
TXN103055,465.55,548,Bengaluru,Mobile Payment,0
TXN103056,629.2,645,Pune,Bank Transfer,0
TXN103057,1345.32,25,Hyderabad,Bank Transfer,0
TXN103058,329.59,1031,Nagpur,Online,0
TXN103059,738.28,968,Delhi,POS,0
TXN103060,1506.36,532,Aurangabad,Bank Transfer,0
TXN103061,786.14,148,Hyderabad,ATM,0
TXN103062,998.86,1048,Nashik,ATM,0
TXN103063,645.91,654,Delhi,ATM,0
TXN103064,241.18,944,Nashik,Mobile Payment,0
TXN103065,1512.61,554,Aurangabad,Mobile Payment,0
TXN103066,6341.9,424,Pune,Bank Transfer,0
TXN103067,1117.0,292,Bengaluru,Bank Transfer,0
TXN103068,1373.7,1208,Nashik,Bank Transfer,0
TXN103069,8348.27,553,Mumbai,Mobile Payment,1
TXN103070,308.18,430,Delhi,Bank Transfer,0
TXN103071,6018.03,603,Hyderabad,Online,0
TXN103072,1342.55,316,Hyderabad,POS,0
TXN103073,5607.48,397,Nashik,ATM,0
TXN103074,526.88,1347,Aurangabad,ATM,0
TXN103075,6755.16,595,Bengaluru,Online,0
TXN103076,2380.71,545,Mumbai,Bank Transfer,0
TXN103077,1906.53,75,Hyderabad,Mobile Payment,0
TXN103078,1385.79,864,Nashik,Bank Transfer,0
TXN103079,855.32,915,Bengaluru,Bank Transfer,0
TXN103080,3642.89,708,Aurangabad,ATM,0
TXN103081,1261.88,485,Pune,ATM,0
TXN103082,153.38,1111,Aurangabad,Mobile Payment,0
TXN103083,358.82,746,Pune,ATM,0
TXN103084,910.65,1255,Hyderabad,Bank Transfer,0
TXN103085,1495.18,1030,Bengaluru,Online,0
TXN103086,1036.3,549,Bengaluru,Mobile Payment,0
TXN103087,3710.68,975,Mumbai,Online,0
TXN103088,155.85,1075,Aurangabad,Bank Transfer,0
TXN103089,1265.96,941,Nagpur,Mobile Payment,0
TXN103090,178.04,918,Hyderabad,Online,0
TXN103091,2344.23,1419,Delhi,Mobile Payment,0
TXN103092,997.79,1244,Nagpur,Bank Transfer,0
TXN103093,1668.38,1166,Hyderabad,Mobile Payment,0
TXN103094,462.26,362,Nagpur,Bank Transfer,0
TXN103095,3942.08,381,Nagpur,Mobile Payment,0
TXN103096,3107.97,1300,Delhi,Mobile Payment,0
TXN103097,1965.58,270,Nagpur,ATM,0
TXN103098,2496.16,1037,Pune,Bank Transfer,1
TXN103099,1958.35,297,Aurangabad,POS,0
TXN103100,540.83,1003,Bengaluru,Mobile Payment,0
TXN103101,2580.03,233,Mumbai,Online,0
TXN103102,5707.18,574,Nagpur,ATM,0
TXN103103,3199.05,26,Bengaluru,ATM,0
TXN103104,528.69,92,Nagpur,Mobile Payment,0
TXN103105,1574.07,616,Hyderabad,POS,0
TXN103106,300.92,308,Mumbai,ATM,0
TXN103107,1943.78,51,Hyderabad,Bank Transfer,0
TXN103108,1720.9,318,Mumbai,Mobile Payment,0
TXN103109,169.05,180,Nagpur,Mobile Payment,0
TXN103110,343.17,1143,Pune,POS,0
TXN103111,826.22,874,Bengaluru,Bank Transfer,0
TXN103112,811.71,1066,Mumbai,Bank Transfer,0
TXN103113,327.18,646,Aurangabad,POS,0
TXN103114,1618.05,1283,Bengaluru,Online,0
TXN103115,5094.75,196,Aurangabad,Bank Transfer,1
TXN103116,903.01,644,Bengaluru,Online,0
TXN103117,515.02,970,Pune,Online,0
TXN103118,3129.75,254,Hyderabad,Mobile Payment,0
TXN103119,5741.11,731,Delhi,Mobile Payment,0
TXN103120,676.17,335,Hyderabad,ATM,0
TXN103121,594.57,989,Nashik,Mobile Payment,0
TXN103122,1792.22,899,Pune,Bank Transfer,0
TXN103123,766.6,1278,Nagpur,Bank Transfer,0
TXN103124,953.94,513,Nashik,Online,0
TXN103125,2297.68,241,Nagpur,Bank Transfer,0
TXN103126,162.49,148,Aurangabad,Mobile Payment,0
TXN103127,4098.2,1322,Mumbai,Mobile Payment,0
TXN103128,2162.21,756,Bengaluru,Mobile Payment,1
TXN103129,726.69,619,Nagpur,POS,0
TXN103130,1003.02,452,Aurangabad,Bank Transfer,0
TXN103131,1056.2,1416,Pune,ATM,0
TXN103132,194.18,211,Nagpur,Bank Transfer,0
TXN103133,11092.59,667,Hyderabad,Bank Transfer,1
TXN103134,1142.9,593,Aurangabad,POS,0
TXN103135,1707.87,130,Mumbai,Bank Transfer,0
TXN103136,2839.97,1352,Bengaluru,Online,0
TXN103137,394.98,611,Nagpur,Mobile Payment,0
TXN103138,1760.71,255,Delhi,Mobile Payment,0
TXN103139,839.12,560,Aurangabad,POS,0
TXN103140,2557.46,62,Nagpur,Mobile Payment,0
TXN103141,130.68,1334,Mumbai,Online,0
TXN103142,993.17,406,Bengaluru,POS,0
TXN103143,600.15,801,Nagpur,ATM,0
TXN103144,1689.63,1128,Nagpur,Mobile Payment,0
TXN103145,1754.68,14,Bengaluru,Bank Transfer,0
TXN103146,540.43,258,Delhi,Online,0
TXN103147,537.98,722,Aurangabad,Online,0
TXN103148,981.75,1435,Nashik,Mobile Payment,0
TXN103149,447.36,1282,Hyderabad,ATM,0
TXN103150,2545.25,613,Bengaluru,Bank Transfer,0
TXN103151,758.08,1283,Nagpur,ATM,0
TXN103152,59.92,1068,Nashik,ATM,0
TXN103153,753.84,812,Pune,Mobile Payment,0
TXN103154,388.17,330,Nagpur,Bank Transfer,0
TXN103155,214.59,164,Nashik,Mobile Payment,0
TXN103156,318.17,1216,Pune,Mobile Payment,0
TXN103157,1223.42,1424,Delhi,Online,0
TXN103158,4140.79,1397,Aurangabad,Mobile Payment,0
TXN103159,1499.95,1088,Nagpur,POS,0
TXN103160,597.94,386,Aurangabad,Bank Transfer,0
TXN103161,1730.05,1438,Pune,Online,0
TXN103162,692.92,1053,Aurangabad,Bank Transfer,0
TXN103163,547.52,1289,Aurangabad,Online,0
TXN103164,345.72,327,Bengaluru,POS,0
TXN103165,190.22,1240,Mumbai,Mobile Payment,0
TXN103166,742.54,319,Pune,Online,0
TXN103167,1284.41,398,Aurangabad,Online,0
TXN103168,995.63,104,Hyderabad,Online,0
TXN103169,723.45,695,Nashik,POS,0
TXN103170,425.92,1016,Pune,Bank Transfer,0
TXN103171,2014.74,329,Mumbai,POS,0
TXN103172,293.79,659,Nagpur,Online,0
TXN103173,2382.79,1070,Delhi,Online,0
TXN103174,402.54,598,Aurangabad,Mobile Payment,0
TXN103175,516.75,820,Nashik,POS,0
TXN103176,252.96,640,Mumbai,POS,0
TXN103177,664.21,313,Pune,ATM,0
TXN103178,2908.27,1170,Delhi,Bank Transfer,0
TXN103179,1836.52,461,Delhi,ATM,0
TXN103180,2917.32,485,Hyderabad,ATM,0
TXN103181,1848.52,409,Aurangabad,Bank Transfer,0
TXN103182,363.7,26,Mumbai,Mobile Payment,0
TXN103183,787.77,1052,Mumbai,Mobile Payment,0
TXN103184,502.6,270,Nashik,Bank Transfer,0
TXN103185,4148.8,685,Nagpur,Bank Transfer,0
TXN103186,331.36,500,Nagpur,POS,0
TXN103187,2680.34,1276,Bengaluru,POS,0
TXN103188,5034.52,384,Nagpur,POS,1
TXN103189,16546.58,59,Bengaluru,POS,1
TXN103190,728.01,1130,Delhi,Online,0
TXN103191,2235.73,219,Delhi,Online,0
TXN103192,10739.16,770,Hyderabad,Mobile Payment,0
TXN103193,591.32,563,Pune,Online,0
TXN103194,638.78,545,Delhi,Online,1
TXN103195,167.33,95,Delhi,POS,0
TXN103196,2236.6,988,Mumbai,POS,0
TXN103197,166.81,1112,Pune,Bank Transfer,0
TXN103198,755.73,827,Mumbai,POS,0
TXN103199,1698.18,230,Nashik,Bank Transfer,0
TXN103200,1319.72,967,Bengaluru,Bank Transfer,0
TXN103201,1678.15,274,Bengaluru,Online,0
TXN103202,1369.62,245,Nashik,POS,0
TXN103203,3939.72,110,Bengaluru,Online,0
TXN103204,423.13,233,Pune,POS,0
TXN103205,557.24,1301,Pune,Online,0
TXN103206,506.41,416,Delhi,Online,0
TXN103207,2515.41,677,Bengaluru,Online,0
TXN103208,2698.36,1151,Nashik,Mobile Payment,0
TXN103209,1721.97,1260,Aurangabad,Online,0
TXN103210,3581.34,802,Nagpur,ATM,0
TXN103211,337.63,618,Delhi,ATM,0
TXN103212,5809.35,1151,Nagpur,ATM,0
TXN103213,5030.32,706,Nashik,Bank Transfer,0
TXN103214,2288.43,850,Bengaluru,Online,0
TXN103215,6514.59,1417,Bengaluru,ATM,0
TXN103216,209.22,474,Nagpur,Bank Transfer,0
TXN103217,649.08,654,Aurangabad,ATM,0
TXN103218,525.68,394,Bengaluru,POS,0
TXN103219,2256.29,110,Aurangabad,Mobile Payment,0
TXN103220,383.7,89,Mumbai,Online,0
TXN103221,2339.04,762,Pune,Mobile Payment,0
TXN103222,4317.95,1303,Nagpur,Mobile Payment,0
TXN103223,2197.78,1356,Bengaluru,POS,0
TXN103224,1456.44,1247,Aurangabad,POS,0
TXN103225,408.35,1124,Hyderabad,POS,0
TXN103226,470.2,131,Hyderabad,Bank Transfer,0
TXN103227,3826.17,1036,Bengaluru,ATM,0
TXN103228,2390.72,456,Pune,Online,0
TXN103229,1054.67,97,Pune,POS,0
TXN103230,722.05,1143,Mumbai,Online,0
TXN103231,144.63,292,Pune,Online,0
TXN103232,375.83,1024,Pune,Online,0
TXN103233,7416.18,571,Delhi,POS,0
TXN103234,304.77,249,Hyderabad,POS,0
TXN103235,1325.41,651,Nashik,ATM,0
TXN103236,3003.23,148,Hyderabad,POS,0
TXN103237,312.65,1418,Hyderabad,POS,0
TXN103238,1319.11,43,Bengaluru,Online,0
TXN103239,2801.51,1067,Hyderabad,ATM,0
TXN103240,1110.43,1101,Mumbai,Mobile Payment,0
TXN103241,19310.48,1249,Mumbai,POS,0
TXN103242,206.73,161,Nagpur,POS,0
TXN103243,3161.27,252,Pune,Mobile Payment,0
TXN103244,922.6,131,Nagpur,Online,0
TXN103245,2373.02,473,Delhi,ATM,0
TXN103246,1704.98,1132,Hyderabad,Online,0
TXN103247,526.81,705,Aurangabad,Bank Transfer,0
TXN103248,1378.84,1058,Pune,POS,0
TXN103249,171.07,274,Aurangabad,Bank Transfer,0
TXN103250,2004.7,186,Hyderabad,POS,0
TXN103251,1477.58,948,Nashik,Bank Transfer,0
TXN103252,2076.96,242,Delhi,Mobile Payment,0
TXN103253,3159.34,263,Pune,POS,0
TXN103254,1583.86,521,Nagpur,POS,0
TXN103255,1271.67,962,Nagpur,Bank Transfer,0
TXN103256,1452.03,782,Pune,ATM,1
TXN103257,537.96,1110,Bengaluru,Bank Transfer,0
TXN103258,3592.97,534,Nagpur,POS,0
TXN103259,4611.62,209,Hyderabad,POS,0
TXN103260,864.27,45,Hyderabad,ATM,0
TXN103261,1148.26,25,Bengaluru,Online,0
TXN103262,443.81,1289,Pune,ATM,0
TXN103263,3543.1,174,Mumbai,Online,0
TXN103264,2133.28,1334,Nagpur,POS,0
TXN103265,7640.49,321,Bengaluru,Mobile Payment,0
TXN103266,455.63,1158,Pune,Mobile Payment,0
TXN103267,751.44,54,Pune,Bank Transfer,0
TXN103268,1382.22,1179,Bengaluru,ATM,0
TXN103269,2093.28,667,Nagpur,ATM,0
TXN103270,883.89,146,Mumbai,Mobile Payment,0
TXN103271,458.08,598,Nagpur,Online,0
TXN103272,2647.6,19,Pune,ATM,0
TXN103273,2255.52,1292,Mumbai,Online,0
TXN103274,438.66,332,Hyderabad,Online,0
TXN103275,6399.36,906,Aurangabad,Online,1
TXN103276,3534.05,943,Nashik,Online,0
TXN103277,1254.25,910,Nagpur,Bank Transfer,0
TXN103278,1187.49,400,Delhi,Bank Transfer,0
TXN103279,1908.47,949,Pune,Mobile Payment,0
TXN103280,463.26,1329,Mumbai,Bank Transfer,0
TXN103281,1130.07,27,Bengaluru,ATM,0
TXN103282,127.44,466,Hyderabad,Bank Transfer,0
TXN103283,2634.52,1283,Bengaluru,ATM,0
TXN103284,230.1,981,Bengaluru,ATM,0
TXN103285,4931.61,100,Mumbai,Online,0
TXN103286,788.3,550,Aurangabad,Mobile Payment,0
TXN103287,887.43,801,Nagpur,Online,0
TXN103288,585.38,352,Delhi,Online,0
TXN103289,822.18,1323,Hyderabad,Bank Transfer,0
TXN103290,4530.25,295,Bengaluru,Bank Transfer,0
TXN103291,91.12,352,Mumbai,ATM,0
TXN103292,3932.24,907,Bengaluru,Bank Transfer,0
TXN103293,1537.67,1153,Aurangabad,Bank Transfer,0
TXN103294,327.99,1018,Pune,POS,0
TXN103295,374.16,1179,Bengaluru,ATM,0
TXN103296,5862.86,1097,Aurangabad,ATM,0
TXN103297,426.02,1365,Nagpur,POS,0
TXN103298,346.07,1113,Hyderabad,ATM,0
TXN103299,3419.72,454,Hyderabad,Mobile Payment,0
TXN103300,1538.48,711,Bengaluru,Mobile Payment,0
TXN103301,429.26,979,Aurangabad,POS,0
TXN103302,1361.88,1355,Mumbai,Bank Transfer,0
TXN103303,393.17,738,Mumbai,Mobile Payment,0
TXN103304,3297.18,976,Nashik,POS,0
TXN103305,3169.63,1371,Aurangabad,Mobile Payment,0
TXN103306,1866.85,232,Pune,Online,0
TXN103307,1574.45,1023,Bengaluru,POS,0
TXN103308,6381.69,101,Delhi,ATM,0
TXN103309,1096.29,952,Delhi,Mobile Payment,0
TXN103310,336.34,480,Nagpur,ATM,0
TXN103311,1718.96,1237,Nashik,POS,0
TXN103312,8831.21,107,Aurangabad,Mobile Payment,0
TXN103313,397.52,1188,Pune,ATM,0
TXN103314,763.98,972,Nashik,Bank Transfer,0
TXN103315,1663.11,703,Mumbai,Bank Transfer,0
TXN103316,1039.08,334,Nagpur,Online,0
TXN103317,410.63,85,Bengaluru,POS,0
TXN103318,3367.27,733,Bengaluru,ATM,0
TXN103319,11159.44,874,Bengaluru,Online,0
TXN103320,1334.26,363,Aurangabad,POS,0
TXN103321,444.05,59,Delhi,Bank Transfer,0
TXN103322,233.0,1273,Pune,ATM,0
TXN103323,1419.38,559,Bengaluru,Mobile Payment,0
TXN103324,3307.27,116,Bengaluru,Bank Transfer,0
TXN103325,1763.7,873,Mumbai,Mobile Payment,0
TXN103326,1094.0,914,Hyderabad,Mobile Payment,0
TXN103327,608.34,967,Nashik,ATM,0
TXN103328,367.91,998,Bengaluru,ATM,0
TXN103329,2526.91,43,Nagpur,Mobile Payment,0
TXN103330,2734.69,508,Nashik,Online,0
TXN103331,233.75,1188,Delhi,Mobile Payment,0
TXN103332,5376.75,1391,Nashik,Mobile Payment,0
TXN103333,1947.05,1315,Pune,ATM,0
TXN103334,4445.26,848,Mumbai,POS,0
TXN103335,1069.42,916,Aurangabad,Bank Transfer,1
TXN103336,279.83,897,Pune,ATM,0
TXN103337,944.85,798,Delhi,Online,0
TXN103338,1813.08,875,Nagpur,Bank Transfer,0
TXN103339,6610.14,285,Delhi,ATM,0
TXN103340,2221.81,1227,Delhi,ATM,0
TXN103341,860.33,683,Nashik,POS,0
TXN103342,392.93,818,Nagpur,Online,0
TXN103343,3751.84,120,Pune,Online,0
TXN103344,1564.97,944,Delhi,ATM,1
TXN103345,5588.51,1017,Pune,POS,0
TXN103346,825.19,1211,Bengaluru,ATM,0
TXN103347,8371.47,906,Bengaluru,Mobile Payment,1
TXN103348,2162.31,12,Bengaluru,Mobile Payment,0
TXN103349,956.24,602,Aurangabad,POS,0
TXN103350,652.36,199,Nashik,ATM,0
TXN103351,779.84,585,Pune,POS,0
TXN103352,1682.97,447,Bengaluru,ATM,0
TXN103353,1184.6,840,Bengaluru,ATM,0
TXN103354,605.58,1094,Nagpur,Mobile Payment,0
TXN103355,929.24,589,Delhi,Bank Transfer,0
TXN103356,1186.28,1153,Bengaluru,Online,0
TXN103357,130.49,888,Aurangabad,Online,0
TXN103358,1733.97,42,Nagpur,POS,0
TXN103359,411.69,519,Nashik,Online,0
TXN103360,346.08,1036,Hyderabad,Mobile Payment,0
TXN103361,202.89,724,Hyderabad,Bank Transfer,0
TXN103362,182.38,622,Aurangabad,ATM,0
TXN103363,282.75,987,Aurangabad,ATM,0
TXN103364,539.68,802,Aurangabad,Mobile Payment,0
TXN103365,7733.05,534,Delhi,Online,0
TXN103366,648.15,301,Hyderabad,ATM,0
TXN103367,1309.96,526,Bengaluru,Online,0
TXN103368,1636.77,1138,Mumbai,Mobile Payment,0
TXN103369,1250.21,459,Aurangabad,ATM,0
TXN103370,1014.91,831,Nagpur,POS,0
TXN103371,331.86,504,Hyderabad,Bank Transfer,0
TXN103372,4679.41,1331,Nagpur,Online,0
TXN103373,6682.16,931,Nashik,Online,0
TXN103374,203.84,324,Pune,Online,0
TXN103375,393.85,578,Pune,Online,0
TXN103376,828.97,760,Mumbai,Mobile Payment,0
TXN103377,1144.63,1198,Delhi,Mobile Payment,1
TXN103378,1818.86,850,Bengaluru,Mobile Payment,0
TXN103379,529.39,1195,Delhi,Mobile Payment,0
TXN103380,9557.26,959,Bengaluru,ATM,0
TXN103381,3606.7,501,Aurangabad,Mobile Payment,0
TXN103382,1356.38,333,Hyderabad,ATM,0
TXN103383,3062.5,283,Bengaluru,POS,0
TXN103384,3313.96,474,Hyderabad,Mobile Payment,0
TXN103385,623.94,1077,Mumbai,POS,0
TXN103386,484.82,631,Nashik,Mobile Payment,0
TXN103387,1185.76,702,Nashik,POS,0
TXN103388,2595.76,408,Pune,Bank Transfer,0
TXN103389,1260.24,981,Nashik,POS,0
TXN103390,226.56,1327,Aurangabad,ATM,0
TXN103391,491.36,558,Nagpur,Online,0
TXN103392,1018.44,221,Nashik,POS,0
TXN103393,1016.72,157,Mumbai,Online,0
TXN103394,7883.62,347,Aurangabad,Bank Transfer,0
TXN103395,274.24,1182,Nashik,Bank Transfer,0
TXN103396,1818.18,888,Delhi,ATM,0
TXN103397,4861.55,921,Bengaluru,ATM,0
TXN103398,10630.15,1258,Nashik,POS,0
TXN103399,731.87,661,Delhi,Mobile Payment,0
TXN103400,3325.26,404,Aurangabad,Bank Transfer,1
TXN103401,1938.68,1280,Nashik,Online,0
TXN103402,1333.39,676,Delhi,Mobile Payment,0
TXN103403,993.42,588,Nagpur,Bank Transfer,0
TXN103404,1695.91,557,Hyderabad,POS,0
TXN103405,87.16,904,Pune,Bank Transfer,0
TXN103406,2169.1,1070,Aurangabad,ATM,0
TXN103407,1244.11,1236,Delhi,Online,0
TXN103408,877.89,478,Mumbai,Online,0
TXN103409,8491.85,486,Hyderabad,ATM,0
TXN103410,558.39,565,Nashik,Mobile Payment,0
TXN103411,732.84,1365,Delhi,ATM,0
TXN103412,8034.93,523,Hyderabad,Online,0
TXN103413,477.2,703,Bengaluru,POS,0
TXN103414,632.63,1029,Hyderabad,Mobile Payment,0
TXN103415,946.69,820,Delhi,Bank Transfer,0
TXN103416,2542.07,1167,Delhi,POS,0
TXN103417,1349.92,857,Bengaluru,Mobile Payment,0
TXN103418,301.08,1284,Pune,Online,0
TXN103419,644.09,584,Hyderabad,Online,0
TXN103420,597.44,685,Bengaluru,POS,0
TXN103421,1015.14,231,Bengaluru,Mobile Payment,0
TXN103422,1678.82,269,Hyderabad,Bank Transfer,0
TXN103423,1666.04,939,Mumbai,Bank Transfer,0
TXN103424,185.67,873,Bengaluru,ATM,0
TXN103425,3177.79,1245,Mumbai,POS,0
TXN103426,1411.73,51,Nagpur,Mobile Payment,0
TXN103427,4378.81,115,Hyderabad,POS,0
TXN103428,1709.91,537,Bengaluru,Bank Transfer,0
TXN103429,3298.83,540,Pune,Mobile Payment,0
TXN103430,1748.56,1042,Bengaluru,Online,0
TXN103431,4214.25,814,Delhi,Online,0
TXN103432,1848.72,1415,Aurangabad,Mobile Payment,0
TXN103433,994.35,790,Pune,POS,0
TXN103434,10640.63,617,Bengaluru,POS,0
TXN103435,2667.87,418,Pune,Online,0
TXN103436,1946.41,308,Hyderabad,Online,0
TXN103437,306.03,863,Mumbai,Bank Transfer,0
TXN103438,302.38,185,Nagpur,Mobile Payment,0
TXN103439,1469.56,260,Nagpur,POS,0
TXN103440,1268.41,1296,Hyderabad,Bank Transfer,0
TXN103441,593.41,159,Hyderabad,POS,0
TXN103442,1262.67,869,Pune,Online,0
TXN103443,5370.23,761,Hyderabad,Mobile Payment,0
TXN103444,2198.22,223,Pune,ATM,0
TXN103445,1075.65,1279,Hyderabad,Mobile Payment,1
TXN103446,980.92,179,Bengaluru,ATM,0
TXN103447,490.31,19,Hyderabad,Bank Transfer,0
TXN103448,2099.87,631,Nashik,ATM,1
TXN103449,725.15,1233,Delhi,ATM,0
TXN103450,680.18,57,Mumbai,Bank Transfer,0
TXN103451,312.58,1116,Delhi,Mobile Payment,0
TXN103452,965.21,1244,Aurangabad,Bank Transfer,0
TXN103453,626.03,722,Aurangabad,Online,0
TXN103454,58.59,1255,Nagpur,Online,0
TXN103455,8543.89,1387,Mumbai,ATM,0
TXN103456,3257.68,614,Delhi,Bank Transfer,0
TXN103457,752.72,561,Nagpur,Bank Transfer,0
TXN103458,1117.47,373,Aurangabad,Bank Transfer,0
TXN103459,339.8,621,Pune,Mobile Payment,0
TXN103460,5977.29,87,Mumbai,POS,0
TXN103461,7312.12,1043,Mumbai,POS,0
TXN103462,1282.66,1013,Hyderabad,POS,0
TXN103463,6936.98,13,Hyderabad,Mobile Payment,1
TXN103464,1306.73,132,Delhi,Bank Transfer,0
TXN103465,288.09,1057,Hyderabad,POS,0
TXN103466,726.46,891,Hyderabad,Bank Transfer,0
TXN103467,4941.97,1231,Bengaluru,ATM,1
TXN103468,696.07,1222,Nashik,POS,0
TXN103469,881.25,591,Delhi,ATM,0
TXN103470,3785.8,582,Hyderabad,Mobile Payment,1
TXN103471,1011.43,1178,Pune,Online,0
TXN103472,1155.47,1101,Bengaluru,Mobile Payment,0
TXN103473,379.71,1195,Bengaluru,Mobile Payment,0
TXN103474,535.38,288,Bengaluru,Mobile Payment,0
TXN103475,303.51,1012,Pune,POS,0
TXN103476,2915.56,878,Nagpur,ATM,0
TXN103477,133.53,6,Mumbai,POS,0
TXN103478,3475.84,1183,Nagpur,Online,0
TXN103479,4386.77,239,Pune,Mobile Payment,0
TXN103480,810.64,535,Nashik,Bank Transfer,0
TXN103481,81.2,69,Mumbai,Online,0
TXN103482,764.09,215,Pune,ATM,0
TXN103483,1028.46,1127,Nashik,Online,0
TXN103484,399.18,1077,Delhi,POS,0
TXN103485,655.1,805,Aurangabad,Bank Transfer,0
TXN103486,5065.43,329,Bengaluru,POS,0
TXN103487,4352.55,847,Hyderabad,Mobile Payment,1
TXN103488,435.04,1226,Pune,Mobile Payment,0
TXN103489,221.94,1311,Aurangabad,Online,0
TXN103490,790.75,44,Nagpur,Mobile Payment,0
TXN103491,885.85,828,Aurangabad,Mobile Payment,0
TXN103492,1801.18,197,Pune,ATM,0
TXN103493,642.06,1239,Aurangabad,ATM,0
TXN103494,1828.95,1332,Bengaluru,POS,0
TXN103495,7594.31,895,Mumbai,POS,0
TXN103496,2478.73,331,Pune,ATM,0
TXN103497,1045.15,695,Nashik,Online,0
TXN103498,913.1,26,Aurangabad,ATM,0
TXN103499,767.64,1189,Mumbai,POS,0
TXN103500,3571.14,317,Bengaluru,Bank Transfer,0
TXN103501,585.63,1297,Nagpur,Mobile Payment,0
TXN103502,1147.36,1406,Nagpur,Bank Transfer,0
TXN103503,1154.24,364,Bengaluru,Bank Transfer,0
TXN103504,663.96,1126,Aurangabad,Mobile Payment,0
TXN103505,277.98,959,Nagpur,ATM,0
TXN103506,1514.7,372,Nashik,Online,0
TXN103507,1031.73,244,Pune,Bank Transfer,0
TXN103508,1808.48,1192,Mumbai,Online,0
TXN103509,643.16,1379,Delhi,POS,0
TXN103510,3717.55,477,Aurangabad,Bank Transfer,0
TXN103511,456.33,124,Nagpur,POS,0
TXN103512,6075.63,536,Pune,ATM,0
TXN103513,191.02,705,Delhi,Bank Transfer,0
TXN103514,1693.87,1425,Nashik,POS,0
TXN103515,1764.16,530,Nagpur,POS,0
TXN103516,494.94,785,Nagpur,ATM,0
TXN103517,1676.38,253,Mumbai,Online,0
TXN103518,3942.3,120,Nashik,Online,0
TXN103519,119.48,1055,Nashik,Bank Transfer,0
TXN103520,1813.01,660,Aurangabad,ATM,0
TXN103521,90.62,1060,Delhi,Bank Transfer,0
TXN103522,417.52,1365,Mumbai,Online,0
TXN103523,5592.41,1036,Aurangabad,ATM,0
TXN103524,612.91,1206,Mumbai,Mobile Payment,0
TXN103525,339.04,1288,Nashik,ATM,0
TXN103526,899.7,87,Mumbai,ATM,0
TXN103527,8672.45,45,Mumbai,Mobile Payment,0
TXN103528,175.62,1415,Mumbai,POS,0
TXN103529,383.25,1142,Hyderabad,POS,0
TXN103530,4902.16,932,Pune,POS,0
TXN103531,7028.32,744,Pune,Online,0
TXN103532,988.88,966,Delhi,ATM,0
TXN103533,317.65,762,Delhi,Mobile Payment,0
TXN103534,8918.15,761,Bengaluru,Online,0
TXN103535,5401.56,793,Nashik,Mobile Payment,0
TXN103536,2162.34,743,Mumbai,Online,0
TXN103537,486.68,1069,Nashik,Online,0
TXN103538,1044.16,557,Pune,Online,0
TXN103539,934.15,525,Hyderabad,Mobile Payment,0
TXN103540,1526.68,596,Mumbai,Bank Transfer,0
TXN103541,4679.76,839,Aurangabad,Online,0
TXN103542,2642.33,2,Pune,POS,0
TXN103543,373.39,1051,Pune,ATM,0
TXN103544,4343.76,1404,Pune,Bank Transfer,0
TXN103545,1499.87,156,Bengaluru,Bank Transfer,0
TXN103546,2179.97,854,Mumbai,Mobile Payment,0
TXN103547,14242.33,510,Delhi,Bank Transfer,1
TXN103548,360.83,1356,Nagpur,Mobile Payment,0
TXN103549,1058.04,686,Aurangabad,Mobile Payment,0
TXN103550,644.55,1137,Aurangabad,POS,0
TXN103551,228.64,1412,Nashik,Online,0
TXN103552,1551.09,1273,Mumbai,Bank Transfer,0
TXN103553,13515.01,570,Delhi,Online,0
TXN103554,174.15,714,Pune,Online,0
TXN103555,1061.8,1338,Nagpur,Online,0
TXN103556,2080.87,238,Mumbai,Mobile Payment,0
TXN103557,1240.26,1257,Mumbai,Online,0
TXN103558,979.33,302,Bengaluru,Bank Transfer,0
TXN103559,299.1,606,Delhi,Mobile Payment,0
TXN103560,1384.07,990,Nagpur,Bank Transfer,0
TXN103561,514.52,333,Pune,Mobile Payment,0
TXN103562,122.74,112,Mumbai,ATM,0
TXN103563,3621.31,361,Aurangabad,ATM,0
TXN103564,2859.45,800,Hyderabad,ATM,0
TXN103565,1154.78,96,Aurangabad,ATM,0
TXN103566,3041.7,15,Nagpur,Mobile Payment,1
TXN103567,3210.94,555,Hyderabad,Online,0
TXN103568,1372.43,375,Pune,POS,0
TXN103569,2708.14,741,Nagpur,POS,0
TXN103570,814.45,389,Mumbai,ATM,0
TXN103571,4072.38,619,Bengaluru,Online,0
TXN103572,1511.39,1240,Bengaluru,Bank Transfer,0
TXN103573,1331.49,1422,Aurangabad,Online,0
TXN103574,307.95,1283,Bengaluru,Bank Transfer,0
TXN103575,1461.12,823,Nashik,POS,0
TXN103576,477.25,319,Nagpur,Online,0
TXN103577,579.24,195,Bengaluru,Online,0
TXN103578,485.23,417,Nashik,POS,0
TXN103579,377.57,606,Nashik,Online,0
TXN103580,9179.9,567,Delhi,Bank Transfer,0
TXN103581,4151.97,543,Aurangabad,Online,0
TXN103582,7482.84,230,Nagpur,Bank Transfer,0
TXN103583,322.82,883,Nashik,ATM,0
TXN103584,1177.62,520,Mumbai,Online,0
TXN103585,300.81,702,Bengaluru,Bank Transfer,0
TXN103586,546.92,1223,Delhi,POS,0
TXN103587,1017.65,845,Pune,ATM,1
TXN103588,9291.78,672,Bengaluru,Online,1
TXN103589,737.87,20,Bengaluru,Bank Transfer,0
TXN103590,3191.92,1334,Bengaluru,Online,0
TXN103591,5097.08,587,Delhi,Bank Transfer,1
TXN103592,10977.89,897,Pune,Online,0
TXN103593,249.77,370,Aurangabad,ATM,0
TXN103594,3863.13,77,Nagpur,ATM,0
TXN103595,3451.07,1308,Nagpur,Online,0
TXN103596,1531.27,647,Pune,Online,1
TXN103597,3002.3,139,Hyderabad,Mobile Payment,0
TXN103598,1534.78,552,Bengaluru,Online,0
TXN103599,873.51,997,Mumbai,Online,0
TXN103600,1290.26,281,Pune,ATM,1
TXN103601,534.26,1281,Pune,Online,0
TXN103602,33612.03,1383,Nagpur,POS,1
TXN103603,1097.38,439,Nashik,Online,0
TXN103604,2397.38,269,Mumbai,Mobile Payment,0
TXN103605,497.25,1157,Nagpur,Bank Transfer,0
TXN103606,502.78,745,Delhi,ATM,0
TXN103607,3235.65,103,Pune,POS,0
TXN103608,284.41,765,Hyderabad,Bank Transfer,0
TXN103609,724.0,94,Nashik,POS,0
TXN103610,1134.59,728,Mumbai,ATM,0
TXN103611,3566.61,479,Aurangabad,Mobile Payment,1
TXN103612,916.82,779,Mumbai,ATM,0
TXN103613,1629.16,1264,Mumbai,POS,0
TXN103614,2192.63,12,Bengaluru,POS,0
TXN103615,2286.18,1170,Pune,ATM,0
TXN103616,409.2,600,Pune,Online,0
TXN103617,825.38,94,Aurangabad,ATM,0
TXN103618,3621.93,292,Aurangabad,Mobile Payment,0
TXN103619,2682.88,24,Aurangabad,ATM,0
TXN103620,778.64,1295,Nagpur,Bank Transfer,1
TXN103621,1558.5,1189,Nagpur,Online,0
TXN103622,151.68,938,Pune,Bank Transfer,0
TXN103623,1149.33,761,Pune,ATM,0
TXN103624,7315.62,1110,Aurangabad,Online,0
TXN103625,425.01,653,Nagpur,Bank Transfer,0
TXN103626,476.12,984,Nashik,Bank Transfer,0
TXN103627,2354.37,637,Nagpur,Online,0
TXN103628,234.44,490,Pune,Online,0
TXN103629,582.45,1164,Nagpur,POS,0
TXN103630,1991.1,1126,Pune,Online,0
TXN103631,581.56,1249,Aurangabad,ATM,0
TXN103632,866.13,574,Bengaluru,Mobile Payment,0
TXN103633,2308.11,293,Aurangabad,POS,0
TXN103634,1671.62,895,Aurangabad,Online,0
TXN103635,1431.99,1329,Nashik,Mobile Payment,0
TXN103636,781.24,1277,Bengaluru,POS,0
TXN103637,1587.73,1203,Nashik,ATM,0
TXN103638,969.0,39,Pune,Mobile Payment,0
TXN103639,1733.34,775,Mumbai,Online,0
TXN103640,667.19,519,Delhi,Online,0
TXN103641,913.63,545,Nashik,ATM,0
TXN103642,407.5,235,Pune,POS,0
TXN103643,3317.18,462,Bengaluru,Mobile Payment,1
TXN103644,487.36,1251,Nagpur,ATM,0
TXN103645,359.95,482,Bengaluru,POS,0
TXN103646,1420.35,429,Aurangabad,Bank Transfer,0
TXN103647,1356.6,1045,Aurangabad,Bank Transfer,0
TXN103648,2399.16,342,Aurangabad,POS,0
TXN103649,712.57,1063,Pune,Online,0
TXN103650,1649.21,1196,Aurangabad,Online,0
TXN103651,1902.26,1202,Nashik,Bank Transfer,0
TXN103652,1710.9,132,Nagpur,Online,0
TXN103653,480.27,350,Aurangabad,Online,0
TXN103654,1273.3,505,Pune,POS,0
TXN103655,1578.36,83,Nagpur,POS,0
TXN103656,1104.53,992,Aurangabad,Online,0
TXN103657,136.12,829,Mumbai,POS,0
TXN103658,1287.54,860,Hyderabad,Mobile Payment,0
TXN103659,10021.93,342,Aurangabad,Bank Transfer,0
TXN103660,765.06,1303,Delhi,Mobile Payment,0
TXN103661,529.49,865,Bengaluru,Mobile Payment,0
TXN103662,1592.96,1286,Nashik,Online,0
TXN103663,1498.74,1189,Nagpur,Online,0
TXN103664,3614.6,292,Nashik,Mobile Payment,0
TXN103665,311.73,1249,Mumbai,Mobile Payment,0
TXN103666,2278.75,1193,Mumbai,ATM,0
TXN103667,1979.15,597,Delhi,ATM,0
TXN103668,951.32,644,Nashik,Bank Transfer,0
TXN103669,1538.69,447,Nagpur,Mobile Payment,0
TXN103670,3070.08,689,Mumbai,POS,0
TXN103671,2623.63,1001,Hyderabad,ATM,0
TXN103672,349.67,854,Mumbai,Online,0
TXN103673,2490.3,501,Aurangabad,Mobile Payment,0
TXN103674,1027.94,763,Delhi,POS,0
TXN103675,1179.53,734,Bengaluru,POS,0
TXN103676,1179.91,1402,Pune,POS,0
TXN103677,943.65,1224,Bengaluru,Online,0
TXN103678,3610.88,249,Hyderabad,ATM,0
TXN103679,1008.56,1432,Bengaluru,POS,0
TXN103680,357.97,600,Hyderabad,ATM,0
TXN103681,739.87,124,Mumbai,Bank Transfer,0
TXN103682,1311.2,112,Nagpur,Online,0
TXN103683,3748.89,980,Nagpur,ATM,0
TXN103684,2004.39,1160,Aurangabad,ATM,0
TXN103685,468.47,149,Hyderabad,POS,0
TXN103686,13163.33,874,Nagpur,POS,0
TXN103687,1429.06,342,Aurangabad,Online,0
TXN103688,3926.06,579,Mumbai,ATM,0
TXN103689,942.26,782,Mumbai,Mobile Payment,0
TXN103690,1869.37,320,Bengaluru,POS,0
TXN103691,2538.86,821,Mumbai,POS,0
TXN103692,3707.8,531,Mumbai,Bank Transfer,0
TXN103693,3156.97,1312,Hyderabad,Online,0
TXN103694,2623.32,491,Pune,ATM,0
TXN103695,800.24,611,Delhi,ATM,0
TXN103696,619.09,251,Bengaluru,ATM,0
TXN103697,1529.36,1100,Bengaluru,POS,0
TXN103698,2788.13,1415,Delhi,Online,0
TXN103699,877.68,1435,Pune,ATM,0
TXN103700,3181.7,172,Mumbai,Mobile Payment,0
TXN103701,4687.32,874,Nagpur,Bank Transfer,0
TXN103702,1333.44,200,Aurangabad,Bank Transfer,1
TXN103703,1732.36,216,Bengaluru,ATM,1
TXN103704,953.01,375,Delhi,POS,0
TXN103705,1491.61,10,Nashik,Bank Transfer,0
TXN103706,649.0,1035,Aurangabad,Bank Transfer,0
TXN103707,4239.51,891,Nashik,Bank Transfer,0
TXN103708,1675.84,434,Nashik,Bank Transfer,0
TXN103709,1140.76,817,Hyderabad,ATM,0
TXN103710,260.89,1396,Bengaluru,Online,0
TXN103711,294.18,1296,Mumbai,Online,0
TXN103712,1452.45,930,Hyderabad,POS,0
TXN103713,129.98,690,Nashik,Mobile Payment,0
TXN103714,3018.87,1155,Mumbai,Online,0
TXN103715,936.22,854,Pune,Mobile Payment,0
TXN103716,28087.87,783,Nagpur,Online,0
TXN103717,11024.95,318,Nashik,Online,0
TXN103718,914.66,843,Bengaluru,POS,0
TXN103719,986.01,620,Nagpur,Bank Transfer,0
TXN103720,2967.82,784,Mumbai,POS,0
TXN103721,6021.99,1191,Nashik,Online,0
TXN103722,213.14,396,Aurangabad,Bank Transfer,0
TXN103723,183.76,1203,Hyderabad,Bank Transfer,0
TXN103724,588.73,1081,Bengaluru,Bank Transfer,0
TXN103725,1964.0,459,Pune,Mobile Payment,0
TXN103726,1802.4,60,Delhi,Online,0
TXN103727,3196.37,368,Pune,ATM,0
TXN103728,330.4,1144,Hyderabad,POS,0
TXN103729,108.19,718,Nashik,Mobile Payment,0
TXN103730,2586.38,545,Hyderabad,POS,0
TXN103731,479.05,1040,Bengaluru,ATM,0
TXN103732,145.69,495,Pune,Bank Transfer,0
TXN103733,1267.83,496,Delhi,ATM,0
TXN103734,2424.0,504,Aurangabad,POS,0
TXN103735,970.63,968,Nagpur,ATM,0
TXN103736,693.78,1338,Hyderabad,Online,0
TXN103737,2569.15,1092,Aurangabad,ATM,1
TXN103738,757.04,160,Pune,Online,0
TXN103739,284.85,717,Delhi,ATM,0
TXN103740,536.64,1168,Nagpur,Online,0
TXN103741,1846.93,992,Bengaluru,Online,0
TXN103742,1512.74,1408,Delhi,ATM,0
TXN103743,1297.33,268,Aurangabad,Mobile Payment,0
TXN103744,753.84,698,Mumbai,Bank Transfer,1
TXN103745,914.61,864,Mumbai,Bank Transfer,0
TXN103746,124.33,349,Nagpur,Bank Transfer,0
TXN103747,1310.91,109,Hyderabad,Online,0
TXN103748,4577.27,406,Nagpur,Bank Transfer,0
TXN103749,251.1,649,Nagpur,Online,0
TXN103750,610.37,50,Mumbai,Mobile Payment,0
TXN103751,1524.02,1426,Aurangabad,ATM,0
TXN103752,3838.52,1110,Hyderabad,ATM,0
TXN103753,700.49,1091,Nagpur,Online,0
TXN103754,548.81,595,Mumbai,Online,0
TXN103755,153.1,978,Nagpur,Mobile Payment,0
TXN103756,1216.14,1065,Nagpur,Bank Transfer,0
TXN103757,8451.3,730,Hyderabad,Mobile Payment,0
TXN103758,1447.16,56,Hyderabad,ATM,0
TXN103759,1072.47,737,Delhi,ATM,0
TXN103760,1513.35,195,Nagpur,Bank Transfer,0
TXN103761,1084.54,1085,Mumbai,ATM,0
TXN103762,486.38,1286,Aurangabad,Online,0
TXN103763,2498.09,111,Mumbai,ATM,0
TXN103764,1374.38,764,Mumbai,POS,0
TXN103765,1116.12,710,Nagpur,Bank Transfer,0
TXN103766,413.49,1201,Delhi,Bank Transfer,0
TXN103767,4038.01,947,Nashik,Bank Transfer,0
TXN103768,2131.76,25,Bengaluru,POS,0
TXN103769,630.86,409,Nashik,Mobile Payment,0
TXN103770,2986.4,757,Nashik,Online,0
TXN103771,666.76,530,Mumbai,Bank Transfer,0
TXN103772,501.7,1340,Nagpur,ATM,0
TXN103773,513.01,1129,Hyderabad,Online,0
TXN103774,186.59,748,Bengaluru,ATM,0
TXN103775,1757.32,245,Nashik,Online,0
TXN103776,175.71,1104,Pune,Online,0
TXN103777,698.86,661,Pune,ATM,1
TXN103778,137.61,908,Pune,ATM,0
TXN103779,1006.19,395,Aurangabad,Online,0
TXN103780,943.58,521,Nagpur,Bank Transfer,0
TXN103781,791.0,925,Mumbai,ATM,0
TXN103782,386.61,263,Mumbai,POS,0
TXN103783,339.6,789,Nagpur,POS,0
TXN103784,1744.76,1297,Delhi,Online,0
TXN103785,632.35,171,Hyderabad,Mobile Payment,0
TXN103786,1504.71,264,Bengaluru,Online,0
TXN103787,452.48,1049,Delhi,Online,0
TXN103788,1314.3,475,Hyderabad,Bank Transfer,0
TXN103789,4037.08,355,Aurangabad,Bank Transfer,0
TXN103790,1970.74,1049,Nagpur,Mobile Payment,0
TXN103791,726.03,33,Delhi,Mobile Payment,0
TXN103792,1418.28,263,Bengaluru,Mobile Payment,0
TXN103793,862.07,1161,Aurangabad,Mobile Payment,0
TXN103794,1105.31,815,Nashik,Mobile Payment,0
TXN103795,791.86,874,Nashik,Online,0
TXN103796,930.45,753,Aurangabad,Online,0
TXN103797,1355.73,565,Hyderabad,POS,0
TXN103798,406.12,461,Nagpur,POS,0
TXN103799,397.07,1191,Nashik,ATM,0
TXN103800,273.54,654,Nagpur,Online,0
TXN103801,221.35,80,Delhi,Mobile Payment,0
TXN103802,324.64,756,Nashik,ATM,0
TXN103803,1286.22,869,Bengaluru,Bank Transfer,0
TXN103804,449.09,1430,Bengaluru,Online,0
TXN103805,1832.83,1069,Delhi,POS,0
TXN103806,1135.37,598,Bengaluru,Online,0
TXN103807,153.16,806,Nagpur,Online,0
TXN103808,2111.12,1076,Hyderabad,Online,0
TXN103809,2467.1,983,Nagpur,Online,0
TXN103810,405.91,703,Hyderabad,Bank Transfer,0
TXN103811,1669.35,475,Bengaluru,POS,0
TXN103812,465.68,591,Pune,Online,0
TXN103813,1209.15,15,Aurangabad,Bank Transfer,0
TXN103814,309.67,1383,Hyderabad,ATM,0
TXN103815,182.53,486,Mumbai,Online,0
TXN103816,747.84,705,Aurangabad,Bank Transfer,0
TXN103817,969.01,1164,Bengaluru,Mobile Payment,0
TXN103818,736.8,619,Nagpur,ATM,0
TXN103819,335.62,1018,Hyderabad,POS,0
TXN103820,735.17,776,Nagpur,Online,0
TXN103821,1435.54,446,Aurangabad,Online,0
TXN103822,1048.49,289,Hyderabad,Bank Transfer,0
TXN103823,1316.2,208,Nagpur,POS,0
TXN103824,561.09,412,Delhi,Mobile Payment,0
TXN103825,3539.42,676,Nashik,ATM,0
TXN103826,338.26,1394,Nagpur,POS,0
TXN103827,1785.69,663,Hyderabad,Online,0
TXN103828,3575.61,289,Bengaluru,Bank Transfer,0
TXN103829,1773.85,1291,Bengaluru,Mobile Payment,0
TXN103830,895.58,150,Aurangabad,Bank Transfer,0
TXN103831,646.58,1278,Aurangabad,ATM,0
TXN103832,3090.5,1376,Aurangabad,POS,0
TXN103833,264.28,1400,Bengaluru,Bank Transfer,0
TXN103834,415.66,854,Pune,Bank Transfer,0
TXN103835,736.89,1381,Hyderabad,Online,0
TXN103836,3780.66,607,Bengaluru,Bank Transfer,0
TXN103837,1603.22,369,Delhi,Mobile Payment,0
TXN103838,416.53,1250,Bengaluru,POS,0
TXN103839,804.07,704,Delhi,ATM,0
TXN103840,593.29,1326,Bengaluru,Bank Transfer,0
TXN103841,539.27,825,Bengaluru,Mobile Payment,0
TXN103842,2918.69,1004,Pune,ATM,0
TXN103843,278.18,1412,Delhi,Mobile Payment,0
TXN103844,5479.56,376,Pune,Bank Transfer,0
TXN103845,2510.48,972,Delhi,Bank Transfer,0
TXN103846,3264.5,117,Pune,POS,0
TXN103847,690.25,1028,Pune,Online,0
TXN103848,943.94,443,Delhi,Mobile Payment,0
TXN103849,261.61,1375,Pune,Online,0
TXN103850,648.94,754,Bengaluru,Online,0
TXN103851,1796.61,639,Delhi,ATM,0
TXN103852,4008.06,123,Pune,ATM,0
TXN103853,362.43,657,Bengaluru,Mobile Payment,0
TXN103854,760.89,1300,Bengaluru,Online,0
TXN103855,942.66,821,Aurangabad,POS,0
TXN103856,271.57,1417,Mumbai,Online,0
TXN103857,1980.98,663,Delhi,ATM,0
TXN103858,531.66,359,Pune,Online,0
TXN103859,902.0,622,Aurangabad,Bank Transfer,0
TXN103860,697.88,1080,Mumbai,Bank Transfer,0
TXN103861,498.03,1274,Hyderabad,POS,0
TXN103862,1088.93,918,Hyderabad,Mobile Payment,0
TXN103863,883.94,1173,Pune,Online,0
TXN103864,756.08,451,Hyderabad,Bank Transfer,0
TXN103865,529.29,1185,Mumbai,Mobile Payment,0
TXN103866,1509.49,119,Delhi,Bank Transfer,0
TXN103867,5730.84,581,Bengaluru,Mobile Payment,0
TXN103868,1261.29,1374,Bengaluru,Mobile Payment,0
TXN103869,2969.41,98,Mumbai,Bank Transfer,0
TXN103870,273.08,1190,Hyderabad,ATM,0
TXN103871,1284.03,513,Bengaluru,Mobile Payment,0
TXN103872,366.0,663,Hyderabad,Online,0
TXN103873,250.4,400,Nashik,Bank Transfer,0
TXN103874,523.55,364,Nagpur,ATM,0
TXN103875,3611.58,1349,Bengaluru,Bank Transfer,0
TXN103876,7819.66,580,Nashik,POS,1
TXN103877,1398.29,620,Delhi,Online,0
TXN103878,408.48,827,Delhi,POS,1
TXN103879,901.19,246,Mumbai,Mobile Payment,0
TXN103880,1482.82,433,Bengaluru,Mobile Payment,0
TXN103881,1307.06,1116,Hyderabad,POS,0
TXN103882,173.5,1291,Bengaluru,POS,0
TXN103883,450.2,614,Hyderabad,Mobile Payment,0
TXN103884,1028.57,942,Hyderabad,ATM,0
TXN103885,1874.86,962,Bengaluru,Online,0
TXN103886,121.98,623,Hyderabad,Bank Transfer,0
TXN103887,932.51,320,Aurangabad,POS,0
TXN103888,1265.28,855,Pune,Online,0
TXN103889,2564.74,61,Nagpur,Bank Transfer,0
TXN103890,2192.63,299,Bengaluru,Bank Transfer,0
TXN103891,1963.67,402,Pune,POS,0
TXN103892,492.78,954,Aurangabad,ATM,0
TXN103893,162.71,1326,Hyderabad,ATM,0
TXN103894,740.22,252,Hyderabad,Online,0
TXN103895,2985.83,477,Delhi,Online,0
TXN103896,4418.05,1392,Nagpur,Mobile Payment,0
TXN103897,2231.77,159,Nashik,ATM,0
TXN103898,1684.7,960,Delhi,Online,0
TXN103899,1603.01,1189,Delhi,Mobile Payment,0
TXN103900,628.84,204,Hyderabad,Bank Transfer,0
TXN103901,962.89,1290,Mumbai,Online,0
TXN103902,5820.08,1161,Aurangabad,Mobile Payment,0
TXN103903,427.28,1391,Mumbai,ATM,0
TXN103904,5512.53,857,Mumbai,Bank Transfer,0
TXN103905,794.71,759,Pune,Online,0
TXN103906,4127.52,720,Delhi,ATM,0
TXN103907,268.59,1040,Hyderabad,Bank Transfer,0
TXN103908,1970.23,67,Aurangabad,POS,0
TXN103909,524.91,132,Mumbai,ATM,0
TXN103910,266.33,918,Hyderabad,POS,0
TXN103911,1364.49,429,Hyderabad,Online,0
TXN103912,3009.33,307,Hyderabad,Mobile Payment,0
TXN103913,471.09,649,Nashik,Online,0
TXN103914,244.93,1197,Nagpur,ATM,0
TXN103915,1000.4,411,Hyderabad,POS,0
TXN103916,1004.82,96,Bengaluru,POS,0
TXN103917,1897.55,1177,Aurangabad,Bank Transfer,0
TXN103918,2834.43,1265,Pune,Online,0
TXN103919,1033.37,1327,Aurangabad,Online,0
TXN103920,7012.88,1308,Delhi,ATM,0
TXN103921,1372.29,1050,Pune,POS,0
TXN103922,775.55,1425,Nagpur,ATM,0
TXN103923,218.86,1383,Hyderabad,ATM,0
TXN103924,843.31,1083,Nashik,POS,0
TXN103925,783.38,201,Mumbai,ATM,0
TXN103926,2864.95,761,Aurangabad,POS,0
TXN103927,1741.47,873,Pune,ATM,0
TXN103928,337.18,580,Hyderabad,Mobile Payment,0
TXN103929,1302.78,369,Nagpur,ATM,0
TXN103930,2146.37,532,Mumbai,ATM,0
TXN103931,5054.49,1175,Bengaluru,Mobile Payment,0
TXN103932,2663.79,1125,Nagpur,Online,0
TXN103933,2346.89,898,Nashik,POS,0
TXN103934,3332.11,606,Mumbai,Bank Transfer,1
TXN103935,1616.97,872,Mumbai,Mobile Payment,0
TXN103936,3825.73,1252,Bengaluru,Online,0
TXN103937,289.23,1148,Hyderabad,ATM,0
TXN103938,773.22,769,Mumbai,Online,0
TXN103939,506.45,833,Pune,Mobile Payment,0
TXN103940,1602.23,998,Mumbai,ATM,0
TXN103941,9418.79,937,Nagpur,Online,1
TXN103942,603.67,235,Pune,Bank Transfer,0
TXN103943,100.45,161,Mumbai,POS,0
TXN103944,726.17,553,Nagpur,POS,0
TXN103945,2733.87,787,Nagpur,Mobile Payment,0
TXN103946,1877.38,1376,Aurangabad,ATM,0
TXN103947,6148.92,1091,Nagpur,ATM,1
TXN103948,828.82,1196,Bengaluru,POS,0
TXN103949,305.2,558,Delhi,Online,0
TXN103950,1835.91,260,Nashik,ATM,0
TXN103951,476.14,216,Mumbai,Bank Transfer,0
TXN103952,9740.98,1147,Bengaluru,Bank Transfer,0
TXN103953,1940.12,804,Mumbai,ATM,0
TXN103954,613.61,1185,Mumbai,ATM,0
TXN103955,595.03,200,Nagpur,POS,0
TXN103956,999.3,401,Nagpur,Mobile Payment,0
TXN103957,863.07,274,Mumbai,POS,0
TXN103958,3350.4,205,Delhi,Mobile Payment,0
TXN103959,1321.36,1063,Pune,Bank Transfer,0
TXN103960,527.62,1296,Pune,Mobile Payment,0
TXN103961,7262.22,866,Nashik,POS,0
TXN103962,1152.06,92,Aurangabad,ATM,0
TXN103963,2365.72,1065,Hyderabad,Mobile Payment,0
TXN103964,596.91,378,Bengaluru,POS,0
TXN103965,1576.74,1130,Nashik,Bank Transfer,0
TXN103966,1496.84,1351,Hyderabad,Mobile Payment,0
TXN103967,165.73,64,Mumbai,Bank Transfer,0
TXN103968,8227.81,364,Bengaluru,Bank Transfer,0
TXN103969,3986.4,820,Mumbai,Online,0
TXN103970,737.16,1047,Mumbai,Mobile Payment,0
TXN103971,364.21,539,Aurangabad,POS,0
TXN103972,1552.41,1085,Nagpur,Mobile Payment,0
TXN103973,3385.43,490,Aurangabad,Mobile Payment,1
TXN103974,1565.04,1296,Nashik,Bank Transfer,0
TXN103975,1328.2,228,Nagpur,Bank Transfer,0
TXN103976,1819.36,1043,Nagpur,Bank Transfer,0
TXN103977,4662.49,2,Nashik,Bank Transfer,0
TXN103978,1935.47,910,Nagpur,POS,0
TXN103979,383.89,306,Bengaluru,ATM,0
TXN103980,4283.66,431,Pune,Online,0
TXN103981,5656.81,135,Nashik,Bank Transfer,0
TXN103982,75880.02,514,Hyderabad,Bank Transfer,1
TXN103983,356.56,192,Nashik,Online,0
TXN103984,1398.12,1438,Pune,Bank Transfer,0
TXN103985,136.72,872,Aurangabad,ATM,0
TXN103986,1906.74,1141,Aurangabad,Mobile Payment,0
TXN103987,1315.49,665,Aurangabad,Online,1
TXN103988,7505.91,208,Nagpur,POS,0
TXN103989,505.42,951,Pune,Online,0
TXN103990,202.52,1057,Bengaluru,ATM,0
TXN103991,684.53,648,Nashik,POS,0
TXN103992,152.1,1341,Nashik,Mobile Payment,0
TXN103993,2324.13,119,Nashik,Bank Transfer,0
TXN103994,139.06,626,Nagpur,Online,0
TXN103995,1128.29,524,Nagpur,POS,0
TXN103996,137.3,768,Delhi,Online,0
TXN103997,796.08,1112,Bengaluru,Mobile Payment,0
TXN103998,5672.46,511,Aurangabad,Online,0
TXN103999,1572.86,46,Hyderabad,POS,0
TXN104000,462.44,771,Delhi,ATM,0
TXN104001,1062.94,739,Delhi,POS,0
TXN104002,1116.57,521,Nagpur,Online,0
TXN104003,1759.23,1307,Aurangabad,Mobile Payment,0
TXN104004,279.54,1400,Aurangabad,Bank Transfer,0
TXN104005,1983.4,133,Nashik,Bank Transfer,0
TXN104006,73.38,247,Nagpur,Mobile Payment,0
TXN104007,584.13,1341,Aurangabad,Online,0
TXN104008,672.99,435,Hyderabad,Mobile Payment,0
TXN104009,3851.4,1199,Delhi,Online,1
TXN104010,1121.73,685,Pune,POS,0
TXN104011,268.93,585,Pune,ATM,0
TXN104012,409.53,350,Nagpur,Online,0
TXN104013,1337.66,142,Nashik,Bank Transfer,0
TXN104014,1013.26,966,Nashik,Bank Transfer,0
TXN104015,614.54,803,Aurangabad,ATM,0
TXN104016,678.01,1421,Hyderabad,Online,0
TXN104017,2199.9,717,Bengaluru,ATM,0
TXN104018,653.48,642,Nagpur,POS,0
TXN104019,1004.16,1392,Bengaluru,ATM,0
TXN104020,9604.02,500,Pune,POS,0
TXN104021,883.95,369,Delhi,Bank Transfer,1
TXN104022,172.11,1405,Aurangabad,POS,0
TXN104023,2400.88,1109,Delhi,Online,0
TXN104024,556.33,786,Bengaluru,Online,0
TXN104025,797.72,738,Aurangabad,Online,0
TXN104026,502.12,949,Mumbai,Online,0
TXN104027,845.73,1348,Delhi,Mobile Payment,0
TXN104028,5423.72,521,Nagpur,POS,0
TXN104029,2445.8,488,Delhi,Online,0
TXN104030,2597.29,396,Delhi,ATM,0
TXN104031,266.07,895,Aurangabad,ATM,0
TXN104032,346.83,354,Pune,Mobile Payment,0
TXN104033,64.13,946,Bengaluru,POS,0
TXN104034,488.15,287,Mumbai,POS,0
TXN104035,2854.65,997,Delhi,POS,0
TXN104036,1838.94,535,Hyderabad,Mobile Payment,0
TXN104037,878.74,1314,Bengaluru,POS,0
TXN104038,1072.45,850,Hyderabad,POS,0
TXN104039,550.66,837,Bengaluru,Online,0
TXN104040,1345.82,167,Hyderabad,POS,0
TXN104041,2358.73,949,Pune,Online,0
TXN104042,217.92,620,Nashik,Online,0
TXN104043,1479.78,427,Mumbai,POS,0
TXN104044,2786.2,489,Mumbai,ATM,0
TXN104045,724.08,354,Hyderabad,Bank Transfer,0
TXN104046,2209.9,195,Hyderabad,ATM,0
TXN104047,18299.97,544,Hyderabad,POS,0
TXN104048,987.97,716,Bengaluru,POS,0
TXN104049,1625.07,823,Aurangabad,ATM,0
TXN104050,524.24,931,Delhi,POS,0
TXN104051,3059.54,1002,Nashik,Online,1
TXN104052,1737.62,658,Hyderabad,Mobile Payment,0
TXN104053,1332.54,938,Aurangabad,POS,0
TXN104054,395.56,779,Nagpur,POS,0
TXN104055,1347.98,10,Pune,ATM,0
TXN104056,4732.44,1279,Pune,Online,0
TXN104057,1717.52,395,Aurangabad,ATM,0
TXN104058,2869.77,730,Bengaluru,ATM,0
TXN104059,865.22,408,Pune,POS,0
TXN104060,2321.34,361,Delhi,Online,0
TXN104061,1449.93,1282,Pune,POS,0
TXN104062,423.73,1026,Delhi,POS,0
TXN104063,1507.97,83,Nagpur,POS,0
TXN104064,406.79,155,Hyderabad,POS,0
TXN104065,582.38,1199,Nashik,Mobile Payment,0
TXN104066,1325.21,706,Mumbai,Bank Transfer,0
TXN104067,1476.23,471,Aurangabad,Online,0
TXN104068,333.88,618,Aurangabad,Mobile Payment,0
TXN104069,3146.31,133,Delhi,Bank Transfer,0
TXN104070,1943.03,787,Nagpur,Bank Transfer,0
TXN104071,542.0,906,Nagpur,Bank Transfer,0
TXN104072,235.67,863,Bengaluru,Mobile Payment,0
TXN104073,948.7,1403,Mumbai,Online,0
TXN104074,702.09,666,Hyderabad,ATM,0
TXN104075,1228.0,276,Nashik,Bank Transfer,0
TXN104076,762.71,1259,Aurangabad,ATM,0
TXN104077,147.31,881,Delhi,ATM,0
TXN104078,743.71,12,Nagpur,POS,0
TXN104079,807.85,341,Hyderabad,ATM,0
TXN104080,2066.6,34,Aurangabad,POS,0
TXN104081,545.55,558,Delhi,Online,0
TXN104082,5876.25,1237,Pune,Online,0
TXN104083,162.12,1435,Hyderabad,POS,0
TXN104084,4069.06,404,Aurangabad,Online,0
TXN104085,876.28,657,Nashik,Bank Transfer,0
TXN104086,2590.44,158,Hyderabad,Online,0
TXN104087,1187.73,955,Delhi,POS,0
TXN104088,3427.39,1133,Nashik,Bank Transfer,0
TXN104089,744.44,548,Aurangabad,ATM,0
TXN104090,365.54,984,Pune,ATM,0
TXN104091,4539.19,1370,Nashik,ATM,0
TXN104092,978.99,278,Nagpur,POS,0
TXN104093,1368.62,478,Delhi,ATM,0
TXN104094,3769.7,110,Aurangabad,Online,0
TXN104095,390.74,430,Pune,ATM,0
TXN104096,1989.21,541,Nagpur,Mobile Payment,0
TXN104097,607.96,1138,Aurangabad,Mobile Payment,0
TXN104098,960.86,1113,Hyderabad,ATM,0
TXN104099,1178.83,1235,Bengaluru,ATM,0
TXN104100,244.64,359,Pune,Mobile Payment,0
TXN104101,503.29,371,Nagpur,ATM,0
TXN104102,4234.72,1238,Nashik,Bank Transfer,0
TXN104103,2660.29,1038,Aurangabad,Mobile Payment,0
TXN104104,1030.05,954,Aurangabad,POS,0
TXN104105,1398.46,258,Nashik,Mobile Payment,0
TXN104106,817.1,777,Bengaluru,Online,0
TXN104107,4258.12,119,Mumbai,Bank Transfer,0
TXN104108,897.53,975,Nagpur,POS,0
TXN104109,1382.77,912,Nashik,ATM,0
TXN104110,3449.66,1151,Hyderabad,Online,0
TXN104111,504.03,722,Aurangabad,Online,0
TXN104112,11730.2,522,Hyderabad,Bank Transfer,1
TXN104113,237.35,324,Nagpur,POS,0
TXN104114,5595.08,1343,Bengaluru,Online,0
TXN104115,755.46,1073,Nagpur,POS,0
TXN104116,860.32,68,Hyderabad,POS,0
TXN104117,165.67,390,Hyderabad,Online,0
TXN104118,695.9,382,Mumbai,POS,0
TXN104119,387.69,15,Aurangabad,Bank Transfer,0
TXN104120,597.26,845,Pune,Online,0
TXN104121,955.93,868,Mumbai,Bank Transfer,0
TXN104122,2857.75,567,Mumbai,Bank Transfer,0
TXN104123,4044.05,131,Pune,POS,1
TXN104124,1491.71,1271,Pune,POS,0
TXN104125,366.68,272,Bengaluru,Online,0
TXN104126,454.52,1372,Bengaluru,ATM,0
TXN104127,6625.79,483,Mumbai,Online,0
TXN104128,525.74,549,Nagpur,Bank Transfer,0
TXN104129,5745.71,356,Nashik,POS,0
TXN104130,860.01,1341,Nashik,Bank Transfer,0
TXN104131,1099.15,1071,Mumbai,Mobile Payment,0
TXN104132,3198.27,1033,Nagpur,Mobile Payment,0
TXN104133,3912.35,232,Pune,Bank Transfer,0
TXN104134,981.6,35,Delhi,ATM,0
TXN104135,743.79,412,Mumbai,ATM,0
TXN104136,1036.99,1027,Aurangabad,Online,0
TXN104137,1537.57,43,Nagpur,Online,0
TXN104138,2673.93,567,Aurangabad,Online,0
TXN104139,1101.28,1278,Aurangabad,POS,0
TXN104140,2036.29,739,Mumbai,ATM,0
TXN104141,5644.06,113,Nagpur,Bank Transfer,0
TXN104142,1605.69,396,Aurangabad,Mobile Payment,0
TXN104143,1497.65,1197,Bengaluru,ATM,0
TXN104144,240.11,1278,Hyderabad,ATM,0
TXN104145,78.99,465,Bengaluru,ATM,0
TXN104146,1617.08,1300,Nagpur,Online,0
TXN104147,997.42,846,Nashik,POS,0
TXN104148,655.38,501,Hyderabad,Bank Transfer,0
TXN104149,1399.02,440,Delhi,Online,0
TXN104150,1032.35,68,Aurangabad,POS,0
TXN104151,3387.27,325,Aurangabad,ATM,0
TXN104152,1195.25,66,Nagpur,POS,0
TXN104153,519.61,303,Bengaluru,Online,0
TXN104154,11428.66,971,Delhi,ATM,1
TXN104155,882.6,483,Nashik,Online,0
TXN104156,1856.66,928,Aurangabad,Bank Transfer,0
TXN104157,680.34,1182,Mumbai,ATM,0
TXN104158,572.59,148,Bengaluru,POS,0
TXN104159,1192.93,1050,Nagpur,Online,0
TXN104160,1110.79,986,Nagpur,Mobile Payment,0
TXN104161,1771.93,583,Bengaluru,POS,0
TXN104162,838.28,247,Aurangabad,POS,0
TXN104163,174.8,1124,Nashik,ATM,0
TXN104164,711.39,701,Aurangabad,POS,0
TXN104165,2425.56,95,Bengaluru,Online,0
TXN104166,814.54,1407,Hyderabad,Mobile Payment,0
TXN104167,857.15,281,Pune,Bank Transfer,0
TXN104168,2940.62,321,Aurangabad,Mobile Payment,0
TXN104169,538.09,1419,Delhi,Online,0
TXN104170,234.44,1301,Hyderabad,ATM,0
TXN104171,933.9,528,Bengaluru,Online,0
TXN104172,675.75,262,Hyderabad,POS,0
TXN104173,417.28,579,Delhi,ATM,0
TXN104174,2236.23,1316,Hyderabad,Bank Transfer,1
TXN104175,1792.75,293,Hyderabad,Bank Transfer,0
TXN104176,1086.49,394,Bengaluru,Online,0
TXN104177,1490.67,512,Pune,POS,0
TXN104178,6723.79,920,Delhi,Bank Transfer,0
TXN104179,778.31,809,Delhi,Mobile Payment,0
TXN104180,1448.59,1203,Mumbai,ATM,0
TXN104181,659.04,919,Nagpur,Mobile Payment,0
TXN104182,470.43,692,Delhi,Bank Transfer,0
TXN104183,611.0,234,Nagpur,Bank Transfer,0
TXN104184,679.42,951,Bengaluru,Online,0
TXN104185,1571.01,1360,Nashik,Online,0
TXN104186,11488.2,1031,Aurangabad,ATM,0
TXN104187,535.9,538,Mumbai,Online,0
TXN104188,722.98,819,Bengaluru,POS,0
TXN104189,1029.55,1114,Pune,ATM,0
TXN104190,1629.13,271,Nashik,POS,0
TXN104191,1427.32,1028,Hyderabad,Online,0
TXN104192,3960.38,1242,Mumbai,ATM,0
TXN104193,96.89,1141,Mumbai,Bank Transfer,0
TXN104194,100.79,592,Bengaluru,Mobile Payment,0
TXN104195,667.89,975,Pune,Bank Transfer,0
TXN104196,3285.59,114,Pune,POS,0
TXN104197,229.14,262,Nagpur,Bank Transfer,0
TXN104198,54.18,1329,Aurangabad,Bank Transfer,0
TXN104199,1941.43,206,Bengaluru,Mobile Payment,0
TXN104200,1399.2,302,Nashik,Mobile Payment,0
TXN104201,368.63,111,Aurangabad,Bank Transfer,0
TXN104202,409.3,1308,Nashik,Mobile Payment,0
TXN104203,1603.11,184,Mumbai,Bank Transfer,1
TXN104204,1224.8,900,Delhi,ATM,0
TXN104205,586.21,220,Delhi,Bank Transfer,0
TXN104206,1797.34,1140,Bengaluru,Online,0
TXN104207,63.14,1093,Pune,Mobile Payment,0
TXN104208,465.52,897,Pune,Mobile Payment,0
TXN104209,355.65,1093,Hyderabad,POS,0
TXN104210,848.66,621,Mumbai,POS,0
TXN104211,640.31,426,Mumbai,Online,0
TXN104212,2435.35,643,Nashik,Mobile Payment,0
TXN104213,170.83,567,Mumbai,Mobile Payment,0
TXN104214,1147.67,442,Hyderabad,POS,0
TXN104215,1916.65,600,Bengaluru,POS,0
TXN104216,7020.91,1160,Nashik,Bank Transfer,0
TXN104217,677.38,503,Aurangabad,Mobile Payment,0
TXN104218,1516.95,130,Pune,Mobile Payment,0
TXN104219,180.57,217,Pune,Bank Transfer,0
TXN104220,100.29,687,Delhi,Mobile Payment,0
TXN104221,2552.36,170,Delhi,Online,0
TXN104222,1090.55,611,Hyderabad,POS,0
TXN104223,3563.55,991,Bengaluru,POS,0
TXN104224,872.67,1152,Pune,POS,1
TXN104225,1844.39,56,Hyderabad,ATM,0
TXN104226,7106.87,1204,Bengaluru,Online,0
TXN104227,1668.54,245,Aurangabad,Online,0
TXN104228,1446.04,143,Aurangabad,Bank Transfer,0
TXN104229,1106.06,1074,Nagpur,ATM,0
TXN104230,227.95,367,Nashik,Mobile Payment,0
TXN104231,4253.82,217,Delhi,Online,0
TXN104232,595.35,615,Nashik,ATM,0
TXN104233,1816.17,1280,Delhi,ATM,0
TXN104234,229.74,1179,Nagpur,Online,0
TXN104235,337.15,441,Pune,Bank Transfer,0
TXN104236,4605.87,840,Hyderabad,ATM,0
TXN104237,774.87,955,Bengaluru,POS,0
TXN104238,4690.41,698,Nashik,ATM,0
TXN104239,1014.11,875,Delhi,Mobile Payment,0
TXN104240,173.83,775,Nashik,Online,0
TXN104241,2675.97,761,Pune,Mobile Payment,0
TXN104242,607.96,944,Bengaluru,Bank Transfer,0
TXN104243,2205.45,922,Mumbai,POS,0
TXN104244,1124.63,934,Delhi,Online,0
TXN104245,234.37,24,Hyderabad,ATM,0
TXN104246,1292.45,805,Mumbai,POS,0
TXN104247,9859.82,763,Nagpur,ATM,0
TXN104248,1795.41,1083,Bengaluru,Bank Transfer,0
TXN104249,1035.34,433,Aurangabad,Online,0
TXN104250,3214.23,878,Nashik,Bank Transfer,0
TXN104251,1353.8,1089,Delhi,Bank Transfer,0
TXN104252,1352.26,909,Hyderabad,Bank Transfer,0
TXN104253,368.11,564,Nashik,Bank Transfer,0
TXN104254,1385.54,105,Nagpur,ATM,0
TXN104255,3088.51,95,Nagpur,Mobile Payment,0
TXN104256,475.3,167,Nashik,ATM,0
TXN104257,4557.35,41,Delhi,POS,0
TXN104258,1000.54,103,Hyderabad,Bank Transfer,0
TXN104259,451.34,1227,Bengaluru,POS,0
TXN104260,6761.99,519,Pune,ATM,1
TXN104261,823.21,281,Bengaluru,Bank Transfer,0
TXN104262,2343.77,1066,Pune,ATM,0
TXN104263,819.13,946,Hyderabad,Bank Transfer,0
TXN104264,1032.95,1133,Aurangabad,ATM,0
TXN104265,1796.44,1233,Bengaluru,Online,0
TXN104266,1466.89,748,Hyderabad,Mobile Payment,0
TXN104267,462.02,830,Nashik,Mobile Payment,1
TXN104268,357.36,48,Nashik,Bank Transfer,0
TXN104269,2777.79,114,Delhi,Online,0
TXN104270,960.89,1178,Nashik,POS,0
TXN104271,649.54,502,Delhi,Online,0
TXN104272,281.86,985,Hyderabad,Bank Transfer,0
TXN104273,372.51,70,Nashik,Online,0
TXN104274,287.35,1011,Nagpur,POS,1
TXN104275,991.0,1359,Mumbai,Bank Transfer,0
TXN104276,602.79,66,Hyderabad,Mobile Payment,0
TXN104277,417.14,966,Nashik,Online,0
TXN104278,1024.41,1236,Mumbai,Mobile Payment,0
TXN104279,1578.09,180,Pune,Mobile Payment,0
TXN104280,8894.58,612,Aurangabad,ATM,0
TXN104281,241.8,696,Bengaluru,POS,0
TXN104282,3496.02,602,Bengaluru,Online,0
TXN104283,2901.84,247,Hyderabad,Mobile Payment,0
TXN104284,503.16,1237,Pune,Mobile Payment,0
TXN104285,1343.77,358,Nashik,POS,0
TXN104286,693.93,248,Bengaluru,Mobile Payment,0
TXN104287,1320.4,637,Delhi,Mobile Payment,0
TXN104288,4959.85,949,Pune,Mobile Payment,0
TXN104289,2009.43,1111,Nagpur,Mobile Payment,0
TXN104290,1823.67,662,Mumbai,ATM,0
TXN104291,713.15,175,Delhi,ATM,0
TXN104292,248.62,722,Bengaluru,Bank Transfer,0
TXN104293,890.28,425,Delhi,Online,0
TXN104294,3665.09,770,Nashik,POS,0
TXN104295,238.13,702,Nagpur,Bank Transfer,0
TXN104296,381.81,80,Mumbai,ATM,0
TXN104297,1244.22,926,Nagpur,ATM,0
TXN104298,409.67,137,Pune,ATM,0
TXN104299,496.45,469,Nashik,Bank Transfer,0
TXN104300,717.95,349,Delhi,ATM,0
TXN104301,279.89,1149,Delhi,Bank Transfer,0
TXN104302,414.01,1332,Pune,ATM,0
TXN104303,2215.93,1253,Delhi,Mobile Payment,0
TXN104304,296.67,1368,Aurangabad,Mobile Payment,0
TXN104305,221.88,309,Nashik,Online,0
TXN104306,584.04,1043,Pune,ATM,0
TXN104307,2280.06,1001,Nashik,Online,0
TXN104308,900.62,268,Mumbai,Bank Transfer,0
TXN104309,689.12,1026,Nashik,Online,0
TXN104310,1146.37,769,Nashik,ATM,0
TXN104311,191.39,15,Mumbai,Bank Transfer,0
TXN104312,1798.5,605,Pune,Bank Transfer,0
TXN104313,4538.87,1381,Nashik,Mobile Payment,1
TXN104314,2650.61,812,Nagpur,Bank Transfer,1
TXN104315,2998.67,1156,Nashik,Bank Transfer,0
TXN104316,355.14,1335,Pune,Online,0
TXN104317,3387.71,481,Hyderabad,Bank Transfer,0
TXN104318,1279.84,894,Delhi,POS,0
TXN104319,783.25,1328,Bengaluru,Mobile Payment,0
TXN104320,1075.05,268,Mumbai,Mobile Payment,0
TXN104321,985.09,413,Delhi,Bank Transfer,0
TXN104322,3715.55,24,Pune,Online,0
TXN104323,373.65,315,Aurangabad,Mobile Payment,0
TXN104324,511.57,570,Bengaluru,Mobile Payment,0
TXN104325,3091.16,724,Delhi,POS,0
TXN104326,604.54,1007,Nashik,Bank Transfer,0
TXN104327,2698.72,1299,Bengaluru,Mobile Payment,0
TXN104328,5999.53,388,Nashik,Mobile Payment,0
TXN104329,733.78,721,Mumbai,Mobile Payment,0
TXN104330,2167.57,443,Nashik,Mobile Payment,0
TXN104331,345.95,998,Bengaluru,Online,0
TXN104332,5639.22,1080,Nagpur,ATM,1
TXN104333,1338.66,696,Nagpur,POS,0
TXN104334,1759.95,970,Hyderabad,Online,0
TXN104335,575.03,720,Delhi,POS,0
TXN104336,208.29,367,Pune,Mobile Payment,0
TXN104337,1813.93,341,Hyderabad,POS,0
TXN104338,139.3,303,Mumbai,Bank Transfer,0
TXN104339,798.43,763,Aurangabad,Bank Transfer,0
TXN104340,2810.68,1397,Hyderabad,ATM,0
TXN104341,1328.62,815,Delhi,ATM,0
TXN104342,21740.53,111,Pune,POS,1
TXN104343,3056.75,877,Mumbai,Online,0
TXN104344,570.27,1029,Bengaluru,Online,0
TXN104345,1127.0,929,Mumbai,Mobile Payment,0
TXN104346,1045.9,702,Bengaluru,Online,0
TXN104347,225.39,845,Delhi,ATM,0
TXN104348,428.2,943,Pune,Online,0
TXN104349,625.93,278,Hyderabad,Mobile Payment,0
TXN104350,143.13,381,Pune,Bank Transfer,0
TXN104351,1149.97,12,Nashik,Online,0
TXN104352,854.85,302,Aurangabad,Online,0
TXN104353,205.84,159,Nagpur,ATM,0
TXN104354,1642.89,153,Nashik,POS,0
TXN104355,2243.68,753,Mumbai,Bank Transfer,0
TXN104356,1376.14,180,Aurangabad,POS,0
TXN104357,793.09,1203,Aurangabad,Mobile Payment,0
TXN104358,1981.17,376,Pune,Mobile Payment,0
TXN104359,2165.1,775,Aurangabad,POS,0
TXN104360,1491.3,1191,Delhi,ATM,0
TXN104361,480.77,1237,Aurangabad,ATM,0
TXN104362,1446.06,1173,Mumbai,ATM,0
TXN104363,3624.53,15,Delhi,Bank Transfer,0
TXN104364,603.88,1114,Delhi,Mobile Payment,0
TXN104365,8936.86,1143,Nashik,Mobile Payment,0
TXN104366,648.31,252,Aurangabad,Mobile Payment,0
TXN104367,1132.75,1083,Pune,Bank Transfer,0
TXN104368,559.76,1289,Bengaluru,Mobile Payment,0
TXN104369,1370.97,1432,Nashik,POS,0
TXN104370,192.05,30,Pune,Online,0
TXN104371,635.21,1044,Aurangabad,Bank Transfer,0
TXN104372,367.92,730,Nashik,Online,0
TXN104373,1255.56,288,Aurangabad,POS,0
TXN104374,2964.45,497,Mumbai,ATM,0
TXN104375,2092.27,1428,Nashik,ATM,0
TXN104376,102.34,547,Pune,ATM,0
TXN104377,8451.25,960,Mumbai,Bank Transfer,0
TXN104378,1473.33,131,Nagpur,ATM,0
TXN104379,504.47,1347,Pune,Bank Transfer,0
TXN104380,4359.61,857,Bengaluru,Bank Transfer,1
TXN104381,1307.92,1155,Hyderabad,Online,0
TXN104382,562.93,520,Aurangabad,ATM,0
TXN104383,1336.64,29,Pune,Mobile Payment,0
TXN104384,597.36,626,Nagpur,ATM,0
TXN104385,731.9,1324,Pune,ATM,0
TXN104386,552.1,3,Mumbai,ATM,0
TXN104387,261.73,1348,Delhi,Mobile Payment,0
TXN104388,1268.81,508,Hyderabad,Mobile Payment,0
TXN104389,1969.04,1260,Pune,Bank Transfer,0
TXN104390,1835.15,15,Nashik,Mobile Payment,0
TXN104391,7740.14,996,Bengaluru,Bank Transfer,1
TXN104392,1516.77,955,Nagpur,Online,0
TXN104393,643.73,1253,Pune,Bank Transfer,0
TXN104394,2539.35,1130,Nagpur,ATM,0
TXN104395,282.16,1412,Delhi,POS,0
TXN104396,445.56,262,Mumbai,POS,0
TXN104397,418.13,1088,Nashik,ATM,0
TXN104398,3229.41,264,Aurangabad,Bank Transfer,0
TXN104399,2815.2,1361,Pune,ATM,0
TXN104400,1785.23,1324,Mumbai,Mobile Payment,0
TXN104401,3203.28,377,Hyderabad,Bank Transfer,0
TXN104402,455.19,1198,Nagpur,ATM,0
TXN104403,1554.01,962,Delhi,Mobile Payment,0
TXN104404,967.61,1175,Bengaluru,Mobile Payment,0
TXN104405,2557.75,475,Nagpur,Bank Transfer,0
TXN104406,977.28,1289,Bengaluru,Online,0
TXN104407,746.25,328,Delhi,Online,0
TXN104408,1883.54,1186,Bengaluru,Mobile Payment,0
TXN104409,9778.23,437,Delhi,Online,1
TXN104410,562.09,1366,Mumbai,Mobile Payment,0
TXN104411,1031.66,1390,Pune,Online,0
TXN104412,380.53,1222,Aurangabad,Mobile Payment,0
TXN104413,90.19,15,Pune,Mobile Payment,0
TXN104414,1340.05,1319,Hyderabad,Mobile Payment,0
TXN104415,6886.05,867,Hyderabad,Mobile Payment,1
TXN104416,1425.2,510,Nashik,POS,0
TXN104417,156.09,983,Pune,Online,0
TXN104418,772.13,1262,Delhi,Mobile Payment,0
TXN104419,119.3,580,Delhi,ATM,0
TXN104420,10010.46,1324,Nashik,Bank Transfer,1
TXN104421,370.16,5,Nagpur,ATM,0
TXN104422,3848.36,1243,Delhi,ATM,0
TXN104423,2823.89,1018,Nashik,POS,0
TXN104424,445.59,806,Delhi,Online,0
TXN104425,353.26,1409,Aurangabad,POS,0
TXN104426,1556.77,618,Delhi,Online,0
TXN104427,471.39,1318,Mumbai,Mobile Payment,0
TXN104428,1214.98,1141,Nashik,POS,0
TXN104429,676.66,404,Bengaluru,Bank Transfer,0
TXN104430,502.36,996,Hyderabad,Online,1
TXN104431,117.86,593,Pune,POS,0
TXN104432,1375.65,565,Nashik,Bank Transfer,0
TXN104433,625.43,751,Nagpur,ATM,0
TXN104434,630.75,11,Delhi,Mobile Payment,0
TXN104435,2199.23,1232,Nashik,Mobile Payment,0
TXN104436,3545.53,164,Aurangabad,ATM,0
TXN104437,835.02,877,Nashik,POS,0
TXN104438,780.08,1317,Aurangabad,ATM,0
TXN104439,1808.3,77,Hyderabad,Bank Transfer,0
TXN104440,282.33,613,Hyderabad,Online,0
TXN104441,1370.8,868,Delhi,POS,0
TXN104442,1904.33,811,Pune,Online,0
TXN104443,2165.12,1100,Delhi,ATM,0
TXN104444,158.1,1071,Nagpur,Mobile Payment,0
TXN104445,512.16,766,Mumbai,Online,0
TXN104446,455.66,81,Pune,Online,0
TXN104447,4315.98,208,Pune,Mobile Payment,1
TXN104448,1773.56,521,Hyderabad,Online,0
TXN104449,4898.63,1052,Mumbai,Online,0
TXN104450,668.5,1327,Nashik,Mobile Payment,0
TXN104451,666.76,993,Delhi,Mobile Payment,0
TXN104452,3462.24,464,Nashik,ATM,0
TXN104453,1475.24,627,Nashik,ATM,0
TXN104454,3895.79,780,Delhi,Online,0
TXN104455,1463.71,558,Nagpur,POS,0
TXN104456,344.77,1382,Pune,ATM,0
TXN104457,289.13,959,Aurangabad,ATM,0
TXN104458,232.41,90,Mumbai,POS,0
TXN104459,2126.12,1076,Pune,POS,0
TXN104460,3599.67,859,Nashik,Mobile Payment,0
TXN104461,6969.94,1227,Mumbai,ATM,0
TXN104462,2548.11,555,Aurangabad,Bank Transfer,0
TXN104463,3508.13,155,Pune,Bank Transfer,0
TXN104464,613.99,1,Pune,Online,0
TXN104465,345.01,1380,Nagpur,ATM,0
TXN104466,2565.94,824,Pune,Bank Transfer,0
TXN104467,1665.17,801,Pune,ATM,0
TXN104468,1221.02,982,Aurangabad,ATM,0
TXN104469,1615.45,1081,Aurangabad,Bank Transfer,0
TXN104470,1515.02,1277,Mumbai,ATM,0
TXN104471,3959.28,1203,Nashik,POS,0
TXN104472,4003.75,492,Aurangabad,Online,0
TXN104473,1889.79,668,Mumbai,Mobile Payment,0
TXN104474,2554.99,1058,Pune,Bank Transfer,0
TXN104475,4720.46,74,Hyderabad,Mobile Payment,1
TXN104476,691.48,943,Mumbai,Online,0
TXN104477,2336.86,1312,Hyderabad,POS,0
TXN104478,271.92,370,Mumbai,POS,0
TXN104479,3146.01,586,Mumbai,POS,0
TXN104480,332.11,328,Hyderabad,POS,0
TXN104481,1459.43,589,Delhi,Bank Transfer,0
TXN104482,470.99,776,Mumbai,Bank Transfer,0
TXN104483,1907.2,303,Hyderabad,ATM,0
TXN104484,1060.05,578,Aurangabad,ATM,0
TXN104485,222.57,220,Bengaluru,Online,0
TXN104486,1670.2,978,Bengaluru,ATM,0
TXN104487,615.28,1187,Bengaluru,Online,0
TXN104488,7672.11,374,Bengaluru,Online,1
TXN104489,1098.09,1243,Delhi,Online,0
TXN104490,1628.51,1277,Nashik,POS,0
TXN104491,420.92,187,Hyderabad,Mobile Payment,0
TXN104492,608.3,1214,Mumbai,Mobile Payment,0
TXN104493,693.23,1412,Nagpur,Bank Transfer,0
TXN104494,2582.99,1238,Bengaluru,Online,0
TXN104495,5868.63,1398,Pune,POS,0
TXN104496,490.21,1109,Bengaluru,ATM,0
TXN104497,3219.07,473,Bengaluru,ATM,0
TXN104498,125.25,843,Pune,Bank Transfer,0
TXN104499,332.22,530,Delhi,Bank Transfer,0
TXN104500,420.41,1070,Pune,Online,0
TXN104501,283.58,1088,Pune,Online,0
TXN104502,225.07,962,Delhi,ATM,0
TXN104503,1657.39,474,Pune,ATM,0
TXN104504,2441.34,1169,Mumbai,ATM,1
TXN104505,1602.64,945,Bengaluru,ATM,0
TXN104506,2187.41,1405,Nashik,Mobile Payment,0
TXN104507,1430.27,1089,Delhi,Online,0
TXN104508,2117.02,516,Nagpur,Online,0
TXN104509,1022.97,1116,Delhi,ATM,0
TXN104510,334.62,425,Aurangabad,POS,0
TXN104511,3158.38,1117,Nagpur,ATM,0
TXN104512,608.43,132,Aurangabad,Bank Transfer,0
TXN104513,430.27,1364,Hyderabad,POS,0
TXN104514,917.89,313,Hyderabad,Bank Transfer,0
TXN104515,440.18,590,Delhi,POS,0
TXN104516,722.39,1235,Aurangabad,Bank Transfer,0
TXN104517,1546.97,1008,Nagpur,ATM,0
TXN104518,1553.62,158,Mumbai,ATM,0
TXN104519,446.83,1291,Delhi,POS,0
TXN104520,673.37,660,Delhi,Bank Transfer,0
TXN104521,3210.98,747,Pune,Mobile Payment,0
TXN104522,1801.55,800,Delhi,POS,0
TXN104523,8734.75,409,Bengaluru,POS,0
TXN104524,12333.14,1379,Hyderabad,Online,1
TXN104525,3443.67,679,Bengaluru,POS,0
TXN104526,273.73,1216,Delhi,Mobile Payment,0
TXN104527,2353.97,1294,Hyderabad,ATM,0
TXN104528,1039.91,113,Hyderabad,Bank Transfer,0
TXN104529,632.08,896,Mumbai,Online,0
TXN104530,1297.27,1078,Pune,Bank Transfer,0
TXN104531,2822.03,64,Nashik,ATM,0
TXN104532,1809.55,683,Aurangabad,POS,0
TXN104533,455.56,1295,Nagpur,Mobile Payment,0
TXN104534,4732.1,1385,Nashik,Online,1
TXN104535,579.64,145,Pune,Mobile Payment,0
TXN104536,1361.96,942,Bengaluru,Mobile Payment,0
TXN104537,809.69,1232,Bengaluru,Mobile Payment,0
TXN104538,881.07,1309,Bengaluru,Mobile Payment,0
TXN104539,2359.59,1033,Mumbai,ATM,0
TXN104540,387.54,738,Hyderabad,Mobile Payment,0
TXN104541,7670.94,185,Bengaluru,Mobile Payment,0
TXN104542,177.49,1157,Nagpur,ATM,0
TXN104543,603.25,834,Aurangabad,Bank Transfer,0
TXN104544,1587.97,808,Delhi,ATM,0
TXN104545,1967.1,170,Delhi,POS,0
TXN104546,991.8,212,Nashik,ATM,0
TXN104547,2586.64,26,Aurangabad,Bank Transfer,1
TXN104548,1653.34,1013,Pune,POS,0
TXN104549,870.38,1091,Aurangabad,POS,0
TXN104550,4416.85,789,Mumbai,Online,0
TXN104551,2538.55,407,Nashik,Mobile Payment,0
TXN104552,6981.72,1132,Nashik,POS,1
TXN104553,417.32,73,Mumbai,POS,0
TXN104554,1012.94,577,Aurangabad,Bank Transfer,0
TXN104555,812.03,679,Bengaluru,POS,0
TXN104556,401.18,1285,Mumbai,Bank Transfer,0
TXN104557,1572.09,1391,Bengaluru,Mobile Payment,0
TXN104558,640.57,785,Nagpur,Online,0
TXN104559,2112.03,848,Mumbai,Online,0
TXN104560,376.08,869,Bengaluru,Mobile Payment,0
TXN104561,6118.31,236,Aurangabad,Mobile Payment,0
TXN104562,447.5,726,Bengaluru,ATM,0
TXN104563,1365.54,1389,Mumbai,POS,0
TXN104564,2420.81,1309,Pune,POS,0
TXN104565,619.78,377,Delhi,POS,0
TXN104566,2572.08,660,Mumbai,Bank Transfer,0
TXN104567,320.8,829,Delhi,ATM,0
TXN104568,4684.98,905,Mumbai,POS,0
TXN104569,1112.26,375,Aurangabad,Bank Transfer,0
TXN104570,604.01,618,Nagpur,Bank Transfer,0
TXN104571,813.07,652,Nagpur,Online,0
TXN104572,2462.47,1099,Delhi,Bank Transfer,0
TXN104573,611.27,1032,Hyderabad,Mobile Payment,0
TXN104574,518.35,195,Hyderabad,Bank Transfer,0
TXN104575,878.72,806,Aurangabad,Mobile Payment,0
TXN104576,338.0,892,Bengaluru,Mobile Payment,0
TXN104577,6771.95,1313,Aurangabad,Online,0
TXN104578,622.41,1084,Hyderabad,Online,0
TXN104579,2519.0,936,Aurangabad,Bank Transfer,0
TXN104580,1352.18,1412,Pune,Online,0
TXN104581,409.72,846,Nashik,Online,0
TXN104582,1090.12,817,Hyderabad,POS,0
TXN104583,2401.87,563,Hyderabad,Bank Transfer,0
TXN104584,908.45,633,Mumbai,Bank Transfer,0
TXN104585,3615.96,678,Aurangabad,Bank Transfer,0
TXN104586,3045.79,1017,Aurangabad,Online,0
TXN104587,2748.79,7,Aurangabad,Online,0
TXN104588,692.52,1392,Nagpur,Mobile Payment,0
TXN104589,372.47,1068,Aurangabad,ATM,0
TXN104590,593.72,343,Hyderabad,ATM,0
TXN104591,1334.41,795,Mumbai,ATM,0
TXN104592,1892.75,1398,Bengaluru,POS,0
TXN104593,125.01,1050,Bengaluru,Online,0
TXN104594,1087.77,1216,Aurangabad,Mobile Payment,0
TXN104595,1284.45,848,Mumbai,Mobile Payment,0
TXN104596,830.86,1380,Pune,ATM,0
TXN104597,3988.91,61,Bengaluru,POS,0
TXN104598,1672.01,1085,Hyderabad,POS,0
TXN104599,4065.09,421,Nashik,ATM,0
TXN104600,883.63,632,Nagpur,ATM,0
TXN104601,2800.29,791,Mumbai,Online,0
TXN104602,5625.51,550,Bengaluru,POS,0
TXN104603,4071.2,1403,Bengaluru,Mobile Payment,0
TXN104604,1470.97,1300,Delhi,ATM,1
TXN104605,1326.81,605,Pune,Online,1
TXN104606,776.53,1138,Nashik,Mobile Payment,0
TXN104607,1788.72,1144,Nashik,POS,0
TXN104608,2178.42,524,Nashik,ATM,0
TXN104609,473.95,898,Hyderabad,ATM,0
TXN104610,1173.61,1439,Mumbai,Online,0
TXN104611,145.48,162,Pune,Online,0
TXN104612,4637.57,786,Aurangabad,POS,0
TXN104613,656.96,909,Delhi,ATM,0
TXN104614,1159.64,981,Pune,Online,0
TXN104615,804.6,1360,Pune,ATM,0
TXN104616,3449.65,378,Bengaluru,POS,0
TXN104617,64.23,1347,Pune,ATM,0
TXN104618,1078.57,172,Mumbai,Mobile Payment,0
TXN104619,986.52,999,Delhi,ATM,0
TXN104620,696.71,63,Mumbai,Bank Transfer,0
TXN104621,6162.43,1124,Delhi,Bank Transfer,0
TXN104622,451.54,1345,Delhi,POS,0
TXN104623,2372.73,974,Bengaluru,POS,0
TXN104624,1565.96,65,Mumbai,POS,0
TXN104625,3871.97,457,Delhi,Mobile Payment,0
TXN104626,1783.72,452,Pune,Mobile Payment,1
TXN104627,526.91,1282,Mumbai,ATM,0
TXN104628,3281.55,978,Delhi,Online,0
TXN104629,1677.94,177,Hyderabad,Bank Transfer,0
TXN104630,233.94,279,Nashik,Bank Transfer,0
TXN104631,639.51,343,Mumbai,Bank Transfer,0
TXN104632,1613.86,1040,Bengaluru,ATM,0
TXN104633,2534.53,295,Hyderabad,ATM,0
TXN104634,556.0,201,Hyderabad,POS,0
TXN104635,59.49,961,Nagpur,Online,0
TXN104636,1850.52,683,Mumbai,POS,0
TXN104637,323.66,1217,Hyderabad,ATM,0
TXN104638,145.86,1172,Mumbai,Mobile Payment,0
TXN104639,64.57,374,Mumbai,POS,0
TXN104640,2474.96,34,Delhi,ATM,0
TXN104641,1247.15,1392,Mumbai,ATM,0
TXN104642,875.1,28,Nagpur,Mobile Payment,0
TXN104643,4398.52,774,Aurangabad,Mobile Payment,0
TXN104644,2074.19,220,Mumbai,Mobile Payment,0
TXN104645,5520.92,52,Nashik,Online,0
TXN104646,272.4,790,Nagpur,ATM,0
TXN104647,1059.39,1376,Aurangabad,Mobile Payment,0
TXN104648,217.74,1415,Delhi,Online,0
TXN104649,871.85,75,Mumbai,Bank Transfer,0
TXN104650,855.24,493,Aurangabad,Bank Transfer,0
TXN104651,2052.09,116,Nashik,Bank Transfer,0
TXN104652,1147.76,279,Nagpur,ATM,0
TXN104653,2045.52,1198,Nagpur,Online,0
TXN104654,2215.96,745,Delhi,Online,0
TXN104655,9460.96,948,Delhi,Bank Transfer,0
TXN104656,800.07,763,Delhi,POS,0
TXN104657,427.94,294,Aurangabad,Bank Transfer,0
TXN104658,1402.6,1017,Mumbai,ATM,0
TXN104659,491.63,1044,Pune,Bank Transfer,0
TXN104660,4826.91,1096,Hyderabad,Bank Transfer,0
TXN104661,826.15,841,Nagpur,Online,0
TXN104662,622.92,1059,Pune,Bank Transfer,0
TXN104663,684.5,1256,Bengaluru,Mobile Payment,0
TXN104664,2249.4,496,Nagpur,Mobile Payment,0
TXN104665,936.6,205,Hyderabad,POS,0
TXN104666,577.28,425,Delhi,ATM,0
TXN104667,5798.48,43,Hyderabad,ATM,0
TXN104668,465.83,1114,Mumbai,Online,0
TXN104669,1136.34,604,Mumbai,ATM,0
TXN104670,2105.5,453,Nagpur,POS,0
TXN104671,214.58,594,Aurangabad,Mobile Payment,0
TXN104672,1772.7,1356,Bengaluru,Online,0
TXN104673,381.8,506,Hyderabad,Mobile Payment,0
TXN104674,2496.84,793,Delhi,POS,0
TXN104675,418.78,20,Mumbai,Online,0
TXN104676,2192.44,1251,Bengaluru,Bank Transfer,0
TXN104677,12569.83,1399,Bengaluru,ATM,1
TXN104678,2595.25,1153,Mumbai,POS,0
TXN104679,1409.96,619,Nashik,Online,0
TXN104680,870.18,413,Hyderabad,Mobile Payment,0
TXN104681,616.21,1094,Bengaluru,Online,0
TXN104682,4774.45,1427,Mumbai,Bank Transfer,0
TXN104683,544.85,1420,Nashik,POS,0
TXN104684,388.75,336,Mumbai,Online,0
TXN104685,2133.18,909,Mumbai,POS,0
TXN104686,494.66,275,Bengaluru,POS,0
TXN104687,424.09,891,Aurangabad,Mobile Payment,0
TXN104688,258.89,12,Aurangabad,ATM,0
TXN104689,676.61,1026,Delhi,Bank Transfer,0
TXN104690,1009.58,977,Hyderabad,Online,0
TXN104691,1398.41,1247,Mumbai,ATM,0
TXN104692,2839.28,973,Hyderabad,Mobile Payment,0
TXN104693,1857.33,174,Delhi,ATM,0
TXN104694,906.08,1408,Delhi,POS,0
TXN104695,899.47,240,Delhi,POS,0
TXN104696,1826.5,546,Delhi,Bank Transfer,0
TXN104697,3915.0,13,Nagpur,Online,0
TXN104698,1244.28,1218,Bengaluru,Online,0
TXN104699,685.99,1420,Bengaluru,Mobile Payment,0
TXN104700,406.32,1329,Nagpur,Bank Transfer,0
TXN104701,488.71,1357,Mumbai,Online,1
TXN104702,2135.1,724,Nagpur,POS,0
TXN104703,1954.67,1433,Mumbai,Bank Transfer,0
TXN104704,1953.47,2,Aurangabad,ATM,0
TXN104705,964.24,690,Bengaluru,Bank Transfer,0
TXN104706,4478.01,746,Pune,Bank Transfer,0
TXN104707,675.79,768,Nashik,Online,0
TXN104708,2850.56,871,Bengaluru,Mobile Payment,0
TXN104709,1054.96,494,Nagpur,Mobile Payment,0
TXN104710,596.84,416,Nagpur,Online,0
TXN104711,1983.33,1414,Aurangabad,Online,0
TXN104712,1651.83,1396,Nagpur,Online,0
TXN104713,1567.09,627,Mumbai,Mobile Payment,0
TXN104714,1189.49,1075,Mumbai,Online,0
TXN104715,1055.86,1399,Pune,ATM,0
TXN104716,11948.63,1418,Pune,ATM,0
TXN104717,3584.08,1020,Bengaluru,POS,0
TXN104718,2259.34,141,Pune,ATM,0
TXN104719,1226.35,1109,Mumbai,Bank Transfer,0
TXN104720,3002.37,45,Hyderabad,POS,0
TXN104721,1840.87,843,Delhi,ATM,0
TXN104722,1125.75,1008,Delhi,Bank Transfer,0
TXN104723,809.52,1261,Pune,ATM,0
TXN104724,1011.39,9,Pune,Bank Transfer,0
TXN104725,46.04,663,Mumbai,Online,0
TXN104726,1353.71,572,Aurangabad,Bank Transfer,0
TXN104727,672.85,648,Bengaluru,Online,0
TXN104728,5391.99,912,Nagpur,Bank Transfer,0
TXN104729,1118.05,639,Bengaluru,Bank Transfer,0
TXN104730,333.97,615,Nashik,ATM,0
TXN104731,1043.27,697,Delhi,Bank Transfer,0
TXN104732,385.24,908,Hyderabad,ATM,0
TXN104733,1760.6,177,Delhi,Bank Transfer,0
TXN104734,1466.96,868,Mumbai,Mobile Payment,0
TXN104735,2857.89,1029,Bengaluru,POS,0
TXN104736,497.26,852,Hyderabad,ATM,0
TXN104737,1134.57,306,Mumbai,ATM,0
TXN104738,280.05,547,Nashik,Online,0
TXN104739,2211.65,326,Hyderabad,Mobile Payment,0
TXN104740,1842.49,1379,Bengaluru,Online,0
TXN104741,1800.47,394,Hyderabad,Mobile Payment,0
TXN104742,1098.41,299,Nashik,Mobile Payment,0
TXN104743,1660.33,748,Pune,Bank Transfer,0
TXN104744,12168.37,284,Bengaluru,Online,1
TXN104745,824.61,329,Nashik,POS,0
TXN104746,1259.72,49,Nagpur,Mobile Payment,0
TXN104747,370.14,772,Nagpur,Mobile Payment,0
TXN104748,460.24,377,Delhi,ATM,0
TXN104749,1209.32,999,Nagpur,Bank Transfer,0
TXN104750,3307.45,773,Bengaluru,POS,0
TXN104751,848.71,1167,Nagpur,Mobile Payment,0
TXN104752,866.17,1083,Nagpur,ATM,0
TXN104753,730.05,867,Hyderabad,Online,0
TXN104754,642.42,1098,Pune,Mobile Payment,0
TXN104755,1472.87,2,Delhi,ATM,0
TXN104756,245.36,747,Mumbai,Online,0
TXN104757,3947.9,274,Delhi,Bank Transfer,0
TXN104758,563.73,214,Delhi,Online,0
TXN104759,2257.25,328,Delhi,Mobile Payment,0
TXN104760,307.97,254,Nashik,POS,0
TXN104761,2140.6,1410,Mumbai,Online,0
TXN104762,2147.25,125,Nashik,POS,0
TXN104763,1610.34,766,Pune,POS,0
TXN104764,405.68,1347,Pune,Online,0
TXN104765,1407.47,1227,Aurangabad,Bank Transfer,0
TXN104766,335.94,1195,Aurangabad,Online,0
TXN104767,1923.17,216,Hyderabad,ATM,1
TXN104768,3069.94,1268,Pune,POS,0
TXN104769,2432.57,1359,Pune,Mobile Payment,0
TXN104770,1113.41,1321,Nashik,POS,0
TXN104771,413.72,831,Hyderabad,Mobile Payment,0
TXN104772,2091.4,181,Pune,ATM,0
TXN104773,1118.09,333,Bengaluru,ATM,0
TXN104774,107.74,510,Mumbai,ATM,0
TXN104775,2398.57,382,Nashik,Online,0
TXN104776,1070.38,1222,Pune,POS,0
TXN104777,3649.89,331,Nashik,Mobile Payment,0
TXN104778,366.77,1188,Nashik,ATM,0
TXN104779,45.75,1265,Nagpur,ATM,0
TXN104780,1449.66,899,Hyderabad,Mobile Payment,0
TXN104781,1467.86,641,Aurangabad,POS,0
TXN104782,202.21,1250,Hyderabad,POS,0
TXN104783,412.2,633,Nashik,Mobile Payment,0
TXN104784,17243.97,450,Hyderabad,Bank Transfer,0
TXN104785,807.86,195,Delhi,POS,0
TXN104786,2277.79,1227,Bengaluru,Mobile Payment,0
TXN104787,572.12,457,Bengaluru,Mobile Payment,0
TXN104788,135.6,829,Nashik,ATM,0
TXN104789,924.95,256,Delhi,Mobile Payment,0
TXN104790,840.83,1295,Bengaluru,Online,0
TXN104791,735.18,8,Nagpur,ATM,0
TXN104792,977.85,760,Pune,ATM,0
TXN104793,1428.34,948,Nashik,POS,0
TXN104794,943.77,1224,Nagpur,Bank Transfer,0
TXN104795,309.82,1082,Hyderabad,POS,0
TXN104796,1783.24,886,Mumbai,Online,0
TXN104797,156.12,392,Hyderabad,ATM,0
TXN104798,141.12,1142,Nagpur,ATM,0
TXN104799,6984.12,398,Aurangabad,Mobile Payment,1
TXN104800,1820.78,330,Aurangabad,Bank Transfer,0
TXN104801,1035.46,1290,Pune,Bank Transfer,0
TXN104802,271.66,479,Hyderabad,Mobile Payment,0
TXN104803,540.28,133,Delhi,Online,0
TXN104804,843.24,915,Pune,Bank Transfer,0
TXN104805,222.32,934,Bengaluru,ATM,0
TXN104806,1288.81,354,Delhi,Online,1
TXN104807,2105.55,583,Delhi,POS,0
TXN104808,4570.17,624,Delhi,POS,0
TXN104809,720.95,1130,Delhi,Online,0
TXN104810,2336.68,289,Aurangabad,ATM,0
TXN104811,161.73,824,Hyderabad,POS,0
TXN104812,2120.59,628,Bengaluru,ATM,0
TXN104813,490.81,1018,Aurangabad,Mobile Payment,0
TXN104814,1491.21,631,Nashik,Bank Transfer,0
TXN104815,855.98,1170,Bengaluru,Online,0
TXN104816,4106.86,326,Aurangabad,Bank Transfer,0
TXN104817,457.4,1438,Pune,Mobile Payment,0
TXN104818,2054.13,209,Aurangabad,POS,0
TXN104819,829.23,1319,Bengaluru,ATM,0
TXN104820,2053.69,1421,Bengaluru,ATM,1
TXN104821,912.46,1126,Pune,Mobile Payment,0
TXN104822,470.75,635,Mumbai,Online,0
TXN104823,1081.28,867,Hyderabad,Bank Transfer,0
TXN104824,1030.04,1232,Bengaluru,POS,0
TXN104825,1395.82,427,Aurangabad,Online,0
TXN104826,1193.33,392,Pune,Mobile Payment,0
TXN104827,2435.71,825,Delhi,Mobile Payment,0
TXN104828,2761.44,915,Hyderabad,ATM,0
TXN104829,383.51,1132,Bengaluru,POS,0
TXN104830,2614.35,347,Hyderabad,Online,0
TXN104831,334.84,49,Hyderabad,ATM,0
TXN104832,1974.08,915,Nagpur,POS,0
TXN104833,2038.03,1128,Hyderabad,Bank Transfer,0
TXN104834,162.18,1396,Delhi,Bank Transfer,0
TXN104835,1203.49,1050,Nashik,ATM,0
TXN104836,686.43,967,Hyderabad,Online,0
TXN104837,513.49,799,Bengaluru,POS,0
TXN104838,10867.45,1296,Pune,Bank Transfer,1
TXN104839,570.39,1016,Delhi,Bank Transfer,0
TXN104840,1837.62,648,Aurangabad,Online,1
TXN104841,1182.87,1363,Aurangabad,ATM,0
TXN104842,2176.75,300,Bengaluru,Mobile Payment,0
TXN104843,951.8,1288,Mumbai,POS,0
TXN104844,3520.54,165,Nagpur,Bank Transfer,0
TXN104845,1864.92,315,Bengaluru,Mobile Payment,0
TXN104846,124.19,0,Pune,Online,0
TXN104847,645.83,1019,Delhi,ATM,0
TXN104848,625.25,1284,Nagpur,POS,0
TXN104849,1771.11,62,Mumbai,Online,0
TXN104850,79.45,482,Bengaluru,ATM,0
TXN104851,14030.79,1344,Nashik,Online,0
TXN104852,1865.02,1224,Nagpur,Bank Transfer,0
TXN104853,1272.68,221,Mumbai,Bank Transfer,0
TXN104854,10626.49,151,Bengaluru,Mobile Payment,1
TXN104855,11426.08,643,Hyderabad,Online,0
TXN104856,2619.52,625,Bengaluru,Bank Transfer,0
TXN104857,2832.21,216,Pune,ATM,0
TXN104858,1249.74,195,Bengaluru,Mobile Payment,0
TXN104859,951.91,1225,Nashik,POS,0
TXN104860,681.44,994,Bengaluru,Online,0
TXN104861,480.05,1014,Aurangabad,Bank Transfer,0
TXN104862,551.69,646,Mumbai,ATM,0
TXN104863,284.13,1257,Hyderabad,Online,0
TXN104864,1016.51,1164,Aurangabad,ATM,0
TXN104865,203.43,707,Bengaluru,Mobile Payment,0
TXN104866,1327.32,1080,Nashik,Bank Transfer,0
TXN104867,1057.51,1165,Mumbai,Bank Transfer,0
TXN104868,1270.21,721,Mumbai,Mobile Payment,0
TXN104869,650.58,639,Bengaluru,ATM,0
TXN104870,23786.19,105,Nashik,Online,0
TXN104871,4273.19,164,Pune,ATM,0
TXN104872,315.91,214,Hyderabad,Online,0
TXN104873,1384.19,1094,Mumbai,Mobile Payment,0
TXN104874,597.05,89,Hyderabad,POS,0
TXN104875,397.63,873,Nashik,Online,0
TXN104876,713.31,1251,Nagpur,Bank Transfer,1
TXN104877,1689.55,1102,Aurangabad,Bank Transfer,0
TXN104878,554.81,607,Mumbai,Bank Transfer,0
TXN104879,2886.58,348,Nagpur,ATM,0
TXN104880,2962.48,893,Mumbai,ATM,0
TXN104881,4332.56,245,Pune,ATM,0
TXN104882,467.6,271,Bengaluru,Bank Transfer,0
TXN104883,1764.05,402,Nashik,Online,0
TXN104884,2064.11,1139,Mumbai,Bank Transfer,0
TXN104885,682.54,1195,Nashik,Online,0
TXN104886,506.86,1039,Delhi,ATM,0
TXN104887,5483.62,960,Mumbai,POS,0
TXN104888,1376.77,897,Pune,ATM,0
TXN104889,2071.37,1079,Pune,Mobile Payment,0
TXN104890,481.99,1126,Bengaluru,Online,0
TXN104891,323.99,283,Bengaluru,POS,0
TXN104892,620.52,516,Nagpur,ATM,0
TXN104893,968.72,617,Pune,POS,0
TXN104894,378.33,1301,Nashik,Bank Transfer,0
TXN104895,1085.89,611,Delhi,Online,0
TXN104896,202.65,749,Hyderabad,Mobile Payment,0
TXN104897,357.79,1292,Pune,Bank Transfer,0
TXN104898,2145.04,399,Mumbai,POS,0
TXN104899,2005.78,85,Hyderabad,ATM,0
TXN104900,741.09,319,Hyderabad,Online,0
TXN104901,1502.91,1055,Pune,Mobile Payment,1
TXN104902,392.52,335,Delhi,ATM,0
TXN104903,755.01,50,Nashik,Mobile Payment,0
TXN104904,2089.16,1102,Mumbai,Online,0
TXN104905,2774.56,173,Nagpur,POS,0
TXN104906,667.45,500,Nagpur,Mobile Payment,0
TXN104907,346.02,75,Nagpur,Online,0
TXN104908,1433.46,315,Bengaluru,Mobile Payment,0
TXN104909,481.29,1396,Mumbai,ATM,0
TXN104910,653.11,1104,Hyderabad,Mobile Payment,0
TXN104911,4126.88,696,Nagpur,ATM,0
TXN104912,2507.69,1009,Bengaluru,ATM,0
TXN104913,1284.31,731,Pune,Online,0
TXN104914,307.38,1094,Hyderabad,Bank Transfer,0
TXN104915,1354.78,968,Mumbai,Mobile Payment,0
TXN104916,3173.71,853,Mumbai,POS,0
TXN104917,753.23,665,Mumbai,ATM,0
TXN104918,4234.9,651,Aurangabad,Bank Transfer,0
TXN104919,3994.79,1094,Bengaluru,ATM,0
TXN104920,5789.1,45,Hyderabad,Bank Transfer,0
TXN104921,1488.08,1070,Nashik,Bank Transfer,0
TXN104922,1973.16,148,Aurangabad,POS,0
TXN104923,4510.61,909,Aurangabad,Bank Transfer,0
TXN104924,3369.09,1153,Aurangabad,POS,1
TXN104925,664.32,455,Nashik,Online,0
TXN104926,700.26,876,Aurangabad,ATM,0
TXN104927,1392.08,965,Nagpur,POS,0
TXN104928,301.7,868,Mumbai,ATM,0
TXN104929,950.27,928,Hyderabad,Mobile Payment,0
TXN104930,3283.11,1023,Hyderabad,Online,0
TXN104931,122.58,1000,Mumbai,Mobile Payment,0
TXN104932,5087.2,773,Bengaluru,Mobile Payment,0
TXN104933,3369.01,243,Pune,Bank Transfer,0
TXN104934,692.45,473,Delhi,Bank Transfer,0
TXN104935,1888.22,381,Nagpur,Mobile Payment,0
TXN104936,1100.09,1126,Nashik,Bank Transfer,0
TXN104937,3751.8,488,Delhi,ATM,0
TXN104938,2929.78,1060,Mumbai,Bank Transfer,0
TXN104939,270.41,1356,Aurangabad,Mobile Payment,0
TXN104940,1972.91,396,Hyderabad,Bank Transfer,0
TXN104941,892.81,295,Bengaluru,Bank Transfer,0
TXN104942,1191.34,106,Bengaluru,POS,0
TXN104943,529.44,859,Pune,POS,0
TXN104944,6298.94,953,Pune,Mobile Payment,0
TXN104945,3102.8,529,Mumbai,ATM,0
TXN104946,523.34,1106,Nagpur,Online,0
TXN104947,288.7,933,Bengaluru,Online,0
TXN104948,745.7,287,Delhi,Mobile Payment,0
TXN104949,1693.42,705,Pune,ATM,0
TXN104950,1394.38,214,Hyderabad,ATM,0
TXN104951,12957.09,1304,Hyderabad,ATM,1
TXN104952,2416.12,731,Mumbai,POS,0
TXN104953,2891.61,343,Nagpur,Mobile Payment,0
TXN104954,1520.59,193,Mumbai,Online,0
TXN104955,273.34,157,Mumbai,ATM,0
TXN104956,901.72,464,Nagpur,Mobile Payment,0
TXN104957,3165.57,103,Nagpur,Online,0
TXN104958,1041.56,33,Nagpur,POS,0
TXN104959,1813.64,1125,Hyderabad,Bank Transfer,0
TXN104960,797.32,638,Hyderabad,Online,0
TXN104961,391.58,324,Mumbai,Online,0
TXN104962,969.38,690,Pune,Online,0
TXN104963,1493.75,591,Nashik,Bank Transfer,0
TXN104964,569.25,140,Nashik,ATM,0
TXN104965,866.35,473,Mumbai,Bank Transfer,0
TXN104966,428.61,1054,Mumbai,Online,0
TXN104967,3358.48,883,Pune,POS,0
TXN104968,816.92,62,Nagpur,Online,0
TXN104969,4687.97,1110,Mumbai,POS,0
TXN104970,5058.11,303,Bengaluru,Mobile Payment,0
TXN104971,1011.26,1084,Hyderabad,POS,0
TXN104972,400.03,395,Aurangabad,Online,0
TXN104973,136.2,333,Nagpur,Bank Transfer,0
TXN104974,251.63,785,Bengaluru,Online,0
TXN104975,277.6,410,Hyderabad,Online,0
TXN104976,4352.34,283,Mumbai,Mobile Payment,0
TXN104977,1231.3,465,Aurangabad,ATM,0
TXN104978,1619.07,79,Bengaluru,Online,0
TXN104979,119.05,783,Delhi,Mobile Payment,0
TXN104980,330.97,1100,Pune,Bank Transfer,0
TXN104981,2662.66,732,Hyderabad,Mobile Payment,0
TXN104982,1460.85,1384,Aurangabad,Mobile Payment,0
TXN104983,946.52,76,Mumbai,POS,0
TXN104984,1929.16,508,Nashik,ATM,0
TXN104985,5629.62,1187,Bengaluru,ATM,0
TXN104986,879.15,1032,Mumbai,Bank Transfer,0
TXN104987,1175.41,1198,Nashik,Mobile Payment,0
TXN104988,1329.55,461,Pune,Bank Transfer,0
TXN104989,11993.37,1330,Pune,Bank Transfer,0
TXN104990,134.38,244,Nagpur,ATM,0
TXN104991,2171.61,121,Bengaluru,ATM,0
TXN104992,977.69,184,Nagpur,ATM,0
TXN104993,1932.89,31,Nashik,Online,0
TXN104994,568.29,997,Nashik,Mobile Payment,0
TXN104995,1044.23,761,Pune,Bank Transfer,0
TXN104996,6628.24,568,Aurangabad,Mobile Payment,1
TXN104997,24659.32,309,Nashik,Bank Transfer,0
TXN104998,2460.29,1395,Nashik,Bank Transfer,0
TXN104999,469.62,829,Bengaluru,Bank Transfer,0
