Order_ID,Order_Date,Category,Segment,Region,Quantity,Sales,Discount,Profit,Profit_Margin,Discount_Amount,Sales_per_Quantity
10001,2024-01-01,Technology,Home Office,West,9.0,764.65,0.03,72.58,0.0949192440986072,22.9395,84.96111111111111
10002,2024-01-02,Furniture,Home Office,South,13.0,2229.615,0.01,183.93,0.0824940628763262,22.296149999999997,171.50884615384615
10003,2024-01-03,Technology,Home Office,East,2.0,819.86,0.41,13.21,0.016112507013392532,336.14259999999996,409.93
10004,2024-01-04,Technology,Home Office,South,5.0,912.94,0.26,9.8,0.010734549915657109,237.36440000000002,182.58800000000002
10005,2024-01-05,Furniture,Consumer,East,4.0,64.39,0.39,0.31,0.004814412175803696,25.1121,16.0975
10006,2024-01-06,Furniture,Home Office,Central,8.0,722.94,0.12,60.9,0.08423935596315046,86.75280000000001,90.3675
10007,2024-01-07,Technology,Corporate,East,2.0,1447.07,0.17,69.89,0.04829759444947377,246.0019,723.535
10008,2024-01-08,Office Supplies,Corporate,Central,6.0,802.6,0.02,197.41,0.24596311986045352,16.052,133.76666666666668
10009,2024-01-09,Technology,Home Office,South,5.0,1032.44,0.48,80.0,0.0774863430320406,495.57120000000003,206.488
10010,2024-01-10,Technology,Home Office,Central,2.0,502.2,0.33,39.42,0.07849462365591399,165.726,251.1
10011,2024-01-11,Technology,Corporate,South,1.0,1172.29,0.47,-102.85,-0.08773426370607955,550.9762999999999,1172.29
10012,2024-01-12,Technology,Corporate,West,8.0,1170.74,0.13,328.96999999999997,0.28099321796470605,152.1962,146.3425
10013,2024-01-13,Furniture,Consumer,West,2.0,805.88,0.31,-30.23,-0.03751178835558644,249.8228,402.94
10014,2024-01-14,Technology,Corporate,West,7.0,1465.22,0.34,-171.41,-0.11698584512905912,498.17480000000006,209.31714285714287
10015,2024-01-15,Office Supplies,Corporate,Central,9.0,232.05,0.16,34.44,0.14841628959276015,37.128,25.783333333333335
10016,2024-01-16,Furniture,Home Office,West,9.0,74.57,0.42,8.79,0.11787582137588842,31.319399999999995,8.285555555555554
10017,2024-01-17,Office Supplies,Corporate,East,8.0,1166.73,0.47,42.95,0.036812287332973356,548.3631,145.84125
10018,2024-01-18,Office Supplies,Consumer,South,9.0,1220.38,0.44,48.8,0.03998754486307543,536.9672,135.5977777777778
10019,2024-01-19,Office Supplies,Corporate,South,2.0,224.3,0.37,45.6,0.20329915292019615,82.991,112.15
10020,2024-01-20,Office Supplies,Home Office,East,6.0,435.1,0.14,-26.95,-0.06193978395771087,60.91400000000001,72.51666666666667
10021,2024-01-21,Furniture,Home Office,Central,4.0,75.45,0.14,16.53,0.2190854870775348,10.563,18.8625
10022,2024-01-22,Furniture,Corporate,Central,4.0,475.3,0.48,67.46,0.1419314117399537,228.144,118.825
10023,2024-01-23,Office Supplies,Home Office,South,5.0,1171.06,0.01,45.13,0.0385377350434649,11.7106,234.212
10024,2024-01-24,Office Supplies,Consumer,West,3.0,801.04,0.36,44.95,0.05611455108359134,288.3744,267.0133333333333
10025,2024-01-25,Furniture,Consumer,Central,1.0,554.74,0.35,-19.14,-0.034502649890038574,194.159,554.74
10026,2024-01-26,Furniture,Corporate,Central,5.0,589.02,0.31,111.0,0.18844860955485382,182.59619999999998,117.804
10027,2024-01-27,Furniture,Corporate,East,5.0,51.96,0.5,4.2,0.08083140877598152,25.98,10.392
10028,2024-01-28,Technology,Corporate,East,3.0,484.71,0.16,-2.72,-0.005611602814053765,77.5536,161.57
10029,2024-01-29,Technology,Home Office,West,7.0,987.37,0.17,116.73,0.11822315849175082,167.8529,141.05285714285714
10030,2024-01-30,Technology,Consumer,Central,7.0,1462.58,0.04,328.96999999999997,0.22492444857717184,58.5032,208.94
10031,2024-01-31,Office Supplies,Consumer,Central,1.0,1278.24,0.22,58.63,0.04586775566403806,281.2128,1278.24
10032,2024-02-01,Technology,Home Office,East,9.0,84.21,0.13,22.26,0.26433915211970077,10.9473,9.356666666666666
10033,2024-02-02,Office Supplies,Consumer,Central,2.0,1352.91,0.17,7.11,0.005255338492582655,229.99470000000002,676.455
10034,2024-02-03,Office Supplies,Corporate,South,5.0,1185.64,0.42,-148.64,-0.12536689045578758,497.96880000000004,237.12800000000001
10035,2024-02-04,Technology,Corporate,East,5.0,1181.55,0.47,-68.64,-0.05809318268376286,555.3285,236.31
10036,2024-02-05,Office Supplies,Corporate,West,8.0,714.09,0.09,27.43,0.03841252503185873,64.2681,89.26125
10037,2024-02-06,Technology,Consumer,East,8.0,627.11,0.19,-32.09,-0.05117124587392962,119.15090000000001,78.38875
10038,2024-02-07,Technology,Corporate,Central,7.0,489.23,0.46,-73.33,-0.14988860045377428,225.0458,69.89
10039,2024-02-08,Furniture,Home Office,West,7.0,145.26,0.03,38.02,0.261737574005232,4.357799999999999,20.75142857142857
10040,2024-02-09,Technology,Home Office,East,6.0,380.94,0.05,87.52,0.22974746679267075,19.047,63.49
10041,2024-02-10,Furniture,Consumer,South,6.0,407.58,0.08,75.01,0.18403748957259927,32.6064,67.92999999999999
10042,2024-02-11,Technology,Home Office,South,9.0,751.91,0.3,-56.0,-0.07447699857695735,225.57299999999998,83.54555555555555
10043,2024-02-12,Technology,Home Office,East,13.0,2229.615,0.08,-108.66,-0.04873487126701247,178.36919999999998,171.50884615384615
10044,2024-02-13,Furniture,Consumer,South,2.0,737.02,0.48,-88.13,-0.11957613090553852,353.76959999999997,368.51
10045,2024-02-14,Furniture,Corporate,South,2.0,133.87,0.22,23.54,0.17584223500410845,29.4514,66.935
10046,2024-02-15,Technology,Corporate,South,5.0,1438.8,0.25,328.96999999999997,0.22864192382541004,359.7,287.76
10047,2024-02-16,Office Supplies,Corporate,West,4.0,1416.95,0.12,61.98,0.04374183986732065,170.034,354.2375
10048,2024-02-17,Furniture,Consumer,South,2.0,1188.52,0.24,-114.56,-0.09638878605324269,285.2448,594.26
10049,2024-02-18,Office Supplies,Home Office,South,3.0,1487.43,0.33,119.85,0.08057522034650369,490.85190000000006,495.81
10050,2024-02-19,Office Supplies,Corporate,South,7.0,839.5,0.38,5.85,0.006968433591423466,319.01,119.92857142857143
10051,2024-02-20,Office Supplies,Corporate,West,8.0,1446.01,0.38,27.0,0.0186720700410094,549.4838,180.75125
10052,2024-02-21,Furniture,Consumer,East,6.0,159.63,0.29,20.69,0.12961222827789265,46.292699999999996,26.605
10053,2024-02-22,Office Supplies,Corporate,Central,5.0,580.24,0.45,100.63,0.17342823659175513,261.108,116.048
10054,2024-02-23,Furniture,Consumer,South,1.0,376.8,0.41,-37.77,-0.10023885350318472,154.488,376.8
10055,2024-02-24,Office Supplies,Home Office,East,8.0,333.96,0.38,-44.75,-0.1339980836028267,126.9048,41.745
10056,2024-02-25,Technology,Consumer,South,3.0,254.16,0.03,75.6,0.29745042492917845,7.6248,84.72
10057,2024-02-26,Technology,Consumer,West,6.0,952.5,0.0,-43.12,-0.04527034120734908,0.0,158.75
10058,2024-02-27,Furniture,Consumer,East,3.0,1182.92,0.11,-148.78,-0.1257735096202617,130.12120000000002,394.3066666666667
10059,2024-02-28,Technology,Consumer,West,7.0,888.53,0.33,-57.36,-0.06455606451104634,293.2149,126.93285714285715
10060,2024-02-29,Technology,Home Office,South,7.0,263.1,0.21,-34.85,-0.1324591410110224,55.251000000000005,37.58571428571429
10061,2024-03-01,Office Supplies,Home Office,South,9.0,1226.13,0.2,32.27,0.02631857959596454,245.22600000000003,136.23666666666668
10062,2024-03-02,Furniture,Corporate,West,5.0,972.13,0.44,205.2,0.21108287986174687,427.7372,194.426
10063,2024-03-03,Office Supplies,Home Office,Central,8.0,612.84,0.45,2.18,0.0035572090594608707,275.778,76.605
10064,2024-03-04,Office Supplies,Home Office,West,8.0,1027.49,0.45,51.25,0.049878830937527374,462.3705,128.43625
10065,2024-03-05,Office Supplies,Corporate,South,1.0,426.86,0.16,65.74,0.15400833997095065,68.2976,426.86
10066,2024-03-06,Office Supplies,Home Office,West,5.0,550.53,0.35,43.49,0.07899660327320945,192.6855,110.106
10067,2024-03-07,Office Supplies,Consumer,Central,3.0,1380.35,0.14,328.04,0.23764987140942517,193.249,460.1166666666666
10068,2024-03-08,Office Supplies,Consumer,West,1.0,471.23,0.1,112.96,0.2397130912717781,47.123000000000005,471.23
10069,2024-03-09,Office Supplies,Corporate,Central,4.0,731.48,0.09,-106.46,-0.14554054793022364,65.8332,182.87
10070,2024-03-10,Furniture,Corporate,Central,8.0,1340.7,0.17,268.3,0.2001193406429477,227.919,167.5875
10071,2024-03-11,Technology,Corporate,West,3.0,1076.2,0.21,61.7,0.05733135104999071,226.002,358.73333333333335
10072,2024-03-12,Office Supplies,Consumer,West,2.0,140.19,0.42,41.35,0.29495684428275915,58.879799999999996,70.095
10073,2024-03-13,Office Supplies,Home Office,East,9.0,263.59,0.06,17.78,0.06745324177700217,15.815399999999999,29.287777777777777
10074,2024-03-14,Office Supplies,Consumer,South,5.0,61.37,0.37,18.05,0.29411764705882354,22.706899999999997,12.274
10075,2024-03-15,Office Supplies,Corporate,Central,7.0,964.84,0.27,182.89,0.189554744828158,260.5068,137.83428571428573
10076,2024-03-16,Office Supplies,Home Office,East,2.0,699.13,0.14,-26.66,-0.03813310829173401,97.8782,349.565
10077,2024-03-17,Office Supplies,Home Office,West,9.0,244.7,0.25,22.58,0.09227625664078463,61.175,27.188888888888886
10078,2024-03-18,Technology,Consumer,South,9.0,1439.0,0.15,328.96999999999997,0.22861014593467685,215.85,159.88888888888889
10079,2024-03-19,Technology,Corporate,East,4.0,818.01,0.3,192.96,0.2358895368027286,245.403,204.5025
10080,2024-03-20,Office Supplies,Consumer,Central,4.0,400.75,0.22,-42.55,-0.10617592014971927,88.165,100.1875
10081,2024-03-21,Technology,Home Office,East,6.0,775.88,0.08,130.24,0.16786100943444865,62.0704,129.31333333333333
10082,2024-03-22,Furniture,Consumer,Central,6.0,1035.45,0.06,5.71,0.005514510599256362,62.127,172.57500000000002
10083,2024-03-23,Office Supplies,Consumer,West,1.0,160.55,0.27,-23.58,-0.1468701339146683,43.34850000000001,160.55
10084,2024-03-24,Furniture,Corporate,South,9.0,448.32,0.45,14.15,0.03156227694503926,201.744,49.81333333333333
10085,2024-03-25,Furniture,Corporate,South,2.0,1220.1,0.17,-54.12,-0.04435701991640029,207.417,610.05
10086,2024-03-26,Office Supplies,Home Office,South,5.0,716.51,0.37,156.55,0.21848962331300334,265.1087,143.302
10087,2024-03-27,Technology,Consumer,West,9.0,842.54,0.33,1.52,0.001804068649559665,278.0382,93.61555555555555
10088,2024-03-28,Furniture,Consumer,Central,4.0,775.7,0.47,150.68,0.19425035451849942,364.579,193.925
10089,2024-03-29,Office Supplies,Consumer,West,3.0,113.65,0.41,-17.02,-0.1497580290365156,46.5965,37.88333333333333
10090,2024-03-30,Furniture,Home Office,South,7.0,290.34,0.28,-3.33,-0.011469311841289524,81.2952,41.47714285714285
10091,2024-03-31,Furniture,Home Office,West,6.0,696.04,0.33,-28.87,-0.04147750129302914,229.6932,116.00666666666666
10092,2024-04-01,Furniture,Corporate,West,8.0,353.32,0.45,-15.86,-0.04488848635797577,158.994,44.165
10093,2024-04-02,Furniture,Corporate,West,3.0,122.47,0.2,-14.61,-0.11929452110720992,24.494,40.82333333333333
10094,2024-04-03,Technology,Corporate,Central,5.0,1273.29,0.16,-83.77,-0.06579019704859065,203.7264,254.658
10095,2024-04-04,Furniture,Consumer,East,4.0,1472.73,0.01,147.27,0.09999796296673526,14.7273,368.1825
10096,2024-04-05,Furniture,Consumer,East,4.0,1200.06,0.41,-22.67,-0.01889072213056014,492.02459999999996,300.015
10097,2024-04-06,Furniture,Corporate,West,4.0,1287.99,0.4,48.72,0.03782638063960124,515.196,321.9975
10098,2024-04-07,Technology,Consumer,East,8.0,400.87,0.05,7.85,0.019582408262030084,20.0435,50.10875
10099,2024-04-08,Furniture,Corporate,East,6.0,1442.91,0.29,328.96999999999997,0.22799065776798272,418.4439,240.485
10100,2024-04-09,Furniture,Home Office,West,3.0,335.54,0.23,86.36,0.25737616975621386,77.17420000000001,111.84666666666668
10101,2024-04-10,Technology,Corporate,West,5.0,1429.57,0.06,102.69,0.07183278888057248,85.7742,285.914
10102,2024-04-11,Technology,Home Office,South,5.0,1492.49,0.49,-2.13,-0.0014271452405041239,731.3201,298.498
10103,2024-04-12,Technology,Consumer,East,5.0,1082.0,0.11,-110.3,-0.10194085027726432,119.02,216.4
10104,2024-04-13,Furniture,Corporate,Central,6.0,1472.66,0.03,328.96999999999997,0.2233848953594176,44.1798,245.44333333333336
10105,2024-04-14,Technology,Consumer,West,8.0,875.83,0.3,-107.64,-0.12290056289462567,262.749,109.47875
10106,2024-04-15,Technology,Home Office,South,7.0,426.34,0.37,-6.85,-0.016066988788291034,157.7458,60.90571428571428
10107,2024-04-16,Furniture,Home Office,Central,5.0,683.64,0.02,-10.85,-0.01587092621847756,13.6728,136.728
10108,2024-04-17,Technology,Home Office,East,6.0,910.66,0.33,-5.3,-0.005819954758087541,300.5178,151.77666666666667
10109,2024-04-18,Furniture,Consumer,South,4.0,155.97,0.27,-11.86,-0.07604026415336282,42.111900000000006,38.9925
10110,2024-04-19,Office Supplies,Consumer,West,9.0,952.4,0.05,192.79,0.2024254514909702,47.620000000000005,105.82222222222222
10111,2024-04-20,Technology,Consumer,Central,4.0,1472.71,0.09,-139.72,-0.0948727176429847,132.5439,368.1775
10112,2024-04-21,Office Supplies,Consumer,West,1.0,325.66,0.28,44.19,0.13569366824295276,91.18480000000001,325.66
10113,2024-04-22,Furniture,Home Office,East,7.0,1199.26,0.15,-113.05,-0.09426646431966379,179.88899999999998,171.32285714285715
10114,2024-04-23,Technology,Home Office,Central,7.0,1366.45,0.47,-161.59,-0.11825533316257456,642.2315,195.20714285714286
10115,2024-04-24,Furniture,Corporate,East,4.0,1418.37,0.41,328.96999999999997,0.23193524961751869,581.5316999999999,354.5925
10116,2024-04-25,Office Supplies,Corporate,East,3.0,1442.2,0.49,-92.94,-0.0644432117598114,706.678,480.73333333333335
10117,2024-04-26,Furniture,Consumer,South,8.0,806.12,0.13,176.99,0.21955788220116113,104.79560000000001,100.765
10118,2024-04-27,Technology,Home Office,West,5.0,1467.1,0.48,139.5,0.09508554290777725,704.208,293.41999999999996
10119,2024-04-28,Technology,Home Office,Central,7.0,1148.1,0.22,-131.99,-0.1149638533228813,252.582,164.0142857142857
10120,2024-04-29,Office Supplies,Home Office,East,4.0,284.42,0.17,79.62,0.2799381196821602,48.351400000000005,71.105
10121,2024-04-30,Furniture,Corporate,East,4.0,741.51,0.03,-28.82,-0.03886663699747812,22.2453,185.3775
10122,2024-05-01,Technology,Corporate,Central,8.0,1091.58,0.03,258.53,0.23684017662470913,32.7474,136.4475
10123,2024-05-02,Office Supplies,Home Office,East,8.0,408.64,0.35,-30.25,-0.0740260375880971,143.02399999999997,51.08
10124,2024-05-03,Technology,Home Office,South,2.0,978.89,0.23,30.005000000000003,0.03065206509413724,225.1447,489.445
10125,2024-05-04,Technology,Home Office,South,2.0,1016.57,0.11,-146.43,-0.14404320410793156,111.82270000000001,508.285
10126,2024-05-05,Furniture,Corporate,South,3.0,285.91,0.31,22.96,0.08030499108110943,88.63210000000001,95.30333333333334
10127,2024-05-06,Technology,Home Office,South,3.0,869.37,0.13,170.61,0.19624555712757516,113.0181,289.79
10128,2024-05-07,Furniture,Home Office,East,1.0,775.7,0.29,316.36,0.4078380817326286,224.953,775.7
10129,2024-05-08,Technology,Consumer,Central,3.0,773.4,0.18,200.42,0.2591414533229894,139.212,257.8
10130,2024-05-09,Office Supplies,Consumer,Central,6.0,67.55,0.41,14.78,0.21880088823094004,27.695499999999996,11.258333333333333
10131,2024-05-10,Technology,Corporate,Central,8.0,63.11,0.41,15.76,0.2497227063856758,25.8751,7.88875
10132,2024-05-11,Furniture,Home Office,Central,6.0,567.69,0.24,-34.26,-0.060349838820483004,136.2456,94.61500000000001
10133,2024-05-12,Furniture,Home Office,West,5.0,1392.98,0.18,-30.81,-0.02211804907464572,250.7364,278.596
10134,2024-05-13,Office Supplies,Consumer,Central,4.0,381.58,0.18,-7.62,-0.019969600083861838,68.6844,95.395
10135,2024-05-14,Technology,Corporate,West,3.0,969.83,0.4,19.08,0.01967355103471742,387.932,323.2766666666667
10136,2024-05-15,Technology,Consumer,West,4.0,372.01,0.16,10.04,0.02698852181392973,59.5216,93.0025
10137,2024-05-16,Office Supplies,Consumer,South,7.0,516.42,0.1,49.09,0.09505828589132878,51.641999999999996,73.77428571428571
10138,2024-05-17,Technology,Consumer,West,1.0,1279.66,0.04,-99.88,-0.07805198255786693,51.186400000000006,1279.66
10139,2024-05-18,Technology,Consumer,East,7.0,1106.85,0.23,178.27,0.16106066766047797,254.57549999999998,158.12142857142857
10140,2024-05-19,Furniture,Home Office,West,1.0,188.33,0.24,-14.05,-0.07460309032018266,45.199200000000005,188.33
10141,2024-05-20,Technology,Home Office,South,2.0,671.62,0.42,-6.96,-0.010363002888538161,282.0804,335.81
10142,2024-05-21,Technology,Consumer,West,4.0,92.3,0.11,7.06,0.07648970747562296,10.153,23.075
10143,2024-05-22,Office Supplies,Corporate,East,1.0,747.29,0.19,155.73,0.20839299334930214,141.9851,747.29
10144,2024-05-23,Office Supplies,Corporate,East,9.0,1010.53,0.4,184.69,0.18276547950085598,404.212,112.2811111111111
10145,2024-05-24,Furniture,Corporate,East,6.0,221.83,0.41,31.16,0.14046792588919443,90.9503,36.97166666666667
10146,2024-05-25,Technology,Corporate,South,1.0,468.88,0.19,-37.46,-0.07989250981061252,89.0872,468.88
10147,2024-05-26,Technology,Consumer,South,1.0,626.86,0.23,60.29,0.09617777494177328,144.17780000000002,626.86
10148,2024-05-27,Technology,Home Office,Central,6.0,1383.32,0.15,-153.06,-0.110646849608189,207.498,230.5533333333333
10149,2024-05-28,Furniture,Corporate,South,4.0,1490.22,0.47,29.53,0.019815866113728174,700.4033999999999,372.555
10150,2024-05-29,Furniture,Consumer,East,4.0,115.12,0.06,4.15,0.03604933981931897,6.9072000000000005,28.78
10151,2024-05-30,Office Supplies,Corporate,East,6.0,1153.46,0.47,-152.35,-0.13208086973107,542.1262,192.24333333333334
10152,2024-05-31,Furniture,Corporate,South,7.0,589.0,0.34,-15.73,-0.0267062818336163,200.26000000000002,84.14285714285714
10153,2024-06-01,Technology,Consumer,West,9.0,619.06,0.27,173.36,0.2800374761735535,167.1462,68.78444444444443
10154,2024-06-02,Technology,Home Office,South,5.0,1143.68,0.02,319.24,0.27913402350307776,22.873600000000003,228.73600000000002
10155,2024-06-03,Furniture,Home Office,South,9.0,1381.72,0.24,11.81,0.008547317835740961,331.6128,153.52444444444444
10156,2024-06-04,Technology,Consumer,East,4.0,1428.85,0.2,-186.61,-0.1306015327011233,285.77,357.2125
10157,2024-06-05,Technology,Home Office,Central,2.0,886.83,0.08,-61.55,-0.06940450819209995,70.94640000000001,443.415
10158,2024-06-06,Furniture,Consumer,East,3.0,567.83,0.33,15.05,0.026504411531620378,187.3839,189.27666666666667
10159,2024-06-07,Furniture,Consumer,Central,1.0,1191.95,0.49,328.96999999999997,0.27599312051680014,584.0555,1191.95
10160,2024-06-08,Technology,Consumer,East,6.0,413.95,0.28,-35.79,-0.08645971735716874,115.906,68.99166666666666
10161,2024-06-09,Technology,Home Office,South,6.0,867.91,0.36,168.01,0.19357997949096103,312.44759999999997,144.65166666666667
10162,2024-06-10,Technology,Consumer,East,1.0,569.94,0.03,-57.62,-0.10109836123100675,17.098200000000002,569.94
10163,2024-06-11,Office Supplies,Corporate,East,3.0,1002.12,0.21,292.18,0.291561888795753,210.4452,334.04
10164,2024-06-12,Office Supplies,Home Office,East,5.0,398.58,0.06,8.66,0.021727131316172415,23.9148,79.716
10165,2024-06-13,Office Supplies,Home Office,South,3.0,327.81,0.31,65.19,0.19886519630273633,101.6211,109.27
10166,2024-06-14,Furniture,Home Office,South,3.0,1381.45,0.47,5.76,0.004169532013464114,649.2814999999999,460.48333333333335
10167,2024-06-15,Office Supplies,Home Office,South,3.0,197.62,0.33,26.17,0.132425867827143,65.2146,65.87333333333333
10168,2024-06-16,Furniture,Corporate,South,5.0,783.64,0.04,-49.83,-0.06358787198203257,31.3456,156.728
10169,2024-06-17,Furniture,Home Office,Central,5.0,370.24,0.18,-31.21,-0.0842966724286949,66.6432,74.048
10170,2024-06-18,Office Supplies,Home Office,Central,4.0,106.45,0.28,28.97,0.27214654767496477,29.806000000000004,26.6125
10171,2024-06-19,Office Supplies,Consumer,West,1.0,102.23,0.2,26.88,0.2629365156998924,20.446,102.23
10172,2024-06-20,Office Supplies,Home Office,South,5.0,304.07,0.42,75.82,0.24935047850823822,127.70939999999999,60.814
10173,2024-06-21,Technology,Corporate,Central,5.0,1306.82,0.41,171.78,0.13144886059288963,535.7961999999999,261.364
10174,2024-06-22,Office Supplies,Corporate,East,4.0,459.59,0.31,98.22,0.2137122217628756,142.47289999999998,114.8975
10175,2024-06-23,Technology,Corporate,South,6.0,1428.17,0.19,-169.86,-0.11893542085325977,271.3523,238.02833333333334
10176,2024-06-24,Furniture,Corporate,West,4.0,893.35,0.13,0.59,0.0006604354396373202,116.13550000000001,223.3375
10177,2024-06-25,Technology,Home Office,West,7.0,683.09,0.05,-6.03,-0.008827533707124977,34.154500000000006,97.58428571428571
10178,2024-06-26,Office Supplies,Home Office,West,7.0,891.13,0.18,121.23,0.1360407572408066,160.4034,127.30428571428571
10179,2024-06-27,Furniture,Corporate,East,2.0,775.7,0.21,8.14,0.010493747582828413,162.897,387.85
10180,2024-06-28,Furniture,Corporate,Central,3.0,1150.23,0.34,-95.67,-0.0831746694139433,391.07820000000004,383.41
10181,2024-06-29,Furniture,Home Office,East,1.0,459.62,0.33,54.42,0.11840215830468648,151.6746,459.62
10182,2024-06-30,Technology,Corporate,South,8.0,561.92,0.04,121.64,0.2164720956719818,22.476799999999997,70.24
10183,2024-07-01,Office Supplies,Consumer,West,9.0,1346.44,0.2,29.56,0.021954190309259974,269.288,149.60444444444445
10184,2024-07-02,Furniture,Corporate,East,4.0,1422.36,0.09,-128.69,-0.09047639134958801,128.01239999999999,355.59
10185,2024-07-03,Furniture,Corporate,East,6.0,1344.21,0.08,-82.66,-0.06149336785174935,107.5368,224.035
10186,2024-07-04,Furniture,Consumer,Central,9.0,658.2,0.41,-28.39,-0.04313278638711637,269.862,73.13333333333334
10187,2024-07-05,Technology,Consumer,Central,6.0,1181.53,0.02,-17.78,-0.015048284850998283,23.6306,196.92166666666665
10188,2024-07-06,Technology,Home Office,West,9.0,740.69,0.21,103.15,0.1392620394497023,155.5449,82.2988888888889
10189,2024-07-07,Office Supplies,Home Office,East,4.0,771.43,0.08,92.9,0.12042570291536499,61.7144,192.8575
10190,2024-07-08,Technology,Consumer,East,8.0,346.79,0.44,56.61,0.1632400011534358,152.5876,43.34875
10191,2024-07-09,Furniture,Consumer,Central,9.0,907.14,0.28,11.91,0.013129175210000663,253.99920000000003,100.79333333333334
10192,2024-07-10,Office Supplies,Home Office,East,4.0,319.9,0.12,70.63,0.22078774617067834,38.388,79.975
10193,2024-07-11,Furniture,Corporate,East,5.0,530.77,0.25,-30.87,-0.05816078527422425,132.6925,106.154
10194,2024-07-12,Furniture,Consumer,East,8.0,1289.79,0.37,78.77,0.06107195745043767,477.22229999999996,161.22375
10195,2024-07-13,Technology,Home Office,Central,6.0,350.26,0.48,73.7,0.21041512019642553,168.1248,58.376666666666665
10196,2024-07-14,Office Supplies,Corporate,West,7.0,153.18,0.11,-10.56,-0.06893850372111242,16.849800000000002,21.882857142857144
10197,2024-07-15,Technology,Consumer,South,3.0,150.06,0.44,-15.09,-0.10055977608956417,66.0264,50.02
10198,2024-07-16,Technology,Corporate,West,7.0,1414.14,0.47,328.96999999999997,0.23262901834330402,664.6458,202.02
10199,2024-07-17,Office Supplies,Home Office,South,8.0,785.03,0.46,3.39,0.004318306306765347,361.1138,98.12875
10200,2024-07-18,Furniture,Consumer,East,6.0,643.65,0.32,101.53,0.1577410083119708,205.968,107.27499999999999
10201,2024-07-19,Furniture,Corporate,West,9.0,1225.77,0.31,-169.88,-0.138590437031417,379.9887,136.19666666666666
10202,2024-07-20,Office Supplies,Consumer,South,6.0,1261.95,0.2,202.57,0.16052141527001862,252.39000000000001,210.32500000000002
10203,2024-07-21,Furniture,Corporate,Central,9.0,531.68,0.38,-4.12,-0.007749021968101114,202.0384,59.07555555555555
10204,2024-07-22,Office Supplies,Home Office,Central,4.0,1055.75,0.27,-131.88,-0.12491593653800616,285.0525,263.9375
10205,2024-07-23,Office Supplies,Home Office,West,8.0,1168.13,0.34,145.33,0.12441252257882256,397.16420000000005,146.01625
10206,2024-07-24,Technology,Consumer,West,4.0,999.24,0.21,-41.61,-0.04164164765221568,209.8404,249.81
10207,2024-07-25,Office Supplies,Corporate,East,2.0,269.81,0.37,6.49,0.02405396390052259,99.8297,134.905
10208,2024-07-26,Technology,Consumer,West,9.0,1320.03,0.41,-150.14,-0.11373983924607774,541.2122999999999,146.67
10209,2024-07-27,Furniture,Consumer,East,5.0,831.69,0.07,-69.68,-0.08378121655905446,58.218300000000006,166.33800000000002
10210,2024-07-28,Furniture,Corporate,East,4.0,459.59,0.42,-7.31,-0.015905480972170847,193.02779999999998,114.8975
10211,2024-07-29,Furniture,Corporate,Central,2.0,666.58,0.27,-73.06,-0.1096042485523118,179.97660000000002,333.29
10212,2024-07-30,Furniture,Corporate,Central,1.0,104.48,0.42,27.15,0.2598583460949464,43.8816,104.48
10213,2024-07-31,Technology,Home Office,South,7.0,235.41,0.22,-34.67,-0.14727496707871374,51.7902,33.63
10214,2024-08-01,Furniture,Consumer,Central,6.0,1160.04,0.19,78.58,0.06773904348125927,220.4076,193.34
10215,2024-08-02,Office Supplies,Consumer,Central,2.0,50.02,0.46,-4.73,-0.09456217512994802,23.009200000000003,25.01
10216,2024-08-03,Office Supplies,Home Office,West,8.0,654.02,0.13,-7.55,-0.011543989480444022,85.0226,81.7525
10217,2024-08-04,Office Supplies,Corporate,Central,4.0,807.64,0.42,215.42,0.2667277499876182,339.2088,201.91
10218,2024-08-05,Technology,Home Office,South,8.0,129.22,0.24,-9.98,-0.07723262652840118,31.0128,16.1525
10219,2024-08-06,Furniture,Home Office,West,7.0,1460.96,0.26,328.96999999999997,0.22517385828496328,379.8496,208.70857142857145
10220,2024-08-07,Furniture,Home Office,South,5.0,377.88,0.15,-21.69,-0.057399174341060656,56.681999999999995,75.576
10221,2024-08-08,Furniture,Consumer,Central,8.0,491.09,0.29,90.22,0.1837137795516097,142.41609999999997,61.38625
10222,2024-08-09,Technology,Home Office,South,9.0,490.72,0.16,47.11,0.09600179328333876,78.51520000000001,54.52444444444445
10223,2024-08-10,Office Supplies,Consumer,West,5.0,384.1,0.02,95.26,0.24800833116375945,7.682,76.82000000000001
10224,2024-08-11,Office Supplies,Consumer,East,5.0,52.14,0.14,5.18,0.09934790947449175,7.299600000000001,10.428
10225,2024-08-12,Furniture,Consumer,South,2.0,1107.55,0.0,100.29,0.09055121664936121,0.0,553.775
10226,2024-08-13,Office Supplies,Corporate,South,5.0,1451.93,0.49,-90.08,-0.062041558477337055,711.4457,290.386
10227,2024-08-14,Office Supplies,Consumer,West,3.0,375.23,0.48,-28.22,-0.07520720624683527,180.1104,125.07666666666667
10228,2024-08-15,Technology,Consumer,West,7.0,1011.42,0.2,265.42,0.2624231278796148,202.284,144.48857142857142
10229,2024-08-16,Technology,Corporate,South,5.0,1125.75,0.36,-2.78,-0.002469464801243615,405.27,225.15
10230,2024-08-17,Technology,Consumer,Central,8.0,1280.22,0.17,22.32,0.017434503444720438,217.6374,160.0275
10231,2024-08-18,Technology,Home Office,South,1.0,662.81,0.34,127.21,0.19192528778986437,225.3554,662.81
10232,2024-08-19,Furniture,Home Office,West,3.0,489.25,0.4,1.21,0.0024731732243229434,195.70000000000002,163.08333333333334
10233,2024-08-20,Technology,Consumer,East,3.0,521.68,0.47,145.25,0.27842738843735626,245.18959999999996,173.89333333333332
10234,2024-08-21,Office Supplies,Corporate,East,9.0,1083.3,0.2,197.23,0.18206406350964646,216.66,120.36666666666666
10235,2024-08-22,Furniture,Home Office,Central,5.0,1234.33,0.39,146.69,0.11884180081501707,481.3887,246.86599999999999
10236,2024-08-23,Office Supplies,Corporate,South,9.0,313.34,0.13,77.21,0.24640965085849237,40.7342,34.815555555555555
10237,2024-08-24,Office Supplies,Corporate,East,9.0,587.86,0.5,-75.06,-0.12768346204878714,293.93,65.31777777777778
10238,2024-08-25,Office Supplies,Home Office,South,1.0,1357.81,0.01,-46.6,-0.03431997112998137,13.5781,1357.81
10239,2024-08-26,Technology,Corporate,West,2.0,1219.71,0.3,72.29,0.05926818670011724,365.913,609.855
10240,2024-08-27,Technology,Home Office,East,5.0,1478.04,0.33,-70.74,-0.04786068036047739,487.7532,295.608
10241,2024-08-28,Furniture,Corporate,Central,4.0,1143.66,0.34,211.3,0.18475770771033348,388.84440000000006,285.915
10242,2024-08-29,Furniture,Home Office,West,9.0,620.13,0.06,163.49,0.26363826939512686,37.2078,68.90333333333334
10243,2024-08-30,Technology,Consumer,Central,7.0,906.42,0.47,36.89,0.04069857240572803,426.01739999999995,129.48857142857142
10244,2024-08-31,Office Supplies,Home Office,West,6.0,1008.47,0.09,3.99,0.003956488542048846,90.7623,168.07833333333335
10245,2024-09-01,Furniture,Home Office,East,7.0,163.76,0.31,46.29,0.28266976062530536,50.7656,23.39428571428571
10246,2024-09-02,Technology,Home Office,Central,1.0,839.52,0.11,42.13,0.050183438155136276,92.3472,839.52
10247,2024-09-03,Technology,Home Office,Central,1.0,1078.52,0.15,75.57,0.0700682416645032,161.778,1078.52
10248,2024-09-04,Technology,Corporate,West,8.0,292.62,0.27,2.41,0.008235937393206206,79.0074,36.5775
10249,2024-09-05,Office Supplies,Consumer,Central,2.0,1181.92,0.21,306.47,0.2592984296737512,248.2032,590.96
10250,2024-09-06,Technology,Home Office,West,9.0,896.47,0.08,95.05,0.10602697245864334,71.7176,99.60777777777778
10251,2024-09-07,Technology,Corporate,West,7.0,1430.72,0.09,276.1,0.19297975844330129,128.7648,204.38857142857142
10252,2024-09-08,Technology,Consumer,West,6.0,111.51,0.21,24.01,0.21531701192718142,23.4171,18.585
10253,2024-09-09,Technology,Consumer,West,1.0,434.72,0.38,1.67,0.0038415531836584462,165.1936,434.72
10254,2024-09-10,Furniture,Consumer,East,1.0,922.25,0.45,41.65,0.04516129032258064,415.0125,922.25
10255,2024-09-11,Furniture,Consumer,West,2.0,480.01,0.04,111.27,0.23180767067352764,19.2004,240.005
10256,2024-09-12,Technology,Home Office,South,6.0,1085.92,0.2,14.62,0.01346323854427582,217.18400000000003,180.98666666666668
10257,2024-09-13,Office Supplies,Home Office,Central,6.0,1150.56,0.05,238.48,0.20727298011403142,57.528,191.76
10258,2024-09-14,Furniture,Corporate,South,2.0,198.65,0.01,54.32,0.27344575887238864,1.9865000000000002,99.325
10259,2024-09-15,Technology,Corporate,East,1.0,795.09,0.33,103.72,0.13045064080795885,262.3797,795.09
10260,2024-09-16,Furniture,Corporate,South,5.0,787.89,0.3,144.76,0.18373123151708995,236.367,157.578
10261,2024-09-17,Furniture,Consumer,Central,5.0,585.46,0.08,124.29,0.21229460595087624,46.836800000000004,117.09200000000001
10262,2024-09-18,Office Supplies,Consumer,South,2.0,1402.74,0.12,323.01,0.230270755806493,168.3288,701.37
10263,2024-09-19,Technology,Home Office,East,6.0,1249.88,0.01,34.71,0.027770665983934455,12.498800000000001,208.31333333333336
10264,2024-09-20,Technology,Consumer,West,9.0,1060.95,0.42,-134.67,-0.12693340873745226,445.599,117.88333333333334
10265,2024-09-21,Office Supplies,Consumer,South,2.0,1085.77,0.49,33.49,0.03084446982325907,532.0273,542.885
10266,2024-09-22,Office Supplies,Consumer,East,2.0,719.49,0.07,110.22,0.15319184422299129,50.36430000000001,359.745
10267,2024-09-23,Technology,Corporate,East,3.0,1385.44,0.12,72.95,0.05265475228086384,166.2528,461.81333333333333
10268,2024-09-24,Technology,Corporate,Central,7.0,1057.16,0.43,197.72,0.18702939952325096,454.5788,151.02285714285716
10269,2024-09-25,Office Supplies,Home Office,Central,6.0,1107.02,0.46,11.78,0.010641180827807989,509.2292,184.50333333333333
10270,2024-09-26,Furniture,Consumer,South,8.0,1299.45,0.21,176.25,0.13563430682211705,272.8845,162.43125
10271,2024-09-27,Furniture,Consumer,West,8.0,447.4,0.03,-29.58,-0.06611533303531515,13.421999999999999,55.925
10272,2024-09-28,Office Supplies,Home Office,East,6.0,1220.25,0.02,30.005000000000003,0.02458922351977054,24.405,203.375
10273,2024-09-29,Furniture,Consumer,South,3.0,333.1,0.29,31.83,0.095556889822876,96.599,111.03333333333335
10274,2024-09-30,Office Supplies,Consumer,East,3.0,550.75,0.2,-32.04,-0.05817521561507036,110.15,183.58333333333334
10275,2024-10-01,Furniture,Corporate,East,1.0,536.64,0.01,-10.0,-0.018634466308884913,5.3664,536.64
10276,2024-10-02,Furniture,Home Office,West,7.0,1468.86,0.29,274.49,0.18687281292975508,425.96939999999995,209.83714285714285
10277,2024-10-03,Technology,Home Office,West,5.0,1291.98,0.01,86.78,0.06716822241830368,12.9198,258.396
10278,2024-10-04,Technology,Home Office,South,4.0,1066.7,0.39,-56.31,-0.05278897534452048,416.01300000000003,266.675
10279,2024-10-05,Furniture,Home Office,West,4.0,1104.23,0.15,315.01,0.28527571248743466,165.6345,276.0575
10280,2024-10-06,Furniture,Corporate,West,4.0,865.01,0.02,148.61,0.1718014820637912,17.3002,216.2525
10281,2024-10-07,Technology,Corporate,South,6.0,1423.28,0.29,328.96999999999997,0.23113512450115226,412.7512,237.21333333333334
10282,2024-10-08,Technology,Consumer,West,8.0,769.58,0.2,32.47,0.0421918449024143,153.91600000000003,96.1975
10283,2024-10-09,Technology,Consumer,Central,8.0,601.75,0.49,38.39,0.06379725799750727,294.8575,75.21875
10284,2024-10-10,Office Supplies,Consumer,East,5.0,286.4,0.27,72.77,0.2540851955307263,77.328,57.279999999999994
10285,2024-10-11,Furniture,Consumer,East,6.0,1190.0,0.14,102.66,0.0862689075630252,166.60000000000002,198.33333333333334
10286,2024-10-12,Technology,Corporate,East,4.0,1114.94,0.35,187.62,0.16827811362046388,390.229,278.735
10287,2024-10-13,Furniture,Home Office,East,9.0,607.31,0.14,-22.18,-0.036521710493817,85.0234,67.47888888888889
10288,2024-10-14,Office Supplies,Corporate,South,8.0,86.53,0.45,4.42,0.05108055009823183,38.938500000000005,10.81625
10289,2024-10-15,Office Supplies,Consumer,East,1.0,1266.55,0.19,-119.62,-0.09444554103667444,240.6445,1266.55
10290,2024-10-16,Technology,Corporate,East,2.0,66.56,0.27,-3.81,-0.057241586538461536,17.971200000000003,33.28
10291,2024-10-17,Office Supplies,Home Office,East,9.0,1070.36,0.03,30.005000000000003,0.028032624537538776,32.1108,118.92888888888888
10292,2024-10-18,Furniture,Home Office,East,8.0,1456.87,0.21,-192.79,-0.13233164249383952,305.94269999999995,182.10875
10293,2024-10-19,Technology,Corporate,Central,3.0,684.61,0.42,198.38,0.28977081842216734,287.5362,228.20333333333335
10294,2024-10-20,Furniture,Corporate,East,8.0,390.71,0.4,-16.0,-0.04095108904302424,156.284,48.83875
10295,2024-10-21,Furniture,Corporate,Central,1.0,1072.06,0.11,159.19,0.14848982333078373,117.9266,1072.06
10296,2024-10-22,Office Supplies,Consumer,South,4.0,1234.84,0.11,281.04,0.22759223867059702,135.83239999999998,308.71
10297,2024-10-23,Office Supplies,Corporate,West,3.0,842.32,0.41,82.38,0.09780131066578021,345.3512,280.77333333333337
10298,2024-10-24,Office Supplies,Corporate,East,6.0,1452.2,0.47,-117.75,-0.08108387274480099,682.534,242.03333333333333
10299,2024-10-25,Office Supplies,Corporate,West,7.0,124.92,0.05,22.19,0.1776336855587576,6.246,17.845714285714287
10300,2024-10-26,Office Supplies,Home Office,West,4.0,781.95,0.23,93.92,0.12010998145661486,179.84850000000003,195.4875
10301,2024-10-27,Technology,Home Office,South,7.0,1091.76,0.17,195.49,0.17905950025646664,185.59920000000002,155.96571428571428
10302,2024-10-28,Furniture,Consumer,West,9.0,1300.83,0.44,255.46,0.19638230975607882,572.3652,144.53666666666666
10303,2024-10-29,Furniture,Consumer,Central,2.0,309.92,0.04,89.55,0.2889455343314403,12.3968,154.96
10304,2024-10-30,Furniture,Home Office,West,3.0,1210.01,0.11,130.81,0.10810654457401178,133.1011,403.33666666666664
10305,2024-10-31,Furniture,Home Office,West,5.0,851.43,0.38,3.18,0.0037348930622599632,323.54339999999996,170.286
10306,2024-11-01,Office Supplies,Home Office,West,3.0,625.0,0.03,88.63,0.141808,18.75,208.33333333333334
10307,2024-11-02,Furniture,Corporate,East,8.0,240.99,0.25,-28.73,-0.1192165650026972,60.2475,30.12375
10308,2024-11-03,Technology,Corporate,East,8.0,1304.68,0.22,328.96999999999997,0.252146120121409,287.0296,163.085
10309,2024-11-04,Technology,Home Office,Central,8.0,278.05,0.17,30.005000000000003,0.10791224599892106,47.2685,34.75625
10310,2024-11-05,Furniture,Corporate,Central,9.0,499.19,0.2,-1.23,-0.0024639916664997295,99.83800000000001,55.465555555555554
10311,2024-11-06,Furniture,Corporate,East,4.0,470.57,0.26,102.15,0.21707716174001745,122.3482,117.6425
10312,2024-11-07,Technology,Consumer,Central,5.0,1313.55,0.08,156.04,0.11879258497963534,105.084,262.71
10313,2024-11-08,Technology,Home Office,East,5.0,1025.42,0.29,27.83,0.027140098691267964,297.3718,205.084
10314,2024-11-09,Office Supplies,Home Office,South,8.0,1205.19,0.4,75.98,0.06304400136078128,482.076,150.64875
10315,2024-11-10,Technology,Corporate,West,7.0,413.18,0.38,96.91,0.23454668667408876,157.0084,59.02571428571429
10316,2024-11-11,Office Supplies,Home Office,West,9.0,956.07,0.08,2.87,0.003001872247847961,76.4856,106.23
10317,2024-11-12,Office Supplies,Consumer,Central,8.0,879.03,0.07,212.15,0.24134557409872248,61.53210000000001,109.87875
10318,2024-11-13,Office Supplies,Consumer,East,2.0,1257.6,0.13,-138.76,-0.11033715012722646,163.488,628.8
10319,2024-11-14,Office Supplies,Consumer,East,4.0,1363.83,0.18,272.16,0.1995556630958404,245.4894,340.9575
10320,2024-11-15,Office Supplies,Home Office,Central,6.0,67.63,0.2,15.65,0.23140618068904334,13.526,11.271666666666667
10321,2024-11-16,Furniture,Home Office,East,2.0,775.7,0.34,-70.05,-0.09030553048859094,263.73800000000006,387.85
10322,2024-11-17,Technology,Home Office,South,7.0,125.16,0.03,5.46,0.0436241610738255,3.7548,17.88
10323,2024-11-18,Office Supplies,Home Office,West,3.0,845.85,0.02,-63.88,-0.07552166459774191,16.917,281.95
10324,2024-11-19,Technology,Home Office,Central,3.0,467.07,0.2,78.45,0.167961975720984,93.414,155.69
10325,2024-11-20,Technology,Consumer,Central,2.0,494.83,0.35,44.98,0.09089990501788493,173.1905,247.415
10326,2024-11-21,Office Supplies,Corporate,East,8.0,561.79,0.1,76.34,0.13588707524163834,56.179,70.22375
10327,2024-11-22,Furniture,Consumer,Central,6.0,950.87,0.32,-58.56,-0.06158570572212816,304.27840000000003,158.47833333333332
10328,2024-11-23,Office Supplies,Home Office,South,1.0,534.37,0.13,-29.24,-0.05471864064225162,69.4681,534.37
10329,2024-11-24,Furniture,Consumer,East,1.0,1112.41,0.44,-146.09,-0.1313274781780099,489.46040000000005,1112.41
10330,2024-11-25,Technology,Home Office,East,7.0,636.56,0.45,-3.23,-0.005074148548447908,286.452,90.93714285714285
10331,2024-11-26,Furniture,Home Office,East,8.0,149.11,0.15,15.19,0.10187110187110186,22.366500000000002,18.63875
10332,2024-11-27,Furniture,Consumer,East,5.0,1186.45,0.11,280.09,0.2360740022756964,130.5095,237.29000000000002
10333,2024-11-28,Furniture,Home Office,South,5.0,464.35,0.21,69.71,0.15012382900829113,97.51350000000001,92.87
10334,2024-11-29,Technology,Corporate,East,4.0,677.51,0.12,31.12,0.04593290135938953,81.3012,169.3775
10335,2024-11-30,Technology,Home Office,Central,6.0,1043.89,0.34,291.15,0.27890869727653295,354.92260000000005,173.98166666666668
10336,2024-12-01,Furniture,Corporate,South,6.0,532.06,0.41,92.4,0.1736646242904936,218.14459999999997,88.67666666666666
10337,2024-12-02,Furniture,Corporate,West,3.0,132.05,0.34,35.47,0.2686103748580083,44.897000000000006,44.01666666666667
10338,2024-12-03,Office Supplies,Home Office,West,9.0,592.19,0.41,51.77,0.08742126682314798,242.7979,65.7988888888889
10339,2024-12-04,Furniture,Consumer,Central,7.0,1419.45,0.2,-47.54,-0.03349184543309028,283.89000000000004,202.77857142857144
10340,2024-12-05,Office Supplies,Corporate,Central,1.0,980.51,0.08,-123.77,-0.12623022712669937,78.4408,980.51
10341,2024-12-06,Furniture,Consumer,South,7.0,1023.64,0.37,180.92,0.17674182329725294,378.7468,146.2342857142857
10342,2024-12-07,Office Supplies,Corporate,West,5.0,966.81,0.18,-92.25,-0.09541688646166259,174.02579999999998,193.362
10343,2024-12-08,Technology,Home Office,West,5.0,338.54,0.34,-4.66,-0.013764990843031842,115.10360000000001,67.708
10344,2024-12-09,Furniture,Home Office,West,2.0,656.58,0.14,58.84,0.0896158883913613,91.92120000000001,328.29
10345,2024-12-10,Furniture,Corporate,West,4.0,1138.86,0.04,118.43,0.10398995486714786,45.554399999999994,284.715
10346,2024-12-11,Furniture,Home Office,West,6.0,196.99,0.5,23.69,0.12025991167064318,98.495,32.83166666666667
10347,2024-12-12,Furniture,Corporate,East,7.0,452.89,0.08,-34.05,-0.0751838194705116,36.2312,64.69857142857143
10348,2024-12-13,Office Supplies,Home Office,Central,5.0,450.66,0.49,9.41,0.020880486397727775,220.82340000000002,90.132
10349,2024-12-14,Furniture,Consumer,East,9.0,676.43,0.49,86.41,0.12774418639031385,331.4507,75.15888888888888
10350,2024-12-15,Technology,Home Office,West,3.0,775.7,0.4,328.96999999999997,0.4240943663787546,310.28000000000003,258.56666666666666
10351,2024-12-16,Technology,Consumer,South,1.0,147.88,0.33,26.24,0.17744116851501215,48.8004,147.88
10352,2024-12-17,Furniture,Home Office,South,4.0,802.12,0.29,212.7,0.26517229342243054,232.61479999999997,200.53
10353,2024-12-18,Technology,Consumer,West,9.0,310.08,0.43,59.84,0.1929824561403509,133.3344,34.45333333333333
10354,2024-12-19,Furniture,Home Office,West,4.0,1457.48,0.14,169.47,0.11627603809314707,204.04720000000003,364.37
10355,2024-12-20,Furniture,Consumer,South,2.0,214.29,0.23,-13.63,-0.0636053945587755,49.2867,107.145
10356,2024-12-21,Technology,Corporate,East,5.0,635.22,0.31,95.29,0.15001101980416234,196.9182,127.04400000000001
10357,2024-12-22,Furniture,Corporate,East,3.0,1119.93,0.21,146.17,0.13051708588929664,235.1853,373.31
10358,2024-12-23,Technology,Consumer,West,9.0,1071.6,0.21,129.78,0.12110862262038075,225.03599999999997,119.06666666666666
10359,2024-12-24,Office Supplies,Home Office,East,4.0,662.96,0.17,46.67,0.07039640400627489,112.70320000000001,165.74
10360,2024-12-25,Furniture,Consumer,South,6.0,552.46,0.28,48.56,0.08789776635412519,154.68880000000001,92.07666666666667
10361,2024-12-26,Office Supplies,Home Office,East,5.0,626.54,0.43,0.31,0.000494780859961056,269.4122,125.30799999999999
10362,2024-12-27,Technology,Corporate,West,6.0,433.2,0.1,36.25,0.08367959372114497,43.32,72.2
10363,2024-12-28,Office Supplies,Home Office,South,3.0,347.73,0.47,-21.25,-0.061110631812038074,163.4331,115.91000000000001
10364,2024-12-29,Office Supplies,Corporate,East,9.0,750.41,0.34,159.33,0.21232392958516014,255.1394,83.37888888888888
10365,2024-12-30,Technology,Home Office,Central,2.0,439.37,0.41,-29.17,-0.06639051369005622,180.1417,219.685
10366,2024-12-31,Office Supplies,Home Office,South,9.0,466.82,0.28,-52.17,-0.11175613726918299,130.70960000000002,51.86888888888889
10367,2025-01-01,Office Supplies,Home Office,South,5.0,1002.3,0.39,46.42,0.0463134789983039,390.897,200.45999999999998
10368,2025-01-02,Technology,Consumer,Central,8.0,1454.38,0.01,212.69,0.14624100991487782,14.543800000000001,181.7975
10369,2025-01-03,Office Supplies,Consumer,Central,2.0,925.27,0.41,43.46,0.04697007360013834,379.36069999999995,462.635
10370,2025-01-04,Technology,Corporate,South,6.0,161.62,0.02,-4.11,-0.025430021037000372,3.2324,26.936666666666667
10371,2025-01-05,Office Supplies,Corporate,Central,3.0,159.6,0.44,16.15,0.10119047619047619,70.224,53.199999999999996
10372,2025-01-06,Technology,Consumer,West,5.0,1429.56,0.5,8.79,0.006148745068412658,714.78,285.912
10373,2025-01-07,Technology,Corporate,West,8.0,481.07,0.15,129.79,0.26979441661296694,72.1605,60.13375
10374,2025-01-08,Office Supplies,Consumer,West,1.0,183.5,0.11,48.66,0.2651771117166212,20.185,183.5
10375,2025-01-09,Office Supplies,Home Office,South,5.0,918.61,0.38,69.88,0.07607145578645998,349.0718,183.722
10376,2025-01-10,Office Supplies,Corporate,Central,3.0,954.29,0.13,-2.34,-0.0024520847960263653,124.0577,318.09666666666664
10377,2025-01-11,Furniture,Corporate,Central,4.0,990.33,0.43,179.95,0.18170710773176615,425.8419,247.5825
10378,2025-01-12,Furniture,Consumer,East,2.0,437.73,0.05,-58.43,-0.13348411121010667,21.8865,218.865
10379,2025-01-13,Furniture,Corporate,East,9.0,71.91,0.06,4.58,0.06369072451675706,4.3145999999999995,7.989999999999999
10380,2025-01-14,Technology,Corporate,Central,3.0,1449.27,0.49,1.95,0.0013455049783684199,710.1423,483.09
10381,2025-01-15,Office Supplies,Home Office,Central,2.0,413.79,0.34,109.34,0.26424031513569685,140.6886,206.895
10382,2025-01-16,Technology,Corporate,Central,9.0,1030.24,0.42,-148.97,-0.1445973753688461,432.7008,114.47111111111111
10383,2025-01-17,Furniture,Home Office,South,7.0,1074.61,0.16,106.14,0.09877071681819452,171.93759999999997,153.51571428571427
10384,2025-01-18,Office Supplies,Consumer,Central,6.0,934.51,0.34,171.29,0.18329391873816223,317.7334,155.75166666666667
10385,2025-01-19,Technology,Corporate,East,1.0,503.72,0.3,34.38,0.06825220360517747,151.116,503.72
10386,2025-01-20,Office Supplies,Home Office,South,5.0,443.09,0.3,-49.43,-0.11155747139407345,132.927,88.618
10387,2025-01-21,Technology,Consumer,Central,3.0,916.62,0.34,263.63,0.2876110056511968,311.6508,305.54
10388,2025-01-22,Office Supplies,Corporate,East,1.0,1305.84,0.29,108.52,0.08310359615266802,378.69359999999995,1305.84
10389,2025-01-23,Furniture,Consumer,South,4.0,1422.76,0.21,179.81,0.12638111838960894,298.77959999999996,355.69
10390,2025-01-24,Furniture,Corporate,Central,2.0,203.56,0.14,-8.86,-0.04352525054038121,28.498400000000004,101.78
10391,2025-01-25,Office Supplies,Consumer,Central,2.0,274.5,0.38,18.55,0.06757741347905283,104.31,137.25
10392,2025-01-26,Technology,Consumer,Central,3.0,1419.87,0.11,61.22,0.043116623352842165,156.1857,473.28999999999996
10393,2025-01-27,Furniture,Home Office,South,8.0,1117.98,0.35,-130.02,-0.1162990393388075,391.293,139.7475
10394,2025-01-28,Furniture,Consumer,East,8.0,1330.34,0.12,-136.0,-0.10222950523926215,159.64079999999998,166.2925
10395,2025-01-29,Furniture,Corporate,East,7.0,343.82,0.31,78.0,0.22686289337444013,106.5842,49.11714285714286
10396,2025-01-30,Office Supplies,Corporate,West,6.0,902.0,0.37,-37.96,-0.042084257206208425,333.74,150.33333333333334
10397,2025-01-31,Office Supplies,Home Office,Central,9.0,1066.65,0.11,-66.42,-0.06226972296442131,117.3315,118.51666666666668
10398,2025-02-01,Technology,Corporate,West,5.0,1036.16,0.03,80.0,0.0772081531809759,31.0848,207.23200000000003
10399,2025-02-02,Technology,Corporate,West,1.0,641.82,0.07,125.76,0.19594278769748527,44.927400000000006,641.82
10400,2025-02-03,Technology,Corporate,East,8.0,72.32,0.3,-8.83,-0.1220962389380531,21.695999999999998,9.04
10401,2025-02-04,Office Supplies,Consumer,South,7.0,895.24,0.42,98.09,0.10956838389705555,376.00079999999997,127.89142857142858
10402,2025-02-05,Office Supplies,Consumer,South,7.0,417.0,0.02,-40.18,-0.09635491606714629,8.34,59.57142857142857
10403,2025-02-06,Technology,Corporate,East,3.0,702.87,0.37,-93.9,-0.13359511716249095,260.0619,234.29
10404,2025-02-07,Technology,Home Office,South,4.0,1438.49,0.17,-181.63,-0.12626434664126965,244.54330000000002,359.6225
10405,2025-02-08,Office Supplies,Consumer,West,9.0,628.6,0.24,141.67,0.22537384664333437,150.864,69.84444444444445
10406,2025-02-09,Technology,Home Office,Central,6.0,1267.71,0.46,-122.86,-0.096914909561335,583.1466,211.285
10407,2025-02-10,Furniture,Corporate,East,5.0,323.38,0.17,-41.94,-0.12969262168346837,54.9746,64.676
10408,2025-02-11,Office Supplies,Corporate,Central,3.0,1025.07,0.23,48.23,0.047050445335440505,235.7661,341.69
10409,2025-02-12,Technology,Consumer,South,9.0,1466.66,0.01,328.96999999999997,0.2242987468124855,14.6666,162.96222222222224
10410,2025-02-13,Office Supplies,Corporate,Central,5.0,197.74,0.04,-6.31,-0.03191058966319409,7.9096,39.548
10411,2025-02-14,Furniture,Consumer,South,5.0,62.06,0.13,2.47,0.039800193361263295,8.0678,12.412
10412,2025-02-15,Office Supplies,Corporate,South,4.0,678.7,0.01,-89.61,-0.13203182554884338,6.787000000000001,169.675
10413,2025-02-16,Office Supplies,Corporate,West,4.0,184.31,0.32,9.6,0.052086159188324016,58.9792,46.0775
10414,2025-02-17,Office Supplies,Consumer,South,1.0,1135.16,0.21,124.78,0.1099228302618133,238.3836,1135.16
10415,2025-02-18,Office Supplies,Consumer,West,7.0,1376.1,0.27,147.12,0.10691083496838893,371.547,196.58571428571426
10416,2025-02-19,Furniture,Consumer,West,9.0,679.33,0.09,-0.28,-0.00041217081536219514,61.139700000000005,75.48111111111112
10417,2025-02-20,Office Supplies,Corporate,West,3.0,425.13,0.15,-3.41,-0.0080210759061934,63.769499999999994,141.71
10418,2025-02-21,Office Supplies,Corporate,East,2.0,679.88,0.33,-69.36,-0.10201800317703125,224.3604,339.94
10419,2025-02-22,Technology,Home Office,East,3.0,1099.0,0.48,16.55,0.015059144676979072,527.52,366.3333333333333
10420,2025-02-23,Office Supplies,Consumer,South,1.0,63.13,0.03,-6.64,-0.10517978773958497,1.8939,63.13
10421,2025-02-24,Technology,Corporate,West,6.0,904.71,0.45,176.39,0.19496855345911948,407.1195,150.785
10422,2025-02-25,Furniture,Corporate,East,7.0,939.27,0.29,267.53,0.28482757886443727,272.38829999999996,134.18142857142857
10423,2025-02-26,Furniture,Consumer,West,2.0,974.65,0.28,279.27,0.28653362745600985,272.90200000000004,487.325
10424,2025-02-27,Furniture,Home Office,Central,8.0,400.93,0.25,95.94,0.23929364228169506,100.2325,50.11625
10425,2025-02-28,Furniture,Consumer,Central,6.0,1085.38,0.03,130.63,0.12035416167609499,32.5614,180.89666666666668
10426,2025-03-01,Technology,Home Office,Central,4.0,182.52,0.04,30.19,0.16540653079114617,7.300800000000001,45.63
10427,2025-03-02,Office Supplies,Corporate,South,5.0,338.94,0.3,-7.34,-0.021655750280285595,101.682,67.788
10428,2025-03-03,Furniture,Home Office,West,8.0,1322.33,0.17,176.99,0.13384707296968232,224.7961,165.29125
10429,2025-03-04,Office Supplies,Corporate,Central,3.0,1121.15,0.46,61.71,0.05504169825625473,515.729,373.7166666666667
10430,2025-03-05,Technology,Consumer,East,3.0,69.93,0.2,4.68,0.06692406692406691,13.986000000000002,23.310000000000002
10431,2025-03-06,Technology,Consumer,Central,4.0,410.15,0.07,78.34,0.19100329147872733,28.7105,102.5375
10432,2025-03-07,Technology,Consumer,Central,1.0,360.89,0.36,-8.35,-0.023137244035578708,129.9204,360.89
10433,2025-03-08,Furniture,Home Office,Central,9.0,442.67,0.15,-3.05,-0.006890008358370794,66.4005,49.18555555555556
10434,2025-03-09,Office Supplies,Corporate,South,8.0,408.96,0.26,108.82,0.266089593114241,106.3296,51.12
10435,2025-03-10,Office Supplies,Consumer,East,8.0,140.66,0.35,-17.54,-0.12469785297881415,49.230999999999995,17.5825
10436,2025-03-11,Office Supplies,Consumer,West,6.0,715.46,0.45,49.03,0.06852933776870825,321.95700000000005,119.24333333333334
10437,2025-03-12,Technology,Corporate,East,7.0,1112.46,0.4,290.09,0.26076443197957677,444.98400000000004,158.92285714285714
10438,2025-03-13,Furniture,Consumer,West,6.0,929.76,0.34,115.91,0.12466658062295646,316.1184,154.96
10439,2025-03-14,Technology,Corporate,South,9.0,1025.66,0.34,98.34,0.09587972622506483,348.72440000000006,113.96222222222224
10440,2025-03-15,Technology,Corporate,South,3.0,167.67,0.47,30.005000000000003,0.17895270471760008,78.80489999999999,55.88999999999999
10441,2025-03-16,Office Supplies,Corporate,South,3.0,1429.66,0.15,6.4,0.00447658883930445,214.449,476.55333333333334
10442,2025-03-17,Technology,Corporate,South,3.0,1265.81,0.0,295.47,0.23342365757894157,0.0,421.93666666666667
10443,2025-03-18,Office Supplies,Corporate,West,3.0,1217.38,0.14,123.74,0.10164451527049893,170.43320000000003,405.79333333333335
10444,2025-03-19,Furniture,Home Office,Central,9.0,1243.33,0.11,101.5,0.08163560760216516,136.7663,138.14777777777778
10445,2025-03-20,Office Supplies,Consumer,West,4.0,1402.43,0.33,-147.52,-0.10518885078043111,462.80190000000005,350.6075
10446,2025-03-21,Furniture,Home Office,East,7.0,839.17,0.32,-119.82,-0.14278394127530775,268.5344,119.88142857142857
10447,2025-03-22,Office Supplies,Consumer,South,9.0,340.41,0.3,96.56,0.2836579418935989,102.123,37.82333333333334
10448,2025-03-23,Technology,Home Office,South,7.0,944.34,0.01,18.55,0.019643348793866616,9.4434,134.90571428571428
10449,2025-03-24,Technology,Corporate,East,9.0,1127.18,0.36,136.89,0.12144466722262635,405.7848,125.24222222222222
10450,2025-03-25,Furniture,Consumer,West,3.0,1119.98,0.16,-127.82,-0.11412703798282112,179.1968,373.32666666666665
10451,2025-03-26,Furniture,Consumer,Central,4.0,806.1,0.33,126.88,0.15739982632427738,266.01300000000003,201.525
10452,2025-03-27,Furniture,Home Office,Central,8.0,149.27,0.28,40.25,0.26964560862865944,41.79560000000001,18.65875
10453,2025-03-28,Office Supplies,Home Office,East,6.0,588.11,0.17,64.13,0.1090442264202275,99.9787,98.01833333333333
10454,2025-03-29,Office Supplies,Consumer,Central,5.0,1385.11,0.07,-129.16,-0.09324891163878682,96.9577,277.022
10455,2025-03-30,Furniture,Home Office,West,4.0,897.45,0.05,100.31,0.11177224357902947,44.8725,224.3625
10456,2025-03-31,Technology,Home Office,West,8.0,830.58,0.42,161.84,0.19485179031520142,348.8436,103.8225
10457,2025-04-01,Office Supplies,Home Office,East,1.0,439.84,0.46,14.47,0.03289832666424154,202.3264,439.84
10458,2025-04-02,Office Supplies,Corporate,West,9.0,584.25,0.32,143.68,0.24592212237911854,186.96,64.91666666666667
10459,2025-04-03,Office Supplies,Corporate,South,1.0,1348.25,0.05,191.33,0.14190988318190248,67.41250000000001,1348.25
10460,2025-04-04,Furniture,Home Office,East,8.0,1016.37,0.2,258.83,0.2546611962179128,203.274,127.04625
10461,2025-04-05,Furniture,Home Office,West,4.0,1191.71,0.36,155.61,0.13057706992473,429.0156,297.9275
10462,2025-04-06,Furniture,Corporate,East,9.0,708.8,0.39,-64.44,-0.09091422121896163,276.432,78.75555555555555
10463,2025-04-07,Furniture,Corporate,Central,5.0,963.86,0.06,-10.25,-0.010634324486958687,57.8316,192.772
10464,2025-04-08,Furniture,Consumer,West,3.0,410.16,0.0,-24.28,-0.0591964111566218,0.0,136.72
10465,2025-04-09,Technology,Consumer,South,9.0,1072.92,0.36,277.86,0.25897550609551506,386.25120000000004,119.21333333333334
10466,2025-04-10,Technology,Corporate,West,9.0,670.02,0.18,128.76,0.1921733679591654,120.60359999999999,74.44666666666666
10467,2025-04-11,Furniture,Home Office,East,4.0,691.69,0.13,106.78,0.154375515042866,89.9197,172.9225
10468,2025-04-12,Office Supplies,Home Office,East,4.0,991.52,0.01,-14.44,-0.014563498467000162,9.9152,247.88
10469,2025-04-13,Furniture,Home Office,West,8.0,775.7,0.27,-94.56,-0.12190279747324996,209.43900000000002,96.9625
10470,2025-04-14,Technology,Home Office,South,2.0,142.81,0.43,27.19,0.19039282963377915,61.4083,71.405
10471,2025-04-15,Technology,Consumer,South,9.0,1245.88,0.48,78.95,0.06336886377500241,598.0224000000001,138.43111111111114
10472,2025-04-16,Office Supplies,Corporate,South,6.0,473.96,0.28,-22.94,-0.04840070892058402,132.7088,78.99333333333333
10473,2025-04-17,Technology,Home Office,East,9.0,693.68,0.26,88.43,0.12747952946603625,180.3568,77.07555555555555
10474,2025-04-18,Furniture,Consumer,West,8.0,81.77,0.04,-10.78,-0.13183319065672006,3.2708,10.22125
10475,2025-04-19,Office Supplies,Home Office,Central,7.0,486.52,0.27,-1.57,-0.0032269999177834416,131.3604,69.50285714285714
10476,2025-04-20,Furniture,Corporate,East,1.0,778.82,0.19,47.39,0.060848463059500264,147.97580000000002,778.82
10477,2025-04-21,Furniture,Consumer,South,3.0,131.46,0.3,-10.97,-0.08344743648258025,39.438,43.82
10478,2025-04-22,Office Supplies,Corporate,West,2.0,762.09,0.19,223.36,0.2930887427994069,144.7971,381.045
10479,2025-04-23,Furniture,Corporate,South,5.0,1394.31,0.12,-77.95,-0.055905788526224444,167.31719999999999,278.86199999999997
10480,2025-04-24,Technology,Consumer,Central,5.0,202.82,0.05,-18.53,-0.09136179863918746,10.141,40.564
10481,2025-04-25,Furniture,Consumer,South,5.0,1158.44,0.16,-67.66,-0.058406132384931454,185.3504,231.68800000000002
10482,2025-04-26,Office Supplies,Consumer,South,4.0,644.02,0.05,126.28,0.19608086705381822,32.201,161.005
10483,2025-04-27,Office Supplies,Consumer,Central,5.0,1000.0,0.09,41.48,0.041479999999999996,90.0,200.0
10484,2025-04-28,Office Supplies,Consumer,West,3.0,427.34,0.49,44.63,0.10443674825665747,209.39659999999998,142.44666666666666
10485,2025-04-29,Furniture,Consumer,East,1.0,281.26,0.22,-39.53,-0.14054611391594968,61.877199999999995,281.26
10486,2025-04-30,Office Supplies,Consumer,West,5.0,282.67,0.27,-38.02,-0.1345031308593059,76.32090000000001,56.534000000000006
10487,2025-05-01,Office Supplies,Home Office,Central,9.0,152.21,0.44,7.71,0.05065370212206819,66.97240000000001,16.912222222222223
10488,2025-05-02,Furniture,Corporate,South,9.0,319.19,0.5,69.42,0.2174880165418716,159.595,35.465555555555554
10489,2025-05-03,Technology,Consumer,West,4.0,1013.12,0.29,251.62,0.24836149715729627,293.8048,253.28
10490,2025-05-04,Furniture,Home Office,East,3.0,1328.45,0.41,-147.43,-0.11097896044262111,544.6645,442.81666666666666
10491,2025-05-05,Office Supplies,Home Office,Central,1.0,1230.48,0.16,113.53,0.09226480722969897,196.8768,1230.48
10492,2025-05-06,Office Supplies,Home Office,West,2.0,1043.44,0.15,272.29,0.26095415165222724,156.516,521.72
10493,2025-05-07,Furniture,Corporate,East,8.0,210.13,0.2,5.17,0.02460381668490934,42.026,26.26625
10494,2025-05-08,Technology,Consumer,Central,1.0,469.32,0.34,104.8,0.22330179834654393,159.5688,469.32
10495,2025-05-09,Office Supplies,Home Office,East,8.0,499.22,0.34,-44.85,-0.08984015063499058,169.73480000000004,62.4025
10496,2025-05-10,Office Supplies,Corporate,Central,7.0,412.44,0.16,111.74,0.27092425564930656,65.9904,58.92
10497,2025-05-11,Office Supplies,Corporate,South,5.0,796.76,0.07,149.9,0.18813695466639893,55.7732,159.352
10498,2025-05-12,Furniture,Corporate,West,6.0,826.55,0.32,226.14,0.27359506381949067,264.496,137.75833333333333
10499,2025-05-13,Office Supplies,Home Office,East,9.0,567.48,0.06,87.66,0.1544724043138084,34.0488,63.053333333333335
10500,2025-05-14,Technology,Consumer,Central,3.0,562.99,0.29,7.62,0.013534876285546813,163.2671,187.66333333333333
10501,2025-05-15,Office Supplies,Home Office,East,4.0,1251.41,0.35,328.96999999999997,0.262879471955634,437.9935,312.8525
10502,2025-05-16,Office Supplies,Home Office,East,6.0,1194.47,0.35,-31.05,-0.025994792669552187,418.0645,199.07833333333335
10503,2025-05-17,Technology,Consumer,West,8.0,496.3,0.38,-0.26,-0.0005238766874874068,188.594,62.0375
10504,2025-05-18,Office Supplies,Consumer,South,5.0,1374.99,0.44,227.37,0.1653612026269282,604.9956,274.998
10505,2025-05-19,Furniture,Consumer,East,3.0,1431.58,0.25,278.29,0.19439360706352424,357.895,477.1933333333333
10506,2025-05-20,Furniture,Corporate,Central,6.0,523.78,0.37,140.49,0.26822329985871934,193.7986,87.29666666666667
10507,2025-05-21,Furniture,Consumer,Central,4.0,563.92,0.31,-32.62,-0.05784508440913605,174.81519999999998,140.98
10508,2025-05-22,Technology,Home Office,South,9.0,783.17,0.09,163.76,0.20909891849789955,70.4853,87.01888888888888
10509,2025-05-23,Office Supplies,Consumer,Central,3.0,1414.63,0.01,257.95,0.18234449997525853,14.146300000000002,471.54333333333335
10510,2025-05-24,Furniture,Home Office,South,4.0,1320.66,0.14,-160.19,-0.1212954128996108,184.89240000000004,330.165
10511,2025-05-25,Technology,Corporate,Central,7.0,198.72,0.22,4.82,0.02425523349436393,43.7184,28.388571428571428
10512,2025-05-26,Office Supplies,Home Office,West,7.0,619.46,0.31,-14.1,-0.02276176024279211,192.0326,88.49428571428572
10513,2025-05-27,Technology,Home Office,East,4.0,852.39,0.42,-11.06,-0.012975281267964196,358.00379999999996,213.0975
10514,2025-05-28,Furniture,Consumer,West,6.0,779.54,0.1,227.88,0.2923262436821715,77.95400000000001,129.92333333333332
10515,2025-05-29,Furniture,Consumer,East,3.0,331.1,0.06,46.11,0.13926306251887646,19.866,110.36666666666667
10516,2025-05-30,Furniture,Home Office,East,6.0,1295.28,0.48,224.02,0.17295102217281208,621.7343999999999,215.88
10517,2025-05-31,Technology,Consumer,East,2.0,1031.56,0.05,298.61,0.28947419442397926,51.578,515.78
10518,2025-06-01,Technology,Corporate,West,8.0,1264.97,0.24,24.97,0.019739598567554962,303.5928,158.12125
10519,2025-06-02,Furniture,Corporate,East,2.0,1295.21,0.29,273.07,0.2108306761065773,375.61089999999996,647.605
10520,2025-06-03,Technology,Consumer,West,7.0,1135.12,0.27,51.69,0.045537035731905,306.4824,162.16
10521,2025-06-04,Furniture,Corporate,South,9.0,686.86,0.04,165.73,0.2412864339166642,27.474400000000003,76.31777777777778
10522,2025-06-05,Furniture,Consumer,Central,1.0,935.29,0.03,-64.26,-0.06870596285644026,28.058699999999998,935.29
10523,2025-06-06,Office Supplies,Home Office,Central,8.0,282.53,0.05,78.11,0.2764662159770644,14.1265,35.31625
10524,2025-06-07,Technology,Home Office,East,7.0,1026.79,0.29,-52.93,-0.051549002230251564,297.7691,146.68428571428572
10525,2025-06-08,Furniture,Corporate,West,6.0,309.92,0.27,-0.99,-0.003194372741352607,83.67840000000001,51.653333333333336
10526,2025-06-09,Furniture,Consumer,Central,6.0,1056.23,0.12,200.99,0.19028999365668464,126.74759999999999,176.03833333333333
10527,2025-06-10,Technology,Consumer,West,6.0,382.92,0.32,10.41,0.027185835161391413,122.5344,63.82
10528,2025-06-11,Office Supplies,Corporate,West,9.0,220.45,0.41,27.27,0.12370151961896123,90.38449999999999,24.494444444444444
10529,2025-06-12,Office Supplies,Home Office,East,2.0,289.66,0.02,14.5,0.050058689498032174,5.793200000000001,144.83
10530,2025-06-13,Furniture,Corporate,Central,5.0,52.89,0.25,9.74,0.18415579504632257,13.2225,10.578
10531,2025-06-14,Technology,Home Office,East,6.0,1092.17,0.34,-51.61,-0.047254548284607706,371.3378000000001,182.02833333333334
10532,2025-06-15,Office Supplies,Consumer,East,13.0,2229.615,0.13,-137.55,-0.06169226525655776,289.84995,171.50884615384615
10533,2025-06-16,Technology,Home Office,Central,3.0,796.65,0.15,-11.98,-0.015037971505680037,119.49749999999999,265.55
10534,2025-06-17,Technology,Corporate,Central,13.0,2229.615,0.31,18.02,0.008082112831139009,691.1806499999999,171.50884615384615
10535,2025-06-18,Furniture,Consumer,South,9.0,171.15,0.45,-12.73,-0.07437919953257377,77.0175,19.016666666666666
10536,2025-06-19,Office Supplies,Corporate,South,1.0,77.74,0.4,0.75,0.009647543092359146,31.096,77.74
10537,2025-06-20,Furniture,Corporate,West,3.0,290.33,0.29,8.71,0.030000344435642205,84.19569999999999,96.77666666666666
10538,2025-06-21,Office Supplies,Home Office,Central,8.0,1341.74,0.37,-166.61,-0.12417457927765439,496.4438,167.7175
10539,2025-06-22,Office Supplies,Corporate,South,3.0,400.23,0.18,45.02,0.11248532094045924,72.0414,133.41
10540,2025-06-23,Office Supplies,Home Office,West,4.0,563.69,0.32,30.005000000000003,0.05322961202079157,180.38080000000002,140.9225
10541,2025-06-24,Office Supplies,Consumer,West,8.0,202.75,0.23,-16.57,-0.08172626387176325,46.6325,25.34375
10542,2025-06-25,Office Supplies,Home Office,West,1.0,372.42,0.09,44.32,0.11900542398367434,33.5178,372.42
10543,2025-06-26,Technology,Consumer,South,6.0,802.88,0.35,119.74,0.14913810282981266,281.008,133.81333333333333
10544,2025-06-27,Furniture,Home Office,Central,1.0,931.24,0.28,36.04,0.038701086723078905,260.7472,931.24
10545,2025-06-28,Technology,Corporate,East,1.0,405.76,0.18,67.15,0.1654919164037855,73.0368,405.76
10546,2025-06-29,Office Supplies,Home Office,West,5.0,133.71,0.46,4.66,0.03485154438710642,61.506600000000006,26.742
10547,2025-06-30,Furniture,Home Office,South,4.0,617.0,0.01,47.56,0.07708265802269045,6.17,154.25
10548,2025-07-01,Office Supplies,Consumer,South,1.0,389.59,0.16,-57.15,-0.14669267691675866,62.334399999999995,389.59
10549,2025-07-02,Furniture,Corporate,East,7.0,368.35,0.03,59.41,0.161286819600923,11.0505,52.621428571428574
10550,2025-07-03,Technology,Home Office,East,5.0,1441.8,0.38,212.82,0.14760715771951727,547.884,288.36
10551,2025-07-04,Furniture,Corporate,South,5.0,943.64,0.35,-125.24,-0.13272010512483573,330.274,188.728
10552,2025-07-05,Furniture,Home Office,Central,1.0,857.47,0.17,13.47,0.015709004396655277,145.7699,857.47
10553,2025-07-06,Furniture,Home Office,East,6.0,652.87,0.34,30.005000000000003,0.04595861350651738,221.97580000000002,108.81166666666667
10554,2025-07-07,Furniture,Corporate,South,9.0,671.97,0.2,26.43,0.039332113040760744,134.394,74.66333333333334
10555,2025-07-08,Furniture,Home Office,East,9.0,834.31,0.38,63.3,0.0758710790953003,317.0378,92.7011111111111
10556,2025-07-09,Office Supplies,Corporate,Central,8.0,1059.82,0.23,274.99,0.25946858900568026,243.7586,132.4775
10557,2025-07-10,Furniture,Home Office,West,5.0,1068.11,0.21,184.54,0.17277246725524525,224.30309999999997,213.62199999999999
10558,2025-07-11,Furniture,Consumer,East,1.0,298.96,0.47,33.46,0.11192132726786193,140.51119999999997,298.96
10559,2025-07-12,Technology,Corporate,Central,9.0,775.16,0.13,162.02,0.209014913050209,100.7708,86.12888888888888
10560,2025-07-13,Furniture,Home Office,South,1.0,647.34,0.06,154.69,0.2389625235579448,38.8404,647.34
10561,2025-07-14,Technology,Home Office,East,8.0,1312.26,0.29,72.96,0.055598738054958616,380.55539999999996,164.0325
10562,2025-07-15,Office Supplies,Consumer,East,5.0,965.56,0.48,61.6,0.06379717469654916,463.46879999999993,193.112
10563,2025-07-16,Furniture,Corporate,South,3.0,822.13,0.19,19.5,0.023718876576697117,156.2047,274.04333333333335
10564,2025-07-17,Technology,Home Office,West,7.0,217.32,0.03,61.94,0.2850174857353212,6.5196,31.045714285714286
10565,2025-07-18,Technology,Consumer,South,7.0,928.17,0.17,151.96,0.1637200081881552,157.7889,132.59571428571428
10566,2025-07-19,Office Supplies,Home Office,East,9.0,219.95,0.25,-24.76,-0.11257103887247102,54.9875,24.438888888888886
10567,2025-07-20,Furniture,Corporate,South,7.0,538.95,0.08,128.45,0.23833379719825581,43.11600000000001,76.99285714285715
10568,2025-07-21,Furniture,Home Office,Central,3.0,257.12,0.33,17.03,0.06623366521468575,84.84960000000001,85.70666666666666
10569,2025-07-22,Technology,Home Office,South,1.0,1053.51,0.5,-125.43,-0.11905914514337786,526.755,1053.51
10570,2025-07-23,Furniture,Home Office,East,8.0,349.07,0.23,33.99,0.09737301973816141,80.2861,43.63375
10571,2025-07-24,Technology,Home Office,South,3.0,618.2,0.18,23.32,0.03772241992882562,111.27600000000001,206.0666666666667
10572,2025-07-25,Furniture,Consumer,West,8.0,1348.73,0.2,328.96999999999997,0.24391093843838274,269.74600000000004,168.59125
10573,2025-07-26,Technology,Consumer,South,8.0,346.26,0.06,-20.15,-0.058193265176456996,20.775599999999997,43.2825
10574,2025-07-27,Furniture,Corporate,West,5.0,786.32,0.44,174.49,0.22190711160850543,345.98080000000004,157.264
10575,2025-07-28,Office Supplies,Consumer,Central,1.0,657.94,0.21,66.43,0.1009666534942396,138.16740000000001,657.94
10576,2025-07-29,Furniture,Consumer,West,5.0,76.28,0.19,-9.57,-0.12545883586785528,14.4932,15.256
10577,2025-07-30,Furniture,Corporate,South,5.0,1199.5,0.33,328.96999999999997,0.27425593997498954,395.83500000000004,239.9
10578,2025-07-31,Office Supplies,Consumer,East,8.0,150.12,0.22,12.11,0.08066879829469757,33.0264,18.765
10579,2025-08-01,Furniture,Consumer,West,9.0,737.67,0.32,-14.09,-0.019100681876719944,236.0544,81.96333333333332
10580,2025-08-02,Office Supplies,Corporate,Central,7.0,862.98,0.03,52.84,0.06122969246100721,25.8894,123.28285714285714
10581,2025-08-03,Furniture,Corporate,West,7.0,961.22,0.41,226.88,0.23603337425355275,394.1002,137.31714285714287
10582,2025-08-04,Technology,Corporate,West,1.0,1048.52,0.47,-13.41,-0.012789455613626826,492.8044,1048.52
10583,2025-08-05,Technology,Home Office,West,4.0,417.24,0.32,-26.41,-0.06329690346083788,133.51680000000002,104.31
10584,2025-08-06,Furniture,Home Office,Central,2.0,64.47,0.48,-5.93,-0.09198076624786722,30.9456,32.235
10585,2025-08-07,Furniture,Corporate,South,2.0,1098.99,0.08,-17.54,-0.01596010882719588,87.9192,549.495
10586,2025-08-08,Furniture,Corporate,West,2.0,826.7,0.24,166.18,0.20101608806096527,198.40800000000002,413.35
10587,2025-08-09,Technology,Corporate,West,4.0,1262.37,0.3,78.56,0.06223215063729335,378.71099999999996,315.5925
10588,2025-08-10,Furniture,Home Office,East,1.0,1241.01,0.29,-59.11,-0.04763055898018549,359.8929,1241.01
10589,2025-08-11,Technology,Home Office,Central,4.0,1272.82,0.2,-95.74,-0.0752188054870288,254.564,318.205
10590,2025-08-12,Office Supplies,Consumer,West,2.0,753.39,0.17,-0.2,-0.00026546675692536403,128.0763,376.695
10591,2025-08-13,Technology,Consumer,Central,5.0,533.76,0.06,145.7,0.2729691247002398,32.0256,106.752
10592,2025-08-14,Technology,Corporate,West,3.0,1197.76,0.2,5.22,0.004358135185679936,239.55200000000002,399.25333333333333
10593,2025-08-15,Office Supplies,Home Office,South,8.0,704.38,0.08,207.55,0.29465629347795225,56.3504,88.0475
10594,2025-08-16,Technology,Home Office,South,4.0,315.99,0.37,21.6,0.06835659356308744,116.9163,78.9975
10595,2025-08-17,Furniture,Home Office,West,1.0,1289.71,0.1,-89.48,-0.06937993812562514,128.971,1289.71
10596,2025-08-18,Furniture,Corporate,South,1.0,1329.71,0.03,328.96999999999997,0.24739980898090558,39.8913,1329.71
10597,2025-08-19,Technology,Consumer,West,3.0,726.15,0.28,41.51,0.057164497693314054,203.322,242.04999999999998
10598,2025-08-20,Furniture,Corporate,South,9.0,159.76,0.3,27.06,0.16937906860290436,47.928,17.75111111111111
10599,2025-08-21,Technology,Consumer,East,5.0,612.35,0.44,179.22,0.2926757573283253,269.434,122.47
10600,2025-08-22,Furniture,Consumer,East,2.0,1215.13,0.29,-154.83,-0.12741846551397792,352.3877,607.565
10601,2025-08-23,Furniture,Corporate,East,9.0,1357.57,0.17,-144.56,-0.10648438017929095,230.7869,150.8411111111111
10602,2025-08-24,Technology,Consumer,Central,2.0,345.04,0.4,60.11,0.17421168560166936,138.01600000000002,172.52
10603,2025-08-25,Furniture,Consumer,Central,5.0,147.11,0.27,-3.41,-0.023179933383182652,39.7197,29.422000000000004
10604,2025-08-26,Technology,Home Office,East,2.0,1322.16,0.04,-88.67,-0.06706450051430991,52.8864,661.08
10605,2025-08-27,Furniture,Consumer,Central,3.0,614.64,0.28,-81.31,-0.1322888194715606,172.09920000000002,204.88
10606,2025-08-28,Furniture,Corporate,South,6.0,835.55,0.45,-117.12,-0.14017114475495185,375.9975,139.25833333333333
10607,2025-08-29,Office Supplies,Corporate,West,9.0,1453.7,0.2,288.59,0.19852101534016645,290.74,161.52222222222224
10608,2025-08-30,Office Supplies,Consumer,West,9.0,146.52,0.15,-13.11,-0.08947583947583947,21.978,16.28
10609,2025-08-31,Technology,Home Office,West,7.0,990.06,0.07,59.87,0.06047108256065289,69.30420000000001,141.43714285714285
10610,2025-09-01,Office Supplies,Home Office,East,3.0,157.45,0.08,19.31,0.12264210860590664,12.596,52.48333333333333
10611,2025-09-02,Technology,Consumer,Central,4.0,594.43,0.22,25.42,0.0427636559393032,130.7746,148.6075
10612,2025-09-03,Office Supplies,Consumer,South,6.0,1215.53,0.3,-167.5,-0.1377999720286624,364.659,202.58833333333334
10613,2025-09-04,Furniture,Corporate,South,5.0,678.53,0.04,137.45,0.20257026218442808,27.141199999999998,135.706
10614,2025-09-05,Technology,Consumer,East,2.0,1495.91,0.47,-217.31,-0.14526943465850217,703.0777,747.955
10615,2025-09-06,Technology,Home Office,South,6.0,860.64,0.38,165.97,0.19284485963933817,327.0432,143.44
10616,2025-09-07,Furniture,Consumer,South,3.0,515.69,0.29,129.95,0.2519924760999825,149.55010000000001,171.89666666666668
10617,2025-09-08,Technology,Corporate,South,8.0,369.16,0.41,16.53,0.044777332322028386,151.3556,46.145
10618,2025-09-09,Technology,Corporate,South,2.0,558.25,0.04,50.8,0.09099865651589789,22.330000000000002,279.125
10619,2025-09-10,Office Supplies,Corporate,Central,1.0,590.17,0.24,38.15,0.06464239117542403,141.64079999999998,590.17
10620,2025-09-11,Technology,Corporate,South,9.0,149.63,0.32,3.76,0.025128650671656753,47.8816,16.625555555555554
10621,2025-09-12,Furniture,Corporate,West,3.0,585.88,0.41,146.08,0.2493343346760429,240.21079999999998,195.29333333333332
10622,2025-09-13,Office Supplies,Consumer,East,1.0,723.15,0.39,182.43,0.2522713130056005,282.0285,723.15
10623,2025-09-14,Office Supplies,Consumer,Central,7.0,1097.97,0.14,1.23,0.0011202491871362605,153.71580000000003,156.85285714285715
10624,2025-09-15,Furniture,Consumer,South,5.0,1002.26,0.47,127.07,0.12678346935924809,471.06219999999996,200.452
10625,2025-09-16,Furniture,Consumer,Central,5.0,1077.71,0.06,287.87,0.26711267409599987,64.6626,215.542
10626,2025-09-17,Office Supplies,Corporate,South,1.0,62.13,0.44,17.58,0.2829550941574118,27.337200000000003,62.13
10627,2025-09-18,Technology,Home Office,West,9.0,365.62,0.49,28.9,0.07904381598380832,179.1538,40.62444444444444
10628,2025-09-19,Office Supplies,Consumer,East,7.0,1009.44,0.09,54.28,0.0537723886511333,90.8496,144.2057142857143
10629,2025-09-20,Furniture,Home Office,South,8.0,751.78,0.36,-18.48,-0.024581659528053423,270.64079999999996,93.9725
10630,2025-09-21,Office Supplies,Consumer,South,9.0,57.7,0.02,16.24,0.2814558058925476,1.1540000000000001,6.411111111111111
10631,2025-09-22,Furniture,Consumer,South,6.0,1216.52,0.2,-104.3,-0.08573636273961792,243.304,202.75333333333333
10632,2025-09-23,Office Supplies,Home Office,South,5.0,1170.57,0.26,129.84,0.11092032086932008,304.3482,234.11399999999998
10633,2025-09-24,Technology,Corporate,East,6.0,845.21,0.29,-19.32,-0.02285822458323967,245.1109,140.86833333333334
10634,2025-09-25,Office Supplies,Consumer,East,2.0,146.37,0.47,-3.58,-0.024458563913370226,68.7939,73.185
10635,2025-09-26,Office Supplies,Consumer,West,4.0,1161.45,0.34,37.44,0.032235567609453696,394.89300000000003,290.3625
10636,2025-09-27,Furniture,Consumer,East,3.0,896.38,0.24,268.43,0.299460050425043,215.13119999999998,298.79333333333335
10637,2025-09-28,Furniture,Home Office,South,7.0,775.7,0.4,-148.29,-0.19116926646899574,310.28000000000003,110.81428571428572
10638,2025-09-29,Furniture,Corporate,West,9.0,1140.03,0.48,125.8,0.11034797329894827,547.2144,126.67
10639,2025-09-30,Office Supplies,Home Office,West,5.0,1214.35,0.01,-137.03,-0.11284226129204926,12.1435,242.86999999999998
10640,2025-10-01,Technology,Home Office,West,6.0,801.11,0.49,-64.46,-0.0804633570920348,392.5439,133.51833333333335
10641,2025-10-02,Furniture,Corporate,South,2.0,253.47,0.04,12.12,0.047816309622440524,10.1388,126.735
10642,2025-10-03,Furniture,Home Office,Central,3.0,1023.18,0.41,81.55,0.0797024961394867,419.50379999999996,341.06
10643,2025-10-04,Office Supplies,Corporate,South,3.0,949.69,0.14,-31.86,-0.0335477892786067,132.9566,316.56333333333333
10644,2025-10-05,Furniture,Consumer,East,9.0,1126.27,0.07,30.005000000000003,0.02664103634119705,78.83890000000001,125.14111111111112
10645,2025-10-06,Technology,Corporate,East,7.0,296.33,0.22,-32.85,-0.11085614011406203,65.1926,42.332857142857144
10646,2025-10-07,Technology,Consumer,South,8.0,332.71,0.32,-4.51,-0.013555348501698176,106.46719999999999,41.58875
10647,2025-10-08,Furniture,Home Office,South,9.0,1341.09,0.19,328.96999999999997,0.24530046454749493,254.8071,149.01
10648,2025-10-09,Furniture,Home Office,West,6.0,1137.47,0.03,312.94,0.27511934380686964,34.1241,189.57833333333335
10649,2025-10-10,Office Supplies,Consumer,South,4.0,1366.93,0.3,0.95,0.0006949880388900675,410.079,341.7325
10650,2025-10-11,Technology,Home Office,West,1.0,1150.14,0.45,122.93,0.10688264037421531,517.5630000000001,1150.14
10651,2025-10-12,Technology,Corporate,East,8.0,915.88,0.19,237.5,0.259313447176486,174.0172,114.485
10652,2025-10-13,Furniture,Consumer,West,7.0,998.49,0.11,-146.99,-0.1472122905587437,109.8339,142.64142857142858
10653,2025-10-14,Office Supplies,Home Office,South,2.0,1339.24,0.22,287.68,0.21480839879334548,294.63280000000003,669.62
10654,2025-10-15,Technology,Consumer,East,8.0,889.27,0.02,246.12,0.27676633643325427,17.7854,111.15875
10655,2025-10-16,Technology,Corporate,Central,5.0,966.97,0.41,-105.31,-0.10890720498050611,396.4577,193.394
10656,2025-10-17,Office Supplies,Corporate,West,7.0,276.89,0.41,-21.42,-0.07735924013146016,113.52489999999999,39.55571428571428
10657,2025-10-18,Office Supplies,Home Office,East,4.0,737.19,0.29,208.14,0.28234240833435065,213.7851,184.2975
10658,2025-10-19,Technology,Corporate,West,5.0,1088.78,0.18,100.05,0.09189184224544904,195.98039999999997,217.756
10659,2025-10-20,Technology,Consumer,East,8.0,442.87,0.4,30.005000000000003,0.06775125883442094,177.14800000000002,55.35875
10660,2025-10-21,Office Supplies,Corporate,East,1.0,343.27,0.28,-11.69,-0.03405482564744953,96.1156,343.27
10661,2025-10-22,Technology,Consumer,West,1.0,505.05,0.41,26.5,0.05247005247005247,207.07049999999998,505.05
10662,2025-10-23,Furniture,Consumer,Central,5.0,400.18,0.32,64.75,0.16180218901494328,128.0576,80.036
10663,2025-10-24,Furniture,Corporate,East,3.0,361.62,0.39,65.06,0.17991261545268514,141.0318,120.54
10664,2025-10-25,Office Supplies,Home Office,East,2.0,666.03,0.3,198.44,0.2979445370328664,199.809,333.015
10665,2025-10-26,Office Supplies,Corporate,East,3.0,1366.37,0.21,-28.17,-0.020616670447975296,286.93769999999995,455.45666666666665
10666,2025-10-27,Office Supplies,Consumer,Central,1.0,785.24,0.48,72.4,0.09220111048851307,376.91519999999997,785.24
10667,2025-10-28,Furniture,Consumer,Central,1.0,322.48,0.27,29.02,0.08999007690399403,87.06960000000001,322.48
10668,2025-10-29,Technology,Corporate,South,6.0,161.61,0.3,5.26,0.03254749087308953,48.483000000000004,26.935000000000002
10669,2025-10-30,Furniture,Home Office,West,5.0,1059.43,0.11,-78.27,-0.07387935021662591,116.5373,211.88600000000002
10670,2025-10-31,Technology,Home Office,Central,8.0,605.06,0.31,175.38,0.2898555515155522,187.56859999999998,75.6325
10671,2025-11-01,Furniture,Consumer,West,2.0,1241.65,0.29,290.54,0.2339950871823783,360.0785,620.825
10672,2025-11-02,Technology,Consumer,South,4.0,1006.29,0.09,74.72,0.0742529489510976,90.56609999999999,251.5725
10673,2025-11-03,Furniture,Home Office,West,8.0,1204.55,0.03,30.005000000000003,0.02490971732182143,36.1365,150.56875
10674,2025-11-04,Office Supplies,Corporate,Central,6.0,444.32,0.3,-21.21,-0.0477358660424919,133.296,74.05333333333333
10675,2025-11-05,Furniture,Consumer,West,1.0,1053.92,0.38,99.81,0.09470358281463488,400.48960000000005,1053.92
10676,2025-11-06,Technology,Consumer,Central,4.0,432.89,0.26,70.45,0.16274342211647302,112.5514,108.2225
10677,2025-11-07,Furniture,Home Office,West,1.0,1411.65,0.11,115.51,0.08182623171466015,155.28150000000002,1411.65
10678,2025-11-08,Furniture,Corporate,Central,2.0,972.74,0.33,287.57,0.2956288422394473,321.0042,486.37
10679,2025-11-09,Furniture,Home Office,Central,5.0,520.54,0.04,65.12,0.1251008568025512,20.8216,104.10799999999999
10680,2025-11-10,Office Supplies,Corporate,West,8.0,440.79,0.22,7.47,0.01694684543660246,96.97380000000001,55.09875
10681,2025-11-11,Furniture,Corporate,South,8.0,326.84,0.08,64.54,0.19746665034879454,26.147199999999998,40.855
10682,2025-11-12,Office Supplies,Corporate,East,3.0,1057.23,0.09,-77.49,-0.07329530944070826,95.1507,352.41
10683,2025-11-13,Office Supplies,Consumer,South,4.0,367.14,0.1,8.46,0.023042980879228635,36.714,91.785
10684,2025-11-14,Furniture,Home Office,West,6.0,913.19,0.19,5.6,0.006132349237289063,173.5061,152.19833333333335
10685,2025-11-15,Furniture,Home Office,South,3.0,433.72,0.03,19.22,0.044314304159365485,13.0116,144.57333333333335
10686,2025-11-16,Furniture,Corporate,Central,2.0,1009.85,0.2,203.79,0.20180224785859285,201.97000000000003,504.925
10687,2025-11-17,Technology,Consumer,East,6.0,1231.66,0.26,83.6,0.06787587483558774,320.2316,205.27666666666667
10688,2025-11-18,Furniture,Consumer,West,5.0,1178.14,0.24,244.24,0.20730982735498327,282.7536,235.62800000000001
10689,2025-11-19,Office Supplies,Home Office,West,5.0,1153.23,0.19,126.19,0.10942309860131977,219.1137,230.64600000000002
10690,2025-11-20,Furniture,Consumer,West,5.0,322.2,0.42,1.27,0.003941651148355059,135.32399999999998,64.44
10691,2025-11-21,Technology,Consumer,East,5.0,178.16,0.07,38.21,0.21447013920071847,12.471200000000001,35.632
10692,2025-11-22,Furniture,Corporate,Central,3.0,1063.48,0.25,-45.48,-0.042765261217888435,265.87,354.49333333333334
10693,2025-11-23,Technology,Consumer,West,7.0,584.1,0.03,-28.64,-0.04903269988015751,17.523,83.44285714285715
10694,2025-11-24,Technology,Corporate,South,6.0,676.9,0.04,52.14,0.07702762594179348,27.076,112.81666666666666
10695,2025-11-25,Furniture,Home Office,West,4.0,95.17,0.29,-3.1,-0.03257328990228013,27.5993,23.7925
10696,2025-11-26,Office Supplies,Consumer,West,2.0,426.39,0.28,-62.21,-0.1458992940735008,119.3892,213.195
10697,2025-11-27,Technology,Home Office,West,9.0,98.83,0.44,14.01,0.14175857533137712,43.4852,10.981111111111112
10698,2025-11-28,Furniture,Home Office,West,1.0,1324.82,0.28,105.98,0.07999577301067315,370.94960000000003,1324.82
10699,2025-11-29,Furniture,Consumer,Central,4.0,402.93,0.48,20.34,0.05048023229841411,193.4064,100.7325
10700,2025-11-30,Office Supplies,Consumer,South,1.0,858.14,0.02,244.69,0.28513995385368357,17.1628,858.14
10701,2025-12-01,Technology,Home Office,Central,6.0,106.52,0.05,11.4,0.10702215546376267,5.3260000000000005,17.753333333333334
10702,2025-12-02,Technology,Consumer,South,4.0,1016.93,0.02,242.58,0.2385414925314427,20.3386,254.2325
10703,2025-12-03,Furniture,Corporate,West,5.0,518.39,0.09,-45.23,-0.08725091147591581,46.6551,103.678
10704,2025-12-04,Furniture,Corporate,East,5.0,1351.98,0.27,143.5,0.1061406233820027,365.0346,270.396
10705,2025-12-05,Office Supplies,Consumer,Central,9.0,1337.77,0.32,321.86,0.2405944220605934,428.0864,148.64111111111112
10706,2025-12-06,Office Supplies,Home Office,East,1.0,521.67,0.02,58.63,0.11238905821688042,10.433399999999999,521.67
10707,2025-12-07,Technology,Consumer,Central,2.0,1356.39,0.47,234.8,0.17310655489940208,637.5033,678.195
10708,2025-12-08,Technology,Consumer,West,6.0,1494.43,0.42,26.03,0.01741801221870546,627.6606,249.0716666666667
10709,2025-12-09,Furniture,Home Office,Central,5.0,1246.85,0.15,-135.16,-0.10840117095079602,187.02749999999997,249.36999999999998
10710,2025-12-10,Technology,Home Office,West,7.0,1275.06,0.04,71.47,0.05605226420717457,51.0024,182.15142857142857
10711,2025-12-11,Office Supplies,Corporate,Central,3.0,411.06,0.08,30.005000000000003,0.0729942100909843,32.8848,137.02
10712,2025-12-12,Office Supplies,Home Office,West,3.0,886.22,0.06,212.85,0.24017738259123014,53.1732,295.4066666666667
10713,2025-12-13,Furniture,Corporate,West,2.0,147.52,0.06,-5.93,-0.04019793926247288,8.8512,73.76
10714,2025-12-14,Office Supplies,Home Office,South,3.0,187.63,0.26,53.48,0.28502904652774075,48.7838,62.54333333333333
10715,2025-12-15,Office Supplies,Consumer,West,1.0,1498.39,0.12,328.96999999999997,0.21954898257463007,179.8068,1498.39
10716,2025-12-16,Office Supplies,Corporate,South,5.0,523.63,0.18,-20.19,-0.038557760250558605,94.2534,104.726
10717,2025-12-17,Office Supplies,Corporate,West,5.0,1134.87,0.49,7.52,0.006626309621366324,556.0862999999999,226.974
10718,2025-12-18,Furniture,Corporate,East,7.0,1219.66,0.34,308.57,0.2529967367955004,414.68440000000004,174.23714285714286
10719,2025-12-19,Furniture,Consumer,West,4.0,1294.13,0.47,328.96999999999997,0.2542016644386576,608.2411,323.5325
10720,2025-12-20,Technology,Consumer,East,3.0,1496.56,0.07,74.15,0.04954696103063025,104.7592,498.8533333333333
10721,2025-12-21,Office Supplies,Consumer,East,1.0,400.17,0.19,-2.22,-0.005547642252042882,76.0323,400.17
10722,2025-12-22,Technology,Consumer,West,8.0,108.51,0.28,9.41,0.0867201179614782,30.382800000000003,13.56375
10723,2025-12-23,Furniture,Consumer,East,3.0,646.23,0.04,103.07,0.1594942976958668,25.8492,215.41
10724,2025-12-24,Furniture,Corporate,South,2.0,238.62,0.0,-6.43,-0.02694660967228229,0.0,119.31
10725,2025-12-25,Furniture,Consumer,Central,4.0,82.52,0.34,14.97,0.18141056713523995,28.0568,20.63
10726,2025-12-26,Furniture,Corporate,West,3.0,572.62,0.32,-72.58,-0.12675072473891935,183.2384,190.87333333333333
10727,2025-12-27,Furniture,Consumer,East,1.0,1186.42,0.21,-151.65,-0.12782151346066317,249.1482,1186.42
10728,2025-12-28,Furniture,Home Office,West,3.0,870.96,0.24,20.75,0.02382428584550381,209.03040000000001,290.32
10729,2025-12-29,Furniture,Corporate,South,2.0,503.53,0.21,4.56,0.009056064186840903,105.7413,251.765
10730,2025-12-30,Office Supplies,Home Office,West,8.0,998.8,0.01,-7.96,-0.007969563476171407,9.988,124.85
10731,2025-12-31,Technology,Corporate,West,13.0,2229.615,0.17,27.42,0.012298087337948483,379.03454999999997,171.50884615384615
10732,2026-01-01,Furniture,Home Office,East,9.0,70.85,0.09,-0.4,-0.005645730416372619,6.376499999999999,7.872222222222222
10733,2026-01-02,Office Supplies,Consumer,South,8.0,1158.31,0.05,-73.53,-0.06348041543282887,57.9155,144.78875
10734,2026-01-03,Office Supplies,Consumer,Central,3.0,954.43,0.48,-10.25,-0.010739394193392916,458.12639999999993,318.1433333333333
10735,2026-01-04,Technology,Consumer,Central,5.0,1155.34,0.3,328.96999999999997,0.28473869164055604,346.602,231.06799999999998
10736,2026-01-05,Furniture,Corporate,East,7.0,106.46,0.36,3.73,0.03503663347736239,38.325599999999994,15.208571428571428
10737,2026-01-06,Technology,Home Office,West,5.0,1263.82,0.16,63.34,0.050117896535899105,202.2112,252.76399999999998
10738,2026-01-07,Furniture,Consumer,East,8.0,948.31,0.2,103.79,0.1094473326232983,189.662,118.53875
10739,2026-01-08,Office Supplies,Home Office,East,5.0,866.92,0.12,253.58,0.2925068057029484,104.03039999999999,173.384
10740,2026-01-09,Office Supplies,Home Office,East,1.0,955.69,0.05,-39.45,-0.04127907585095585,47.78450000000001,955.69
10741,2026-01-10,Office Supplies,Consumer,West,5.0,1303.43,0.09,204.09,0.1565791795493429,117.3087,260.68600000000004
10742,2026-01-11,Office Supplies,Consumer,South,4.0,901.06,0.4,155.16,0.1721971899762502,360.424,225.265
10743,2026-01-12,Technology,Home Office,East,6.0,892.38,0.34,110.03,0.123299491248123,303.4092,148.73
10744,2026-01-13,Furniture,Consumer,West,3.0,1486.48,0.27,-163.72,-0.11013938969915504,401.3496,495.49333333333334
10745,2026-01-14,Furniture,Consumer,South,5.0,1147.26,0.24,177.36,0.15459442497777315,275.3424,229.452
10746,2026-01-15,Technology,Consumer,East,2.0,691.33,0.46,-83.76,-0.12115776835953886,318.01180000000005,345.665
10747,2026-01-16,Furniture,Corporate,Central,6.0,1075.73,0.04,127.22,0.11826387662331625,43.0292,179.28833333333333
10748,2026-01-17,Office Supplies,Home Office,South,6.0,614.38,0.14,112.32,0.18281845112145576,86.01320000000001,102.39666666666666
10749,2026-01-18,Furniture,Home Office,East,5.0,381.87,0.17,-21.03,-0.05507109749391154,64.9179,76.374
10750,2026-01-19,Office Supplies,Corporate,South,6.0,915.44,0.39,209.39,0.2287315389320982,357.02160000000003,152.57333333333335
10751,2026-01-20,Technology,Home Office,South,7.0,1395.86,0.5,-190.31,-0.1363388878540828,697.93,199.4085714285714
10752,2026-01-21,Furniture,Consumer,South,5.0,1397.25,0.12,320.97,0.22971551261406337,167.67,279.45
10753,2026-01-22,Technology,Home Office,South,1.0,545.76,0.44,31.19,0.05714966285546761,240.1344,545.76
10754,2026-01-23,Furniture,Consumer,South,8.0,815.13,0.42,-42.46,-0.052089850698661566,342.3546,101.89125
10755,2026-01-24,Office Supplies,Corporate,South,4.0,356.87,0.11,-32.05,-0.08980861378092862,39.2557,89.2175
10756,2026-01-25,Technology,Consumer,East,9.0,1493.67,0.2,328.96999999999997,0.22024275777112745,298.73400000000004,165.96333333333334
10757,2026-01-26,Furniture,Home Office,Central,6.0,1472.62,0.2,-172.74,-0.11730113674946695,294.524,245.43666666666664
10758,2026-01-27,Office Supplies,Home Office,West,1.0,991.79,0.49,-59.91,-0.06040593270752881,485.97709999999995,991.79
10759,2026-01-28,Technology,Home Office,South,3.0,1216.4,0.09,7.93,0.006519237093061492,109.476,405.4666666666667
10760,2026-01-29,Technology,Corporate,West,3.0,1086.9,0.4,140.32,0.1291011132578894,434.76000000000005,362.3
10761,2026-01-30,Furniture,Corporate,East,4.0,910.08,0.17,86.6,0.09515646976090013,154.7136,227.52
10762,2026-01-31,Furniture,Home Office,South,6.0,127.35,0.37,-11.9,-0.09344326658814292,47.119499999999995,21.224999999999998
10763,2026-02-01,Furniture,Consumer,Central,7.0,709.41,0.21,-13.92,-0.019621939358058105,148.97609999999997,101.3442857142857
10764,2026-02-02,Office Supplies,Corporate,West,4.0,1028.44,0.29,-43.77,-0.04255960483839602,298.2476,257.11
10765,2026-02-03,Furniture,Home Office,South,6.0,1032.42,0.42,-55.65,-0.05390248154820712,433.6164,172.07000000000002
10766,2026-02-04,Technology,Home Office,East,1.0,591.03,0.4,20.69,0.03500668324788928,236.412,591.03
10767,2026-02-05,Technology,Corporate,Central,8.0,1415.45,0.43,236.12,0.16681620686000917,608.6435,176.93125
10768,2026-02-06,Furniture,Corporate,West,7.0,292.67,0.03,-15.26,-0.05214063621143267,8.780100000000001,41.81
10769,2026-02-07,Furniture,Corporate,West,9.0,775.52,0.35,11.64,0.01500928409325356,271.43199999999996,86.16888888888889
10770,2026-02-08,Technology,Consumer,South,3.0,1051.78,0.07,27.25,0.025908459944094773,73.6246,350.5933333333333
10771,2026-02-09,Office Supplies,Consumer,Central,2.0,1060.85,0.21,307.02,0.28940943582975914,222.77849999999998,530.425
10772,2026-02-10,Furniture,Home Office,Central,1.0,990.53,0.27,276.95,0.2795977910815422,267.4431,990.53
10773,2026-02-11,Furniture,Corporate,Central,3.0,449.17,0.2,94.35,0.2100540997840461,89.834,149.72333333333333
10774,2026-02-12,Technology,Consumer,Central,5.0,276.5,0.26,-11.41,-0.04126582278481013,71.89,55.3
10775,2026-02-13,Furniture,Corporate,East,2.0,972.11,0.5,-116.05,-0.11937949409017498,486.055,486.055
10776,2026-02-14,Office Supplies,Home Office,Central,3.0,918.99,0.07,-6.79,-0.007388546121285324,64.3293,306.33
10777,2026-02-15,Technology,Consumer,West,4.0,310.07,0.34,-9.28,-0.02992872577159996,105.4238,77.5175
10778,2026-02-16,Furniture,Consumer,West,7.0,1072.45,0.2,83.29,0.07766329432607581,214.49,153.20714285714286
10779,2026-02-17,Technology,Consumer,East,3.0,710.0,0.07,141.98,0.19997183098591548,49.7,236.66666666666666
10780,2026-02-18,Furniture,Home Office,West,9.0,1018.25,0.08,240.56,0.23624846550454212,81.46000000000001,113.13888888888889
10781,2026-02-19,Furniture,Corporate,West,8.0,1264.18,0.47,291.0,0.23018873894540334,594.1646,158.0225
10782,2026-02-20,Furniture,Consumer,Central,4.0,296.11,0.44,3.51,0.011853703015771164,130.2884,74.0275
10783,2026-02-21,Office Supplies,Home Office,West,1.0,775.7,0.45,12.38,0.01595977826479309,349.06500000000005,775.7
10784,2026-02-22,Office Supplies,Corporate,East,1.0,1179.7,0.5,-10.88,-0.009222683733152496,589.85,1179.7
10785,2026-02-23,Technology,Home Office,Central,1.0,934.06,0.1,-114.51,-0.12259383765496865,93.406,934.06
10786,2026-02-24,Furniture,Corporate,South,1.0,1064.48,0.18,176.39,0.1657053209078611,191.6064,1064.48
10787,2026-02-25,Furniture,Home Office,Central,8.0,1265.32,0.33,-184.2,-0.1455758227167831,417.5556,158.165
10788,2026-02-26,Office Supplies,Corporate,East,3.0,1214.08,0.24,41.44,0.03413284132841329,291.37919999999997,404.6933333333333
10789,2026-02-27,Furniture,Consumer,Central,6.0,1443.33,0.21,-2.57,-0.001780604574144513,303.09929999999997,240.55499999999998
10790,2026-02-28,Office Supplies,Corporate,Central,3.0,827.11,0.18,134.01,0.16202198014774333,148.8798,275.7033333333333
10791,2026-03-01,Furniture,Home Office,East,5.0,758.32,0.3,147.73,0.19481221647853147,227.496,151.66400000000002
10792,2026-03-02,Technology,Home Office,Central,7.0,632.74,0.29,-8.33,-0.013164965072541644,183.4946,90.39142857142858
10793,2026-03-03,Furniture,Corporate,East,2.0,272.85,0.08,58.73,0.21524647242074396,21.828000000000003,136.425
10794,2026-03-04,Furniture,Consumer,East,6.0,880.28,0.24,-15.61,-0.01773299404734857,211.26719999999997,146.71333333333334
10795,2026-03-05,Office Supplies,Consumer,South,6.0,451.67,0.28,22.97,0.05085571324196869,126.46760000000002,75.27833333333334
10796,2026-03-06,Furniture,Corporate,West,3.0,1385.9,0.29,245.52,0.1771556389349881,401.911,461.9666666666667
10797,2026-03-07,Furniture,Corporate,West,6.0,895.63,0.11,144.93,0.16181905474358832,98.5193,149.27166666666668
10798,2026-03-08,Office Supplies,Home Office,Central,5.0,909.62,0.37,267.72,0.2943207053494866,336.5594,181.924
10799,2026-03-09,Technology,Consumer,Central,2.0,564.64,0.01,-27.49,-0.04868588835364126,5.6464,282.32
10800,2026-03-10,Technology,Corporate,South,9.0,125.38,0.18,18.56,0.1480299888339448,22.568399999999997,13.931111111111111
10801,2026-03-11,Office Supplies,Consumer,South,8.0,96.03,0.39,11.94,0.12433614495470165,37.4517,12.00375
10802,2026-03-12,Office Supplies,Corporate,South,3.0,663.84,0.28,173.79,0.26179501084598694,185.87520000000004,221.28
10803,2026-03-13,Office Supplies,Corporate,East,8.0,172.62,0.13,-13.75,-0.07965473293940448,22.4406,21.5775
10804,2026-03-14,Office Supplies,Consumer,South,9.0,929.93,0.35,175.11,0.18830449603733618,325.47549999999995,103.32555555555555
10805,2026-03-15,Office Supplies,Corporate,South,3.0,1327.41,0.28,140.33,0.10571714843190876,371.67480000000006,442.47
10806,2026-03-16,Technology,Corporate,Central,3.0,1330.23,0.4,-35.12,-0.026401449373416624,532.092,443.41
10807,2026-03-17,Technology,Home Office,South,2.0,1005.62,0.37,63.85,0.06349316839362781,372.0794,502.81
10808,2026-03-18,Office Supplies,Corporate,East,8.0,356.29,0.31,0.07,0.0001964691683740773,110.4499,44.53625
10809,2026-03-19,Furniture,Corporate,East,1.0,1301.35,0.24,144.05,0.11069274215238023,312.32399999999996,1301.35
10810,2026-03-20,Office Supplies,Corporate,Central,8.0,1334.84,0.07,328.96999999999997,0.2464490126157442,93.4388,166.855
10811,2026-03-21,Furniture,Home Office,South,7.0,335.15,0.13,35.59,0.10619125764583025,43.5695,47.878571428571426
10812,2026-03-22,Office Supplies,Consumer,South,7.0,1119.27,0.21,150.29,0.13427501853886908,235.0467,159.8957142857143
10813,2026-03-23,Office Supplies,Home Office,East,3.0,465.45,0.3,38.84,0.08344612740358794,139.635,155.15
10814,2026-03-24,Technology,Home Office,South,1.0,1213.83,0.26,-154.13,-0.12697824242274455,315.5958,1213.83
10815,2026-03-25,Furniture,Consumer,South,4.0,1495.99,0.14,-67.64,-0.04521420597731268,209.4386,373.9975
10816,2026-03-26,Furniture,Home Office,South,9.0,93.54,0.0,6.68,0.07141329912336968,0.0,10.393333333333334
10817,2026-03-27,Technology,Consumer,West,5.0,1351.18,0.25,-14.04,-0.010390917568347665,337.795,270.236
10818,2026-03-28,Technology,Home Office,Central,1.0,775.7,0.14,-64.99,-0.08378239009926516,108.59800000000001,775.7
10819,2026-03-29,Technology,Consumer,West,5.0,1461.4,0.37,112.32,0.0768578075817709,540.7180000000001,292.28000000000003
10820,2026-03-30,Technology,Corporate,Central,8.0,775.7,0.01,-3.43,-0.00442181255640067,7.757000000000001,96.9625
10821,2026-03-31,Furniture,Home Office,East,8.0,1278.71,0.29,-43.29,-0.033854431419164624,370.8259,159.83875
10822,2026-04-01,Furniture,Home Office,South,5.0,140.47,0.47,8.26,0.05880259130063359,66.0209,28.094
10823,2026-04-02,Office Supplies,Home Office,Central,9.0,536.15,0.09,-48.27,-0.09003077496969132,48.253499999999995,59.57222222222222
10824,2026-04-03,Office Supplies,Home Office,West,1.0,147.17,0.24,39.37,0.2675137595977441,35.3208,147.17
10825,2026-04-04,Technology,Corporate,South,4.0,1464.25,0.05,328.96999999999997,0.2246679187297251,73.2125,366.0625
10826,2026-04-05,Technology,Home Office,East,3.0,1234.61,0.31,207.94,0.16842565668510706,382.72909999999996,411.53666666666663
10827,2026-04-06,Technology,Corporate,Central,2.0,1286.19,0.28,-131.45,-0.10220107449132708,360.13320000000004,643.095
10828,2026-04-07,Office Supplies,Corporate,Central,8.0,775.7,0.2,280.8,0.361995616862189,155.14000000000001,96.9625
10829,2026-04-08,Office Supplies,Corporate,Central,7.0,173.4,0.26,37.03,0.21355247981545558,45.084,24.771428571428572
10830,2026-04-09,Office Supplies,Corporate,South,9.0,609.12,0.45,119.08,0.19549514053060152,274.104,67.68
10831,2026-04-10,Office Supplies,Consumer,West,2.0,153.0,0.1,-15.1,-0.09869281045751634,15.3,76.5
10832,2026-04-11,Office Supplies,Consumer,West,4.0,355.65,0.01,49.71,0.1397722479966259,3.5564999999999998,88.9125
10833,2026-04-12,Office Supplies,Home Office,Central,6.0,382.58,0.43,86.25,0.22544304459198078,164.5094,63.76333333333333
10834,2026-04-13,Office Supplies,Consumer,East,3.0,730.21,0.29,80.18,0.10980402897796525,211.7609,243.40333333333334
10835,2026-04-14,Technology,Consumer,East,8.0,439.42,0.45,61.91,0.1408902644394884,197.739,54.9275
10836,2026-04-15,Technology,Home Office,West,3.0,196.42,0.3,11.05,0.05625700030546788,58.925999999999995,65.47333333333333
10837,2026-04-16,Technology,Home Office,East,2.0,292.86,0.41,25.75,0.08792597145393703,120.0726,146.43
10838,2026-04-17,Technology,Home Office,West,3.0,263.55,0.21,-35.46,-0.13454752418895846,55.3455,87.85000000000001
10839,2026-04-18,Office Supplies,Consumer,Central,6.0,1460.96,0.37,200.93,0.13753285510896945,540.5552,243.49333333333334
10840,2026-04-19,Furniture,Consumer,West,2.0,1150.97,0.46,-130.46,-0.11334787179509458,529.4462000000001,575.485
10841,2026-04-20,Office Supplies,Home Office,West,8.0,1453.25,0.29,66.5,0.04575950455874764,421.4425,181.65625
10842,2026-04-21,Furniture,Corporate,Central,1.0,687.62,0.09,-12.59,-0.01830953142724179,61.885799999999996,687.62
10843,2026-04-22,Technology,Home Office,East,7.0,453.63,0.13,43.3,0.09545224081299737,58.9719,64.80428571428571
10844,2026-04-23,Office Supplies,Corporate,West,2.0,1207.53,0.1,-108.63,-0.08996049787582917,120.753,603.765
10845,2026-04-24,Technology,Corporate,West,6.0,523.07,0.12,84.34,0.16124036935782973,62.76840000000001,87.17833333333334
10846,2026-04-25,Office Supplies,Home Office,Central,2.0,484.11,0.15,100.58,0.20776269856024457,72.6165,242.055
10847,2026-04-26,Technology,Home Office,East,2.0,387.13,0.28,-29.61,-0.07648593495724951,108.39640000000001,193.565
10848,2026-04-27,Furniture,Home Office,West,8.0,238.03,0.29,-24.53,-0.10305423686089989,69.0287,29.75375
10849,2026-04-28,Furniture,Consumer,Central,2.0,421.87,0.21,-35.66,-0.08452840922559081,88.5927,210.935
10850,2026-04-29,Furniture,Corporate,West,7.0,565.21,0.31,138.31,0.2447055076874082,175.2151,80.74428571428572
10851,2026-04-30,Office Supplies,Consumer,South,3.0,1027.29,0.04,90.08,0.08768702119167908,41.0916,342.43
10852,2026-05-01,Furniture,Consumer,Central,8.0,140.72,0.04,8.48,0.0602615122228539,5.6288,17.59
10853,2026-05-02,Office Supplies,Home Office,East,7.0,355.24,0.09,-36.23,-0.1019873888075667,31.9716,50.74857142857143
10854,2026-05-03,Furniture,Consumer,East,8.0,1223.08,0.26,174.04,0.1422964973673022,318.00079999999997,152.885
10855,2026-05-04,Furniture,Home Office,East,7.0,263.04,0.11,63.29,0.2406097931873479,28.934400000000004,37.57714285714286
10856,2026-05-05,Office Supplies,Corporate,East,6.0,546.84,0.14,121.77,0.2226793943383805,76.55760000000001,91.14
10857,2026-05-06,Office Supplies,Home Office,West,7.0,1303.76,0.2,171.74,0.1317266981653065,260.752,186.25142857142856
10858,2026-05-07,Furniture,Consumer,West,5.0,274.64,0.41,-31.89,-0.11611564229536848,112.60239999999999,54.928
10859,2026-05-08,Office Supplies,Consumer,East,7.0,169.97,0.01,-16.9,-0.09942931105489203,1.6997,24.28142857142857
10860,2026-05-09,Furniture,Home Office,East,1.0,752.58,0.32,-96.19,-0.12781365436232692,240.8256,752.58
10861,2026-05-10,Office Supplies,Home Office,East,1.0,488.51,0.33,-16.67,-0.034124173507195356,161.2083,488.51
10862,2026-05-11,Technology,Consumer,West,9.0,866.94,0.4,-77.12,-0.08895655985419983,346.77600000000007,96.32666666666667
10863,2026-05-12,Technology,Corporate,East,5.0,1215.52,0.47,-40.09,-0.032981769119389236,571.2944,243.10399999999998
10864,2026-05-13,Technology,Corporate,East,5.0,248.87,0.01,5.79,0.023265158516494557,2.4887,49.774
10865,2026-05-14,Technology,Home Office,South,3.0,892.01,0.08,244.72,0.27434670014910145,71.3608,297.33666666666664
10866,2026-05-15,Technology,Corporate,South,5.0,782.99,0.44,97.61,0.12466315023180373,344.5156,156.598
10867,2026-05-16,Furniture,Consumer,East,3.0,258.91,0.23,58.45,0.2257541230543432,59.54930000000001,86.30333333333334
10868,2026-05-17,Technology,Home Office,Central,9.0,954.8,0.28,161.99,0.1696585672392124,267.344,106.08888888888889
10869,2026-05-18,Technology,Consumer,East,9.0,446.78,0.33,-44.4,-0.09937776981959802,147.4374,49.642222222222216
10870,2026-05-19,Technology,Consumer,South,6.0,757.36,0.34,137.21,0.18116879687334952,257.5024,126.22666666666667
10871,2026-05-20,Technology,Corporate,Central,1.0,169.29,0.47,-4.44,-0.026227184121920967,79.5663,169.29
10872,2026-05-21,Office Supplies,Home Office,Central,7.0,716.4,0.5,98.58,0.13760469011725293,358.2,102.34285714285714
10873,2026-05-22,Furniture,Home Office,East,7.0,494.37,0.36,1.7,0.0034387199870542307,177.9732,70.62428571428572
10874,2026-05-23,Technology,Corporate,South,4.0,1242.45,0.14,328.96999999999997,0.26477524246448547,173.943,310.6125
10875,2026-05-24,Technology,Consumer,South,8.0,132.62,0.44,-4.16,-0.031367817825365706,58.3528,16.5775
10876,2026-05-25,Technology,Consumer,Central,6.0,656.98,0.02,-16.02,-0.02438430393619288,13.139600000000002,109.49666666666667
10877,2026-05-26,Furniture,Consumer,East,4.0,714.73,0.12,192.12,0.268800805898731,85.7676,178.6825
10878,2026-05-27,Office Supplies,Consumer,West,4.0,1101.26,0.45,-152.98,-0.13891360804896208,495.567,275.315
10879,2026-05-28,Furniture,Home Office,West,2.0,882.72,0.13,144.33,0.16350598151169116,114.7536,441.36
10880,2026-05-29,Office Supplies,Home Office,South,2.0,1017.46,0.11,179.48,0.1764000550390187,111.92060000000001,508.73
10881,2026-05-30,Technology,Corporate,West,4.0,1176.72,0.07,266.37,0.22636651029981644,82.3704,294.18
10882,2026-05-31,Technology,Corporate,South,5.0,1300.19,0.43,328.96999999999997,0.2530168667656265,559.0817000000001,260.038
10883,2026-06-01,Furniture,Home Office,South,8.0,505.12,0.25,145.99,0.28902043078872347,126.28,63.14
10884,2026-06-02,Furniture,Home Office,South,6.0,830.13,0.34,-100.13,-0.12061966198065363,282.24420000000003,138.355
10885,2026-06-03,Office Supplies,Consumer,West,4.0,1268.16,0.12,278.78,0.21983030532424927,152.1792,317.04
10886,2026-06-04,Office Supplies,Consumer,South,7.0,1484.7,0.38,209.1,0.14083653263285512,564.186,212.1
10887,2026-06-05,Furniture,Corporate,Central,8.0,1339.8,0.38,189.32,0.14130467233915509,509.12399999999997,167.475
10888,2026-06-06,Office Supplies,Home Office,East,2.0,588.63,0.16,-54.3,-0.09224810152387747,94.1808,294.315
10889,2026-06-07,Furniture,Corporate,East,7.0,332.99,0.21,47.48,0.1425868644704045,69.9279,47.57
10890,2026-06-08,Office Supplies,Home Office,South,2.0,759.62,0.1,221.9,0.2921197440825676,75.962,379.81
10891,2026-06-09,Furniture,Consumer,East,2.0,1125.38,0.49,292.96,0.2603209582541008,551.4362000000001,562.69
10892,2026-06-10,Furniture,Corporate,West,8.0,764.23,0.32,36.38,0.04760347015950696,244.55360000000002,95.52875
10893,2026-06-11,Furniture,Corporate,West,2.0,750.61,0.47,-99.1,-0.13202595222552324,352.7867,375.305
10894,2026-06-12,Office Supplies,Home Office,East,9.0,1265.43,0.15,16.49,0.01303114356384786,189.8145,140.60333333333335
10895,2026-06-13,Office Supplies,Consumer,West,1.0,574.04,0.39,127.37,0.22188349243955127,223.8756,574.04
10896,2026-06-14,Office Supplies,Corporate,East,9.0,1296.7,0.38,214.83,0.16567440425695998,492.74600000000004,144.07777777777778
10897,2026-06-15,Furniture,Consumer,East,1.0,639.87,0.35,36.28,0.05669901698782565,223.9545,639.87
10898,2026-06-16,Office Supplies,Corporate,East,2.0,525.94,0.48,-65.85,-0.1252043959387002,252.45120000000003,262.97
10899,2026-06-17,Office Supplies,Consumer,South,6.0,708.29,0.2,29.82,0.042101399144418246,141.658,118.04833333333333
10900,2026-06-18,Furniture,Home Office,East,6.0,1155.55,0.07,70.56,0.0610618320280386,80.88850000000001,192.59166666666667
10901,2026-06-19,Technology,Corporate,South,1.0,232.7,0.34,62.33,0.26785560807907177,79.118,232.7
10902,2026-06-20,Furniture,Corporate,East,7.0,334.81,0.36,46.37,0.13849646067919116,120.5316,47.83
10903,2026-06-21,Office Supplies,Consumer,East,8.0,1429.59,0.29,-13.95,-0.009758042515686316,414.58109999999994,178.69875
10904,2026-06-22,Furniture,Consumer,East,2.0,304.46,0.1,26.3,0.0863824476121658,30.445999999999998,152.23
10905,2026-06-23,Technology,Corporate,West,8.0,873.2,0.25,-105.02,-0.12027027027027026,218.3,109.15
10906,2026-06-24,Furniture,Home Office,South,9.0,890.01,0.16,256.02,0.28765968921697505,142.4016,98.89
10907,2026-06-25,Office Supplies,Consumer,South,6.0,759.96,0.21,9.14,0.012026948786778251,159.5916,126.66000000000001
10908,2026-06-26,Technology,Consumer,East,5.0,984.88,0.32,64.06,0.06504345707091219,315.1616,196.976
10909,2026-06-27,Office Supplies,Consumer,East,9.0,383.25,0.37,3.79,0.009889106327462491,141.8025,42.583333333333336
10910,2026-06-28,Technology,Corporate,West,9.0,851.36,0.12,133.77,0.15712507047547455,102.1632,94.59555555555556
10911,2026-06-29,Technology,Corporate,West,1.0,589.65,0.2,87.27,0.14800305265835664,117.93,589.65
10912,2026-06-30,Furniture,Corporate,West,3.0,1009.42,0.13,173.51,0.17189078876978858,131.2246,336.4733333333333
10913,2026-07-01,Furniture,Corporate,South,9.0,254.77,0.1,-7.47,-0.029320563645641163,25.477000000000004,28.30777777777778
10914,2026-07-02,Office Supplies,Home Office,South,13.0,2229.615,0.39,-6.98,-0.0031305853252691614,869.54985,171.50884615384615
10915,2026-07-03,Furniture,Home Office,South,4.0,318.64,0.45,-29.84,-0.09364800401707256,143.388,79.66
10916,2026-07-04,Furniture,Corporate,East,4.0,454.03,0.19,65.83,0.14499041913529945,86.2657,113.5075
10917,2026-07-05,Technology,Home Office,South,2.0,367.13,0.38,-48.49,-0.132078555280146,139.5094,183.565
10918,2026-07-06,Furniture,Consumer,Central,3.0,315.11,0.45,37.48,0.1189425914759925,141.79950000000002,105.03666666666668
10919,2026-07-07,Technology,Consumer,Central,3.0,1247.28,0.42,301.05,0.2413652106984799,523.8575999999999,415.76
10920,2026-07-08,Technology,Consumer,West,1.0,464.28,0.09,116.48,0.25088308779184976,41.785199999999996,464.28
10921,2026-07-09,Technology,Corporate,South,6.0,1394.33,0.48,72.6,0.05206801833138496,669.2783999999999,232.38833333333332
10922,2026-07-10,Office Supplies,Consumer,Central,8.0,1456.39,0.19,82.56,0.056688112387478624,276.71410000000003,182.04875
10923,2026-07-11,Office Supplies,Home Office,West,3.0,878.33,0.17,-101.33,-0.11536666173306159,149.3161,292.7766666666667
10924,2026-07-12,Office Supplies,Corporate,South,5.0,257.35,0.03,39.08,0.15185544977656887,7.7205,51.470000000000006
10925,2026-07-13,Technology,Home Office,East,1.0,593.09,0.24,130.22,0.21956195518386754,142.3416,593.09
10926,2026-07-14,Office Supplies,Consumer,Central,7.0,1206.71,0.05,-48.15,-0.039901881976614095,60.3355,172.38714285714286
10927,2026-07-15,Office Supplies,Consumer,East,1.0,582.72,0.12,23.07,0.039590197693574955,69.9264,582.72
10928,2026-07-16,Furniture,Consumer,South,9.0,176.17,0.16,40.07,0.22745075779077029,28.187199999999997,19.574444444444442
10929,2026-07-17,Office Supplies,Corporate,Central,8.0,857.34,0.4,209.79,0.24469871929456224,342.93600000000004,107.1675
10930,2026-07-18,Office Supplies,Home Office,South,7.0,1275.43,0.44,-51.74,-0.04056671083477729,561.1892,182.20428571428573
10931,2026-07-19,Technology,Corporate,East,7.0,1204.09,0.15,117.71,0.09775847320383028,180.6135,172.01285714285714
10932,2026-07-20,Technology,Corporate,Central,5.0,303.93,0.43,-19.26,-0.06336985490079954,130.6899,60.786
10933,2026-07-21,Technology,Consumer,East,5.0,1025.51,0.43,-106.81,-0.10415305555284687,440.9693,205.102
10934,2026-07-22,Technology,Corporate,South,5.0,369.73,0.38,96.13,0.2600005409352771,140.4974,73.946
10935,2026-07-23,Technology,Corporate,South,1.0,366.4,0.07,80.33,0.21924126637554586,25.648,366.4
10936,2026-07-24,Technology,Consumer,East,8.0,1317.4,0.35,252.96,0.19201457416122666,461.09,164.675
10937,2026-07-25,Office Supplies,Corporate,Central,1.0,412.02,0.47,-52.76,-0.12805203630891704,193.64939999999999,412.02
10938,2026-07-26,Technology,Consumer,East,4.0,431.71,0.34,99.15,0.22966806420977048,146.7814,107.9275
10939,2026-07-27,Technology,Consumer,South,9.0,50.95,0.17,2.4,0.04710500490677134,8.661500000000002,5.661111111111111
10940,2026-07-28,Furniture,Consumer,East,9.0,1312.47,0.25,5.35,0.004076283648388153,328.1175,145.83
10941,2026-07-29,Office Supplies,Consumer,South,5.0,1199.26,0.32,115.03,0.0959174824475093,383.7632,239.852
10942,2026-07-30,Office Supplies,Corporate,East,4.0,959.63,0.26,-104.5,-0.10889613705282244,249.5038,239.9075
10943,2026-07-31,Office Supplies,Consumer,Central,3.0,775.7,0.06,216.76,0.279437927033647,46.542,258.56666666666666
10944,2026-08-01,Technology,Consumer,Central,3.0,270.47,0.16,30.32,0.11210115724479608,43.275200000000005,90.15666666666668
10945,2026-08-02,Technology,Corporate,East,5.0,714.57,0.4,-47.19,-0.06603971619295519,285.82800000000003,142.91400000000002
10946,2026-08-03,Technology,Corporate,East,1.0,559.27,0.43,-36.52,-0.0652994081570619,240.4861,559.27
10947,2026-08-04,Furniture,Home Office,Central,5.0,185.98,0.07,-12.48,-0.06710398967630929,13.018600000000001,37.196
10948,2026-08-05,Technology,Corporate,South,6.0,754.89,0.48,-93.87,-0.12434924293605691,362.3472,125.815
10949,2026-08-06,Furniture,Corporate,Central,7.0,1385.07,0.16,158.6,0.11450684802934148,221.6112,197.86714285714285
10950,2026-08-07,Office Supplies,Home Office,South,9.0,108.09,0.33,24.66,0.22814321398834303,35.669700000000006,12.01
10951,2026-08-08,Technology,Corporate,East,3.0,472.62,0.38,-67.17,-0.1421226355211375,179.5956,157.54
10952,2026-08-09,Furniture,Corporate,East,2.0,350.93,0.41,-44.9,-0.12794574416550308,143.88129999999998,175.465
10953,2026-08-10,Furniture,Corporate,South,3.0,395.31,0.47,42.59,0.10773823075560952,185.79569999999998,131.77
10954,2026-08-11,Technology,Corporate,East,9.0,1367.23,0.16,299.11,0.21877079935343724,218.7568,151.91444444444446
10955,2026-08-12,Office Supplies,Home Office,South,7.0,728.7,0.43,-2.16,-0.0029641827912721287,313.341,104.10000000000001
10956,2026-08-13,Office Supplies,Corporate,West,9.0,726.13,0.07,5.32,0.0073265117816368975,50.829100000000004,80.68111111111111
10957,2026-08-14,Office Supplies,Corporate,Central,2.0,1152.83,0.35,136.44,0.11835222886288525,403.49049999999994,576.415
10958,2026-08-15,Furniture,Home Office,West,5.0,274.01,0.37,-7.29,-0.026604868435458562,101.38369999999999,54.802
10959,2026-08-16,Furniture,Consumer,South,4.0,756.53,0.34,-104.42,-0.13802492961283758,257.22020000000003,189.1325
10960,2026-08-17,Furniture,Home Office,Central,2.0,673.48,0.13,121.8,0.18085169567025003,87.5524,336.74
10961,2026-08-18,Furniture,Consumer,South,9.0,915.52,0.44,30.005000000000003,0.0327737242222999,402.8288,101.72444444444444
10962,2026-08-19,Office Supplies,Home Office,Central,9.0,1499.36,0.08,166.94,0.11134083875787003,119.94879999999999,166.59555555555553
10963,2026-08-20,Technology,Home Office,Central,6.0,1165.7,0.03,214.21,0.18376083040233337,34.971,194.28333333333333
10964,2026-08-21,Furniture,Corporate,Central,6.0,626.91,0.36,96.45,0.15384983490453177,225.68759999999997,104.485
10965,2026-08-22,Furniture,Consumer,Central,8.0,1249.95,0.24,-71.69,-0.057354294171766865,299.988,156.24375
10966,2026-08-23,Office Supplies,Corporate,South,6.0,297.53,0.42,2.56,0.008604174368971197,124.96259999999998,49.58833333333333
10967,2026-08-24,Technology,Consumer,Central,1.0,94.17,0.19,-8.78,-0.09323563767654242,17.8923,94.17
10968,2026-08-25,Technology,Home Office,Central,4.0,346.45,0.08,-31.72,-0.09155722326454034,27.716,86.6125
10969,2026-08-26,Office Supplies,Home Office,West,7.0,543.6,0.42,83.87,0.15428623988226636,228.312,77.65714285714286
10970,2026-08-27,Office Supplies,Consumer,East,2.0,790.34,0.27,186.81,0.23636662702128197,213.39180000000002,395.17
10971,2026-08-28,Technology,Corporate,East,9.0,941.94,0.09,266.79,0.28323460092999553,84.7746,104.66000000000001
10972,2026-08-29,Furniture,Corporate,West,8.0,1370.38,0.36,181.93,0.13275879683007633,493.33680000000004,171.2975
10973,2026-08-30,Technology,Corporate,West,8.0,789.29,0.26,-53.0,-0.06714895665724892,205.2154,98.66125
10974,2026-08-31,Office Supplies,Corporate,South,7.0,776.85,0.3,-79.59,-0.10245221085151573,233.055,110.97857142857143
10975,2026-09-01,Furniture,Home Office,South,4.0,122.85,0.23,26.51,0.21579161579161582,28.2555,30.7125
10976,2026-09-02,Furniture,Home Office,South,2.0,100.62,0.41,11.11,0.11041542436891273,41.2542,50.31
10977,2026-09-03,Office Supplies,Home Office,West,3.0,849.18,0.41,108.89,0.12822958618902944,348.1638,283.06
10978,2026-09-04,Office Supplies,Home Office,West,6.0,685.36,0.35,138.21,0.20166044122796778,239.87599999999998,114.22666666666667
10979,2026-09-05,Office Supplies,Home Office,Central,5.0,1266.81,0.05,210.89,0.16647326749867777,63.3405,253.362
10980,2026-09-06,Technology,Corporate,South,8.0,282.99,0.42,63.82,0.2255203364076469,118.8558,35.37375
10981,2026-09-07,Technology,Corporate,South,6.0,86.21,0.34,-10.75,-0.12469551096160539,29.3114,14.368333333333332
10982,2026-09-08,Furniture,Corporate,South,6.0,701.11,0.35,130.68,0.18639015275776982,245.3885,116.85166666666667
10983,2026-09-09,Office Supplies,Corporate,East,1.0,394.34,0.18,91.84,0.232895470913425,70.98119999999999,394.34
10984,2026-09-10,Furniture,Home Office,Central,4.0,121.94,0.44,-2.59,-0.02123995407577497,53.6536,30.485
10985,2026-09-11,Furniture,Home Office,South,5.0,1100.67,0.36,152.11,0.1381976432536546,396.2412,220.13400000000001
10986,2026-09-12,Furniture,Home Office,South,3.0,211.81,0.06,-1.83,-0.008639818705443558,12.708599999999999,70.60333333333334
10987,2026-09-13,Furniture,Consumer,South,9.0,932.06,0.2,261.99,0.2810870544814712,186.412,103.56222222222222
10988,2026-09-14,Office Supplies,Corporate,East,1.0,457.52,0.44,-61.75,-0.13496677740863788,201.3088,457.52
10989,2026-09-15,Furniture,Corporate,East,6.0,301.57,0.02,33.45,0.11091952117253044,6.0314,50.26166666666666
10990,2026-09-16,Office Supplies,Home Office,West,6.0,600.64,0.48,-45.09,-0.07506992541289292,288.30719999999997,100.10666666666667
10991,2026-09-17,Office Supplies,Corporate,Central,5.0,1212.1,0.34,206.66,0.17049748370596488,412.114,242.42
10992,2026-09-18,Technology,Corporate,West,5.0,618.54,0.32,-43.82,-0.0708442461279788,197.9328,123.708
10993,2026-09-19,Office Supplies,Home Office,Central,5.0,1138.62,0.14,-50.19,-0.044079675396532646,159.4068,227.724
10994,2026-09-20,Technology,Consumer,East,6.0,231.96,0.12,16.81,0.07246939127435764,27.8352,38.660000000000004
10995,2026-09-21,Office Supplies,Consumer,South,8.0,1170.52,0.47,306.3,0.26167857020811264,550.1443999999999,146.315
10996,2026-09-22,Office Supplies,Consumer,West,2.0,393.55,0.15,-21.54,-0.05473256257146487,59.0325,196.775
10997,2026-09-23,Office Supplies,Home Office,South,6.0,1032.22,0.39,-87.83,-0.08508845013659878,402.5658,172.03666666666666
10998,2026-09-24,Technology,Corporate,West,1.0,870.38,0.2,166.71,0.19153702980307452,174.07600000000002,870.38
10999,2026-09-25,Technology,Home Office,East,4.0,1397.26,0.07,105.18,0.07527589711292101,97.80820000000001,349.315
11000,2026-09-26,Furniture,Home Office,East,3.0,611.62,0.01,159.21,0.26030868840129495,6.1162,203.87333333333333
