Customer_ID,Age,Annual_Income,Spending_Score,Total_Purchases,Average_Order_Value,Total_Spending,Purchase_Frequency,Website_Visits,App_Visits,Email_Opens,Discount_Usage,Returns_Count,Customer_Satisfaction,Days_Since_Last_Purchase,Loyalty_Points,Product_Categories,Online_Purchases,Offline_Purchases,Mobile_Purchases,Coupon_Usage,Support_Calls,Referral_Count,Social_Media_Interactions,Cluster
CUST00001,56,123186.0,85.0,49,620.49,30201.98,18.67,66,109,68,30,2,3.94,73,8644,1,20,5,49,14,18,1,144,1
CUST00002,69,52674.0,2.0,46,455.75,8318.35,20.22,31,107,13,16,11,2.95,328,42378,12,4,5,70,3,5,12,122,1
CUST00003,46,64271.0,91.0,62,1120.85,11843.88,21.2,115,145,66,8,8,4.25,167,8142,14,34,51,79,5,14,6,158,0
CUST00004,32,91688.0,73.0,8,996.46,1380.65,10.18,26,113,22,44,14,4.82,168,31644,8,67,14,30,15,6,5,137,1
CUST00005,60,129076.0,65.0,43,842.71,41780.37,1.76,29,98,93,32,10,4.7,54,33521,7,47,67,50,25,11,6,69,1
CUST00006,25,19062.0,75.0,20,862.91,48739.59,10.35,78,141,60,33,4,4.64,259,11564,14,79,56,26,36,15,10,102,1
CUST00007,38,68448.0,67.0,97,564.83,6945.88,17.01,25,142,22,44,8,3.05,111,39619,8,61,55,59,22,8,3,101,1
CUST00008,56,113462.0,52.0,90,1106.77,11727.47,11.53,48,139,26,23,8,2.44,232,5104,13,34,6,32,12,19,13,164,0
CUST00009,36,65915.0,62.0,39,839.62,43446.79,18.85,65,28,53,8,5,2.86,161,27299,4,69,50,52,16,4,13,63,0
CUST00010,40,22632.0,23.0,85,880.2,46337.9,9.25,67,42,9,6,10,3.76,352,47958,6,20,57,71,26,10,4,157,1
CUST00011,28,122592.0,26.0,49,1036.8,21097.44,16.05,90,99,88,15,0,4.54,327,13421,13,79,63,32,21,1,5,161,0
CUST00012,28,127779.0,68.0,64,343.4,2721.0,5.07,146,61,76,18,9,1.83,19,23211,3,38,25,40,36,15,8,17,0
CUST00013,41,126099.0,82.0,62,972.34,2161.71,18.86,137,123,15,38,6,4.67,290,11202,11,33,57,18,18,3,1,62,0
CUST00014,53,25561.0,55.0,54,250.38,28782.7,13.87,38,64,40,5,13,4.26,50,43871,13,14,30,40,38,4,10,48,1
CUST00015,57,100152.0,6.0,9,427.5,19766.18,5.5,87,31,97,49,5,4.92,175,42185,8,5,65,41,34,6,8,55,1
CUST00016,41,143036.0,35.0,88,416.02,1626.89,7.65,149,81,54,10,8,4.52,302,41127,4,65,12,22,12,5,9,90,0
CUST00017,20,142049.0,22.0,37,1174.66,29245.97,18.84,65,10,60,11,6,2.12,184,3685,3,55,17,74,13,9,0,57,0
CUST00018,39,44734.0,43.0,49,1030.71,762.87,12.32,149,8,85,41,13,1.42,185,24661,4,48,74,32,30,13,3,154,0
CUST00019,19,44069.0,15.0,41,847.38,39411.12,5.79,27,149,80,12,11,1.45,339,42637,6,0,12,19,1,7,11,54,1
CUST00020,41,30910.0,86.0,17,877.93,15460.35,24.2,106,59,86,11,10,2.16,307,18366,11,64,23,24,38,13,4,84,0
CUST00021,61,91479.0,60.0,88,683.25,2204.85,18.02,123,30,99,20,11,3.46,310,37712,7,27,56,51,36,13,8,18,0
CUST00022,47,99264.0,12.0,21,1137.57,29499.94,23.95,44,145,48,9,12,4.22,346,24276,7,19,28,11,13,19,14,150,0
CUST00023,55,41275.0,49.0,51,605.59,20004.68,10.96,100,20,72,19,3,4.6,81,15410,14,47,55,31,8,2,5,102,0
CUST00024,19,90274.0,42.0,59,469.01,48695.26,12.14,28,48,51,49,6,3.5,156,48239,12,71,53,32,9,0,3,111,1
CUST00025,38,118776.0,38.0,39,212.38,27301.09,22.5,17,130,1,35,1,1.02,275,9678,4,64,4,73,6,8,1,107,1
CUST00026,50,66447.0,82.0,55,947.72,13906.91,13.36,127,37,95,27,5,1.75,283,24575,8,50,34,67,27,8,4,46,0
CUST00027,29,144394.0,45.0,41,886.64,35530.06,17.83,123,129,49,23,14,1.4,249,41401,7,42,18,14,24,1,7,106,0
CUST00028,39,93703.0,35.0,39,473.54,13720.3,6.68,131,132,85,4,5,2.45,147,41230,2,48,54,50,27,15,7,193,0
CUST00029,61,94090.0,30.0,13,49.73,45231.32,11.44,76,100,42,36,1,3.01,7,13888,13,24,76,5,1,7,5,178,1
CUST00030,42,35260.0,88.0,64,1010.02,18861.15,3.52,46,54,76,11,13,1.17,157,16727,8,73,68,68,16,5,10,83,0
CUST00031,66,130581.0,30.0,11,33.47,27583.45,5.55,69,122,7,34,3,2.39,171,48971,9,75,43,68,3,12,0,155,1
CUST00032,44,21812.0,78.0,19,850.37,2718.54,0.52,137,25,58,39,7,1.72,69,3081,5,40,77,34,12,0,14,127,0
CUST00033,59,134148.0,6.0,11,1164.9,21420.84,1.46,85,131,64,1,7,3.59,94,23021,4,70,37,33,17,18,7,184,0
CUST00034,45,85688.5,67.0,77,536.44,41651.7,24.44,11,9,80,49,12,2.86,363,9449,4,63,61,62,2,14,3,57,0
CUST00035,33,19605.0,80.0,46,297.27,40321.31,6.44,69,34,11,40,7,2.98,186,15657,13,60,21,67,36,0,14,142,1
CUST00036,32,90303.0,7.0,45,851.75,11371.06,16.75,99,43,3,44,7,2.71,170,35059,4,11,72,17,32,9,13,143,0
CUST00037,64,94125.0,52.0,1,984.21,11458.74,21.06,91,74,76,38,0,4.82,204,1532,6,68,39,25,23,0,1,96,0
CUST00038,68,142040.0,14.0,40,664.79,40901.8,13.99,94,94,94,41,1,1.86,42,37130,11,13,25,60,7,11,0,46,1
CUST00039,61,22324.0,73.0,19,1161.1,46533.84,4.25,115,22,40,8,11,3.07,13,16015,4,33,4,77,34,10,6,190,1
CUST00040,69,94323.0,15.0,76,80.97,4948.97,18.34,31,70,6,21,14,3.94,154,37756,7,47,53,73,1,16,1,139,1
CUST00041,20,27111.0,21.0,72,615.66,22612.92,15.21,11,130,86,46,3,3.23,274,6344,7,60,48,47,32,3,12,102,0
CUST00042,54,34389.0,35.0,72,867.78,17005.22,18.42,87,94,87,4,11,4.72,298,41198,5,34,2,71,11,6,3,170,1
CUST00043,68,140177.0,66.0,61,1037.92,43560.29,19.36,121,32,68,11,8,2.51,51,48461,13,64,37,30,21,11,3,83,0
CUST00044,24,59427.0,91.0,12,231.52,4359.54,24.4,130,106,68,0,2,2.85,212,9106,5,58,13,33,12,12,12,156,0
CUST00045,38,140883.0,2.0,61,964.0,10714.07,14.55,105,144,80,43,13,1.35,144,34206,10,35,46,6,9,4,9,48,0
CUST00046,26,149189.0,35.0,33,672.19,37672.92,8.87,27,1,29,21,5,3.44,357,47587,8,78,13,6,16,5,14,130,1
CUST00047,56,143808.0,82.0,45,487.93,2754.43,16.39,2,72,72,37,6,2.15,3,9652,7,18,74,46,4,1,0,111,0
CUST00048,35,130221.0,78.0,90,175.42,24728.26,2.18,103,50,5,18,7,1.64,254,24550,14,41,72,7,8,6,1,196,0
CUST00049,21,31234.0,20.0,92,1041.05,22216.93,22.49,101,141,88,15,12,3.18,335,6389,7,68,37,77,12,13,0,59,0
CUST00050,42,71441.0,82.0,69,205.58,16853.18,3.42,21,15,18,30,6,3.13,256,22361,6,18,63,0,22,13,5,65,1
CUST00051,31,18846.0,10.0,8,385.55,19849.7,8.53,58,53,79,2,2,1.3,98,35847,7,38,43,76,29,9,12,86,1
CUST00052,67,28954.0,25.0,25,362.25,26591.04,20.49,133,8,84,22,5,3.79,173,39063,7,68,69,2,3,3,2,125,1
CUST00053,26,97239.0,66.0,91,1048.27,8236.09,15.13,85,74,65,41,4,3.5,150,13703,10,51,64,52,20,2,0,25,0
CUST00054,43,64514.0,25.0,46,813.79,28685.39,10.14,93,46,9,17,14,1.76,279,18642,14,11,24,37,8,13,11,70,0
CUST00055,19,106236.0,54.0,87,960.08,40310.53,12.1,20,69,15,25,12,2.88,59,41326,2,46,15,50,6,5,7,73,1
CUST00056,37,115579.0,33.0,30,315.55,38056.01,21.44,61,114,36,12,11,3.88,113,36509,14,75,14,14,15,14,13,196,1
CUST00057,45,60101.0,36.0,47,757.35,7864.22,8.83,38,147,78,17,9,3.12,324,13881,10,35,2,66,22,7,11,46,0
CUST00058,64,82323.0,95.0,87,694.66,7632.62,21.81,148,123,76,2,3,2.58,243,49237,2,62,66,63,22,4,13,75,0
CUST00059,24,109922.0,14.0,49,1002.74,13555.08,2.66,25,139,76,22,0,2.29,310,15414,14,75,36,67,30,2,3,95,0
CUST00060,61,145534.0,65.0,47,1089.18,18181.52,19.53,130,117,31,2,13,3.44,57,14329,10,50,54,4,4,2,9,169,0
CUST00061,25,85584.0,80.0,84,34.34,20541.09,21.26,121,43,46,24,12,4.76,60,49150,7,42,37,9,5,12,6,30,1
CUST00062,64,122537.0,54.0,82,815.34,34048.92,4.95,26,20,71,26,6,3.69,329,22831,14,33,62,7,0,1,9,21,0
CUST00063,52,96477.0,52.0,18,81.17,3022.69,11.04,67,148,42,43,7,1.3,216,41091,10,48,0,11,27,0,1,16,1
CUST00064,31,60533.0,3.0,66,667.65,1926.7,4.55,1,21,81,26,1,2.84,233,7588,7,17,70,63,17,11,14,147,0
CUST00065,34,19828.0,99.0,68,359.41,19717.15,17.81,51,82,35,38,6,4.56,55,903,7,60,18,58,23,7,5,135,1
CUST00066,53,19917.0,41.0,94,382.0,34918.75,13.62,5,57,25,24,5,1.38,208,44416,5,56,51,66,12,18,5,97,1
CUST00067,67,38618.0,6.0,33,436.49,9833.08,16.07,13,74,9,23,4,4.96,63,42723,1,4,29,49,32,8,6,48,1
CUST00068,57,50254.0,25.0,36,753.13,32146.92,5.31,147,98,30,7,12,4.8,184,35572,14,23,54,22,9,13,11,86,1
CUST00069,21,123292.0,13.0,82,414.18,13139.44,5.69,140,110,96,8,3,1.31,311,17610,2,63,13,39,6,17,0,37,0
CUST00070,19,65362.0,98.0,19,884.58,44327.09,1.52,48,115,28,45,1,4.73,281,34052,13,58,12,77,36,9,13,52,1
CUST00071,23,38128.0,8.0,28,497.34,44805.36,8.39,57,42,4,36,9,2.45,26,33457,9,37,26,76,31,8,11,27,1
CUST00072,59,141781.0,21.0,40,100.66,15004.9,14.21,115,68,76,29,5,4.38,177,21527,8,32,8,75,21,5,0,76,1
CUST00073,21,83545.0,98.0,84,944.84,11653.69,21.52,35,70,0,18,4,2.67,63,37550,8,9,40,17,15,0,14,156,0
CUST00074,46,85688.5,68.0,97,357.19,20682.94,16.84,76,78,86,15,1,2.76,73,29011,10,36,47,20,23,4,1,199,0
CUST00075,35,105958.0,25.0,76,530.66,12178.47,11.17,94,90,2,23,9,3.54,335,37275,1,10,11,0,13,9,13,138,1
CUST00076,43,57809.0,79.0,15,828.82,33684.72,23.85,5,111,66,43,6,4.1,167,34764,6,23,9,37,10,12,10,174,1
CUST00077,61,134748.0,68.0,41,412.3,41338.02,18.12,22,112,70,20,5,1.14,225,32004,9,70,5,40,18,3,1,172,1
CUST00078,51,23287.0,45.0,39,86.77,33719.99,23.29,103,103,99,35,11,3.37,65,24064,8,20,33,41,22,0,4,17,1
CUST00079,27,26512.0,60.0,2,461.23,41252.65,13.43,131,145,34,39,14,1.75,69,49581,3,19,51,8,33,1,0,49,1
CUST00080,53,126872.0,12.0,63,1134.45,19970.21,6.84,124,19,14,38,14,2.38,9,28702,4,9,40,22,39,3,10,88,0
CUST00081,31,111070.0,32.0,29,777.25,7984.59,1.79,53,70,66,46,10,2.39,236,20165,3,46,5,77,12,16,1,176,1
CUST00082,48,97767.0,96.0,74,812.35,36949.96,18.29,69,63,92,5,8,2.88,198,8631,6,46,1,10,38,9,5,149,0
CUST00083,65,115829.0,92.0,66,766.09,18151.63,3.47,104,75,29,4,10,2.34,173,21852,14,14,14,70,27,11,2,44,0
CUST00084,32,60078.0,13.0,51,254.81,33629.29,7.92,16,104,81,13,9,1.43,282,4507,9,43,16,30,39,1,3,188,0
CUST00085,25,124288.0,31.0,75,513.63,13678.07,13.55,116,75,74,44,4,1.58,28,527,8,61,15,25,15,2,0,126,0
CUST00086,31,101524.0,78.0,77,906.11,4245.24,14.33,76,128,42,41,8,1.13,296,28981,13,5,27,29,27,13,4,92,0
CUST00087,40,30219.0,20.0,10,139.62,49630.57,15.21,109,56,59,49,8,2.88,134,35764,10,65,71,33,3,14,3,20,1
CUST00088,57,18235.0,18.0,14,347.87,7978.84,4.57,39,22,39,3,12,4.82,27,36235,4,75,9,45,27,12,7,198,1
CUST00089,38,60929.0,93.0,82,346.06,49423.37,9.8,89,89,64,7,0,1.46,38,47540,2,3,9,68,11,8,2,188,1
CUST00090,33,145309.0,60.0,51,529.78,48868.54,15.62,112,19,28,23,4,4.79,196,33471,13,22,9,4,15,1,9,75,1
CUST00091,62,85444.0,63.0,73,1176.84,39732.14,24.26,47,26,73,10,8,3.93,203,662,8,12,72,60,35,18,0,163,0
CUST00092,35,119834.0,6.0,39,99.65,33039.26,18.33,137,23,91,16,6,3.55,85,24940,8,30,27,37,19,15,13,151,1
CUST00093,64,102555.0,32.0,28,632.07,28974.79,23.1,128,47,94,49,5,3.58,320,41882,14,15,23,27,25,10,12,159,1
CUST00094,41,91698.0,93.0,3,231.65,43331.86,19.17,77,13,18,20,5,4.31,30,6256,12,40,18,25,25,11,9,90,1
CUST00095,43,142450.0,43.0,84,1165.4,14614.09,15.0,15,66,2,25,10,1.43,99,28432,11,0,67,60,21,0,4,186,0
CUST00096,42,61925.0,2.0,70,153.7,23490.52,5.2,36,144,35,42,6,3.02,190,8367,6,11,55,22,8,1,13,95,1
CUST00097,62,105388.0,60.0,27,496.25,31045.62,16.83,63,73,42,47,0,3.79,12,46228,14,55,66,45,4,15,14,95,1
CUST00098,58,26007.0,23.0,2,890.7,20677.29,15.77,69,77,14,43,3,3.35,91,38065,8,49,41,29,16,1,0,74,1
CUST00099,46,76596.0,83.0,93,851.37,21488.83,15.26,74,31,96,44,12,4.33,30,25511,9,19,11,66,33,18,10,109,1
CUST00100,32,139101.0,31.0,38,518.82,16648.18,12.5,24,85,40,26,14,1.29,213,8573,13,65,17,32,1,9,4,81,0
CUST00101,62,106861.0,5.0,3,428.9,28298.74,13.45,49,59,89,15,0,3.76,38,15582,1,35,22,2,6,18,8,127,1
CUST00102,18,104740.0,48.0,16,489.18,42558.61,8.69,146,41,79,25,5,3.14,341,5378,9,78,5,68,35,9,4,102,0
CUST00103,42,33524.0,34.0,94,331.85,10236.11,13.22,7,112,35,32,13,2.52,60,13500,2,37,52,41,12,15,1,132,1
CUST00104,24,149149.0,10.0,40,262.29,46734.77,5.34,4,96,96,30,12,2.36,294,305,14,21,41,61,19,12,12,143,1
CUST00105,26,143501.0,89.0,2,589.99,34516.57,20.23,90,122,83,47,3,3.48,360,21881,13,60,65,57,29,15,14,138,0
CUST00106,41,38611.0,2.0,81,336.87,41199.01,5.05,60,105,76,46,0,4.56,143,4697,1,49,29,56,29,17,1,34,1
CUST00107,18,32060.0,11.0,41,359.2,27898.3,2.58,55,74,32,5,8,2.98,180,7222,8,58,8,0,10,7,9,111,1
CUST00108,61,61303.0,50.0,12,794.97,39019.93,11.19,16,132,4,43,11,4.3,285,7933,8,19,41,72,30,17,8,169,1
CUST00109,25,57711.0,31.0,35,1162.87,1006.78,16.63,29,99,77,7,3,2.61,112,17849,11,35,33,59,2,12,11,86,0
CUST00110,41,91340.0,56.0,65,732.29,40955.35,11.22,14,126,90,6,11,1.41,230,24236,4,14,39,68,1,6,13,118,0
CUST00111,28,120974.0,79.0,55,110.84,2198.92,7.28,79,138,86,33,5,1.25,21,44231,8,61,16,58,2,17,4,97,1
CUST00112,68,85728.0,73.0,45,109.19,44517.69,14.18,33,75,13,43,12,1.21,145,33170,7,2,28,45,14,5,10,80,1
CUST00113,34,29246.0,87.0,79,1142.68,49599.74,9.0,21,14,67,13,6,2.52,146,12901,13,4,49,33,16,8,7,137,0
CUST00114,25,145796.0,83.0,90,370.8,14844.56,23.36,145,38,82,15,7,2.35,316,6940,2,55,75,24,6,5,9,81,0
CUST00115,52,110263.0,9.0,85,128.64,10673.86,23.1,23,140,46,42,11,3.87,166,48790,5,30,48,41,4,17,3,135,1
CUST00116,52,29302.0,99.0,62,726.87,38315.1,12.81,57,45,53,8,12,3.97,140,19054,14,34,72,28,33,16,1,25,0
CUST00117,50,85506.0,21.0,49,755.91,12800.71,8.53,142,145,3,9,10,1.2,203,40863,10,70,60,24,32,11,3,2,0
CUST00118,22,59157.0,73.0,95,785.24,43305.01,18.56,93,75,93,16,8,1.88,244,43610,4,69,45,53,15,2,11,58,0
CUST00119,59,85688.5,28.0,25,335.53,5321.56,1.4,20,29,82,11,8,2.1,113,4544,3,25,45,72,36,4,10,115,0
CUST00120,56,114646.0,62.0,23,37.83,6472.57,12.13,19,18,94,5,7,3.19,201,25318,1,0,16,66,2,6,3,130,1
CUST00121,58,101122.0,7.0,24,1158.72,48961.75,8.74,103,20,94,18,9,1.58,314,6074,5,6,65,14,20,9,10,165,0
CUST00122,45,42519.0,80.0,38,316.05,33757.18,23.05,77,14,8,42,10,1.54,259,39618,10,35,4,3,7,9,8,129,1
CUST00123,24,98910.0,16.0,28,817.71,42374.98,0.79,33,54,52,40,14,4.78,255,33518,8,75,53,37,21,18,9,144,1
CUST00124,26,138430.0,97.0,21,853.82,16351.6,14.04,18,31,76,28,11,4.22,23,25444,12,24,15,19,4,3,10,35,1
CUST00125,25,89324.0,4.0,54,739.81,33888.89,18.65,73,58,77,5,11,1.72,246,20446,9,58,6,22,16,9,5,85,0
CUST00126,29,23408.0,4.0,18,389.23,29793.24,12.38,17,104,59,24,14,2.63,339,28543,7,60,7,36,36,17,14,97,1
CUST00127,51,77379.0,40.0,36,339.89,30236.88,2.59,19,128,45,23,13,2.42,311,24789,12,28,71,61,13,2,9,123,1
CUST00128,50,43053.0,17.0,99,725.25,34190.12,24.33,70,25,53,24,2,4.16,318,1617,11,17,37,7,38,2,14,72,0
CUST00129,65,149994.0,52.0,45,1041.99,28852.89,13.19,120,19,73,15,11,3.04,87,35298,1,40,53,36,27,4,5,109,0
CUST00130,40,116723.0,93.0,73,1137.15,21567.31,15.55,101,136,94,15,1,1.51,219,3333,1,18,75,44,30,15,4,121,0
CUST00131,41,69356.0,52.0,53,144.97,13940.95,6.3,34,3,36,5,4,3.96,356,40002,1,3,14,32,16,19,5,129,1
CUST00132,54,28789.0,36.0,30,202.7,38475.35,12.35,84,86,22,36,0,2.59,27,22152,2,64,49,6,34,12,0,161,1
CUST00133,52,115720.0,38.0,60,1134.79,11468.37,11.01,74,145,26,20,2,2.05,290,24091,1,40,55,21,39,10,12,26,0
CUST00134,61,84656.0,50.0,98,889.11,34679.24,2.33,88,142,69,3,0,2.5,289,511,4,14,8,4,21,12,4,164,0
CUST00135,57,62028.0,63.0,32,1061.93,11819.97,3.1,85,9,89,33,12,2.99,348,47314,10,53,7,14,28,18,11,198,1
CUST00136,39,82484.0,63.0,67,259.11,31341.44,21.02,11,94,65,27,2,2.37,223,37850,9,63,18,20,9,5,5,149,1
CUST00137,44,50154.0,62.0,67,713.35,37404.5,6.38,91,149,60,37,12,1.97,352,16636,12,71,50,16,17,12,7,67,0
CUST00138,52,20336.0,99.0,28,847.34,11091.95,5.28,144,139,76,40,3,2.59,178,20517,4,14,71,55,34,3,3,13,0
CUST00139,18,121677.0,7.0,44,822.53,3185.18,12.87,127,20,50,27,6,2.99,148,31786,13,78,56,49,15,4,13,97,0
CUST00140,52,85779.0,27.0,79,501.62,6722.49,19.33,113,35,49,16,11,4.09,227,8820,4,49,67,6,6,18,4,22,0
CUST00141,54,37029.0,92.0,41,38.17,30378.65,2.02,80,53,18,13,14,1.68,351,36244,7,21,30,49,29,4,3,171,1
CUST00142,64,77201.0,86.0,63,707.85,42502.43,14.63,7,110,0,6,11,1.18,186,9178,14,17,2,59,18,13,6,192,1
CUST00143,31,50265.0,14.0,23,318.66,2440.84,3.42,16,136,39,21,4,3.61,294,1725,11,79,42,6,22,3,9,114,0
CUST00144,20,120916.0,71.0,75,551.3,36760.73,1.39,16,4,31,0,4,4.1,41,18477,9,1,28,39,7,11,5,111,1
CUST00145,18,64197.0,86.0,48,1149.95,17197.67,1.79,12,102,21,28,12,4.26,191,46533,7,35,9,44,16,5,13,95,1
CUST00146,22,143733.0,5.0,32,490.86,24030.71,20.94,35,47,92,30,0,2.97,79,34469,1,19,11,58,20,18,3,77,1
CUST00147,43,89907.0,55.0,57,1010.97,46457.21,3.39,21,94,65,29,7,1.82,205,8496,1,15,45,74,25,9,5,60,0
CUST00148,31,146876.0,2.0,33,242.48,16732.18,1.61,17,48,39,14,12,3.95,278,12270,4,66,29,54,27,0,12,84,1
CUST00149,56,82435.0,62.0,24,813.5,23373.78,11.23,32,91,37,17,3,3.8,272,10472,4,29,31,63,38,15,3,182,0
CUST00150,44,58631.0,91.0,39,1172.87,881.38,21.18,41,84,47,34,9,1.99,32,20724,1,54,72,64,32,3,11,70,0
CUST00151,26,147038.0,21.0,34,140.23,4263.62,6.93,134,68,54,49,4,4.61,142,30416,6,65,46,53,39,8,7,84,1
CUST00152,32,38103.0,79.0,56,29.82,13077.86,10.83,27,139,74,29,1,1.42,251,35575,10,25,62,39,18,17,10,49,1
CUST00153,32,82772.0,21.0,28,531.63,1587.04,1.48,148,125,80,33,14,4.93,294,15654,2,56,25,52,28,16,14,139,1
CUST00154,43,144108.0,10.0,37,129.3,31642.49,11.5,66,73,54,41,11,4.44,98,11078,11,68,2,43,19,14,14,14,1
CUST00155,59,32382.0,87.0,7,903.09,21434.64,14.65,137,4,50,10,12,3.75,136,28030,5,1,22,62,19,18,2,144,1
CUST00156,30,102291.0,58.0,68,1099.17,27497.63,14.49,92,76,59,26,0,4.75,277,7572,8,55,74,1,9,6,7,33,0
CUST00157,68,119195.0,39.0,37,532.14,8897.43,8.64,61,73,7,23,8,3.89,312,17408,3,61,73,78,11,17,12,34,0
CUST00158,49,38609.0,5.0,56,325.28,14937.42,8.23,3,77,85,34,14,1.76,302,19359,9,33,49,20,32,5,1,38,0
CUST00159,56,93683.0,65.0,65,532.6,33258.46,3.11,103,48,67,38,1,2.77,43,8698,7,55,35,49,24,18,5,182,1
CUST00160,66,142714.0,13.0,65,873.67,48272.08,9.49,55,102,74,7,5,1.29,120,4856,9,54,12,51,24,11,7,186,0
CUST00161,69,148330.0,85.0,47,30.68,2710.76,2.94,1,106,71,17,0,2.56,220,27527,1,19,28,8,3,2,0,132,1
CUST00162,49,89315.0,90.0,20,715.56,44541.14,19.28,101,77,8,12,0,3.97,46,39492,5,49,37,19,3,0,5,29,1
CUST00163,21,95834.0,85.0,19,743.68,28928.68,24.17,45,39,89,44,8,2.55,236,9245,12,24,76,17,8,4,8,131,0
CUST00164,47,144205.0,53.0,29,772.47,28283.19,24.27,26,58,1,23,3,2.32,48,43634,13,24,4,29,14,0,14,142,1
CUST00165,54,32153.0,82.0,74,305.59,25113.87,21.69,121,19,79,22,8,3.38,198,42864,3,52,19,64,25,7,12,102,1
CUST00166,40,94325.0,45.0,60,862.58,3655.83,15.22,142,88,94,11,10,4.49,84,28946,4,13,77,23,14,6,9,162,0
CUST00167,56,73318.0,32.0,18,127.84,4675.87,17.67,46,113,69,48,4,1.19,31,37355,4,59,13,46,25,14,9,73,1
CUST00168,62,149886.0,36.0,92,255.14,30125.42,7.49,122,77,84,29,6,2.54,161,37690,11,42,7,43,27,10,1,54,1
CUST00169,32,133033.0,81.0,35,1055.41,17179.74,15.95,31,77,89,30,0,1.63,71,37814,12,61,47,28,6,17,10,193,0
CUST00170,60,94077.0,99.0,43,891.69,45879.95,11.66,59,28,58,27,5,3.78,8,31645,7,75,12,76,31,13,12,59,1
CUST00171,46,108474.0,60.0,95,36.22,20448.21,12.31,29,66,18,21,7,1.42,52,19278,10,68,23,67,11,8,0,23,1
CUST00172,53,91319.0,11.0,91,313.08,7335.42,19.07,106,10,27,43,13,3.66,45,7203,11,62,78,16,34,4,1,21,0
CUST00173,30,143885.0,63.0,11,273.0,35793.0,7.41,17,126,71,27,0,2.14,293,48171,8,1,64,4,31,3,4,171,1
CUST00174,49,127777.0,21.0,49,339.55,14809.0,8.29,142,58,13,12,8,1.8,300,21658,11,53,33,49,8,11,5,31,0
CUST00175,24,35368.0,52.0,38,312.12,26368.42,23.15,24,142,23,24,2,4.75,38,42596,10,15,50,39,13,0,0,94,1
CUST00176,68,109751.0,55.0,64,93.78,34952.07,1.88,109,125,43,43,0,1.07,355,15797,5,54,2,45,12,12,6,82,1
CUST00177,39,45306.0,26.0,69,561.55,45033.15,12.4,91,112,55,45,0,2.75,231,32806,13,42,77,50,32,0,10,178,1
CUST00178,45,55219.0,68.0,8,884.63,39651.12,22.86,25,84,89,6,12,1.09,262,30958,13,60,57,10,31,2,3,2,0
CUST00179,19,78279.0,34.0,34,735.94,33882.78,15.45,32,143,94,44,13,2.93,68,6265,12,37,71,11,18,7,8,69,0
CUST00180,59,71028.0,52.0,48,813.99,34045.73,13.89,116,96,50,5,10,3.0,179,6598,10,44,54,12,29,17,14,159,0
CUST00181,62,122263.0,82.0,56,115.76,47307.05,6.62,82,33,31,23,5,2.29,357,35183,7,50,79,63,15,15,14,129,1
CUST00182,23,18126.0,99.0,76,1142.76,14932.04,8.91,110,145,49,18,10,1.53,186,17142,3,41,41,7,11,19,14,87,0
CUST00183,45,70329.0,48.0,65,1009.42,255.38,21.38,146,141,40,18,5,2.51,201,49916,3,23,20,64,9,19,5,108,0
CUST00184,45,45632.0,52.0,31,970.01,13743.34,14.2,37,47,65,35,0,3.69,13,26998,3,29,9,8,1,15,8,58,1
CUST00185,61,127945.0,29.0,4,991.12,11050.99,13.11,26,112,24,8,13,2.99,214,25890,12,36,56,1,17,1,0,76,0
CUST00186,61,73176.0,38.0,50,1120.6,33159.36,2.94,137,144,60,47,13,3.12,220,28878,4,52,24,77,12,16,3,13,1
CUST00187,37,52560.0,42.0,69,662.22,31758.84,0.89,64,43,65,35,2,3.36,286,14306,6,62,55,12,28,9,1,50,0
CUST00188,47,94589.0,21.0,30,256.33,29754.38,24.11,72,8,41,37,6,1.8,244,47345,5,10,37,1,23,6,5,138,1
CUST00189,28,40116.0,42.0,88,747.8,1008.92,9.74,148,3,64,39,9,2.15,356,11885,8,77,60,67,37,9,14,77,0
CUST00190,45,142085.0,13.0,59,896.6,36493.15,15.28,106,125,35,28,2,1.65,258,44145,14,22,46,75,11,18,3,79,0
CUST00191,42,135718.0,64.0,67,890.74,16311.81,2.45,86,12,75,23,2,2.0,58,43826,14,79,53,47,28,19,8,9,0
CUST00192,56,37256.0,17.0,75,635.31,33319.79,17.24,53,84,8,47,2,1.9,36,7443,12,49,45,73,21,8,13,79,1
CUST00193,50,118158.0,9.0,45,100.78,27917.61,23.35,92,16,35,4,11,3.08,328,31839,13,54,67,2,35,16,2,123,0
CUST00194,18,137719.0,41.0,4,457.91,17268.0,14.6,99,78,91,41,6,3.25,193,17084,5,54,3,67,0,8,0,185,1
CUST00195,44,86244.0,1.0,26,1106.5,6901.9,3.59,11,59,37,44,3,4.78,333,23911,11,3,65,5,39,8,10,33,0
CUST00196,69,74264.0,2.0,27,709.65,4902.06,14.75,31,63,32,25,3,1.78,50,4383,12,53,42,4,33,4,12,120,0
CUST00197,30,75545.0,60.0,46,655.23,41609.61,19.28,100,49,41,13,2,3.57,32,26777,5,60,61,2,33,6,10,79,0
CUST00198,58,57224.0,48.0,64,337.25,45936.2,10.46,87,51,60,38,9,4.27,98,34361,14,77,3,9,32,10,0,52,1
CUST00199,20,115945.0,29.0,91,454.77,32559.44,22.06,147,33,45,28,10,3.24,43,14758,10,4,64,42,3,7,11,155,0
CUST00200,56,31224.0,97.0,51,1076.51,5351.02,16.39,140,30,85,5,8,2.02,351,29521,2,17,61,18,37,13,8,17,0
CUST00201,23,58738.0,10.0,50,806.43,20220.96,22.53,15,76,88,6,1,2.05,334,20529,12,43,1,13,29,1,8,153,0
CUST00202,25,81731.0,58.0,6,949.12,36501.17,15.78,101,15,60,36,3,1.16,310,23091,11,30,8,20,19,9,4,101,0
CUST00203,44,26070.0,60.0,59,556.13,39035.08,3.72,29,82,17,17,7,2.22,47,39794,11,20,56,42,25,15,14,134,1
CUST00204,26,144161.0,21.0,15,763.69,6087.29,8.09,114,92,69,22,5,3.98,270,31381,5,46,44,27,14,15,1,172,0
CUST00205,54,26666.0,28.0,30,313.09,201.53,5.44,107,23,81,43,13,1.19,311,35380,12,29,17,20,6,18,8,97,1
CUST00206,50,75761.0,75.0,42,852.44,35664.42,22.77,108,94,79,37,6,1.88,63,30932,7,54,47,35,6,10,12,44,0
CUST00207,68,54368.0,34.0,37,524.57,17958.49,19.13,130,45,14,0,12,3.82,19,44097,2,67,41,23,28,5,11,198,1
CUST00208,59,59914.0,8.0,42,542.2,12873.17,17.07,84,62,47,3,6,4.13,347,1908,14,68,40,53,22,5,12,34,0
CUST00209,61,145738.0,59.0,35,786.2,842.29,7.87,15,15,71,43,1,2.82,101,39722,13,40,74,37,33,6,7,179,0
CUST00210,41,85526.0,86.0,87,1124.81,27106.91,5.01,132,46,12,46,3,3.79,37,47953,6,44,57,16,19,15,12,113,1
CUST00211,32,37956.0,72.0,6,95.53,42587.31,19.03,50,64,42,34,9,2.55,107,30358,7,73,41,21,14,12,10,20,1
CUST00212,49,64240.0,49.0,68,993.2,47890.06,12.12,23,75,59,22,9,1.64,92,30412,5,79,34,44,32,2,9,155,0
CUST00213,49,139008.0,79.0,18,365.01,28374.1,6.03,59,52,56,26,5,2.59,308,18174,9,29,37,73,16,8,9,95,1
CUST00214,41,112270.0,17.0,73,543.82,25820.17,15.61,90,88,70,25,2,3.32,185,15496,14,76,66,60,19,2,5,43,0
CUST00215,58,22757.0,60.0,29,45.86,4435.81,1.49,115,57,16,7,8,4.79,216,2928,4,44,40,10,12,5,6,79,1
CUST00216,69,37097.0,87.0,77,375.23,27533.87,8.49,75,83,49,42,12,1.28,28,30632,14,44,49,60,23,16,11,55,1
CUST00217,66,121892.0,88.0,59,613.1,19122.96,11.98,123,66,31,15,3,3.03,36,32309,14,78,71,37,36,2,5,137,0
CUST00218,66,88480.0,45.0,47,86.29,30435.34,4.12,136,20,21,40,9,2.32,320,9280,13,44,78,65,6,1,14,150,1
CUST00219,69,64163.0,83.0,17,599.49,19558.57,24.62,139,33,54,2,12,3.03,18,40449,10,54,44,32,7,11,14,175,1
CUST00220,29,37816.0,69.0,96,1113.99,12166.9,5.62,18,72,56,31,1,1.1,345,21635,1,58,70,42,22,5,4,179,0
CUST00221,56,70853.0,32.0,22,144.36,4929.27,3.69,50,25,12,4,5,2.25,196,26957,14,4,18,30,13,9,3,142,1
CUST00222,19,114731.0,44.0,68,922.04,15882.94,5.49,142,46,46,19,0,4.28,78,36895,8,31,16,34,3,10,6,54,1
CUST00223,20,80823.0,65.0,69,503.41,5012.91,19.34,118,73,86,13,5,3.22,167,4963,8,5,64,36,20,15,3,42,0
CUST00224,66,19759.0,87.0,37,793.1,9009.47,10.92,137,98,61,31,12,2.8,90,27521,7,25,76,46,9,15,9,49,0
CUST00225,54,110374.0,8.0,49,327.08,49369.34,14.35,139,57,53,25,11,2.14,264,32615,8,36,55,22,21,17,9,5,0
CUST00226,66,42442.0,77.0,13,208.2,22316.36,1.01,108,87,28,46,9,2.19,208,44529,2,12,40,35,29,8,9,160,1
CUST00227,34,111501.0,72.0,34,209.35,26687.21,1.34,67,133,21,5,0,2.53,212,46322,3,68,41,39,29,18,8,61,1
CUST00228,66,20079.0,87.0,86,103.18,43706.2,11.42,78,55,64,35,13,4.34,271,21695,9,24,5,14,15,1,4,54,1
CUST00229,19,77676.0,43.0,53,239.06,49779.33,20.51,75,61,28,39,7,4.87,263,9357,1,12,68,36,10,0,7,166,1
CUST00230,19,108397.0,1.0,87,803.78,29219.18,22.19,39,89,47,4,4,2.75,273,25176,8,19,74,3,21,15,11,139,0
CUST00231,45,90847.0,51.0,51,1060.39,40661.2,2.62,25,8,4,12,5,2.57,342,18409,8,71,72,21,28,17,12,115,0
CUST00232,40,111607.0,24.0,3,980.67,16481.66,13.69,21,16,34,31,1,4.39,214,987,7,59,39,21,24,2,14,30,0
CUST00233,54,82077.0,99.0,42,828.46,15426.05,22.87,138,116,73,15,1,2.71,64,1965,13,72,40,77,13,0,11,73,0
CUST00234,49,56258.0,24.0,98,150.31,20254.65,10.01,15,61,82,0,11,3.21,12,40084,14,20,8,77,13,5,11,180,1
CUST00235,50,137771.0,17.0,32,361.24,33690.86,20.82,48,15,70,12,8,1.92,210,31318,11,60,7,16,1,18,5,33,1
CUST00236,18,56000.0,5.0,51,385.57,34173.15,3.78,86,131,45,10,2,3.97,312,26015,5,78,43,71,12,18,3,168,1
CUST00237,36,44737.0,20.0,85,314.95,15898.92,23.42,149,102,34,7,5,3.13,174,29191,4,25,57,79,2,10,11,9,0
CUST00238,19,29485.0,21.0,46,627.71,6833.85,18.91,116,54,44,24,9,4.24,256,46814,10,53,66,79,29,7,2,51,0
CUST00239,61,56565.0,58.0,21,651.95,31693.33,23.56,50,14,12,39,4,4.12,101,868,10,41,12,37,17,4,10,184,1
CUST00240,43,137614.0,31.0,44,441.13,6590.63,17.08,141,36,9,31,13,1.86,16,37146,13,10,18,23,35,19,5,77,1
CUST00241,49,83155.0,100.0,11,437.47,29008.93,9.4,69,105,65,23,11,3.86,197,48231,10,36,48,5,20,8,0,2,1
CUST00242,23,70487.0,11.0,68,997.7,34732.42,23.49,4,82,69,27,3,4.2,258,29032,14,10,79,67,18,14,1,184,0
CUST00243,49,147948.0,52.0,1,951.37,35090.45,7.25,78,67,71,13,9,2.38,244,28305,10,26,77,5,15,13,6,160,0
CUST00244,21,30342.0,15.0,92,383.2,37722.91,8.64,9,10,99,44,1,1.69,348,22640,6,33,29,25,27,3,14,134,1
CUST00245,28,58806.0,83.0,63,1098.27,43668.4,17.67,121,49,24,2,7,1.01,249,18318,12,37,65,40,3,7,3,3,0
CUST00246,34,66770.0,7.0,24,1144.32,25097.96,19.25,115,111,43,35,9,2.8,105,13246,11,60,76,74,14,19,4,166,0
CUST00247,55,96623.0,28.0,99,405.56,36566.41,23.27,101,65,59,26,6,2.41,182,33844,1,52,58,37,0,16,14,47,0
CUST00248,41,121177.0,51.0,13,438.22,31034.8,5.52,149,57,46,19,10,3.22,155,32602,13,64,52,79,15,1,10,73,1
CUST00249,22,149026.0,58.0,98,616.65,9494.67,20.05,146,27,39,46,1,1.75,287,21584,5,2,51,42,19,19,9,78,0
CUST00250,69,93629.0,5.0,11,1130.52,1479.34,18.59,97,113,6,14,5,4.44,169,15169,14,66,30,52,32,15,0,143,0
CUST00251,51,138993.0,5.0,51,1054.06,14370.16,2.06,81,133,45,26,13,2.03,47,25968,4,27,14,14,16,9,1,165,1
CUST00252,23,144944.0,94.0,17,141.03,22263.08,9.99,43,71,22,44,7,1.91,43,6385,4,13,19,55,4,1,3,3,1
CUST00253,39,123947.0,96.0,99,483.42,30931.88,7.43,95,83,82,40,6,2.92,321,8222,7,51,4,55,4,10,7,3,1
CUST00254,28,44399.0,8.0,82,672.98,42527.97,7.96,6,57,45,27,14,3.0,306,49855,9,29,6,30,38,9,9,119,1
CUST00255,65,146177.0,64.0,86,613.7,9973.04,24.58,67,120,85,24,0,1.86,221,25444,8,57,17,56,12,18,3,118,0
CUST00256,33,127575.0,10.0,24,248.76,6452.38,16.25,140,93,12,41,4,2.09,1,38248,11,53,55,50,35,13,13,154,1
CUST00257,50,128904.0,38.0,19,1033.4,48181.3,18.08,100,15,20,43,1,1.68,200,40545,13,68,74,23,29,10,2,16,0
CUST00258,26,48678.0,96.0,37,818.79,5580.62,24.43,12,111,0,45,5,3.87,144,5362,14,14,44,57,3,8,2,95,1
CUST00259,23,94218.0,92.0,85,1008.73,24028.86,9.74,66,101,18,32,6,4.08,28,33718,12,37,27,72,22,6,11,69,1
CUST00260,33,81230.0,81.0,8,1033.34,29361.07,20.15,2,119,59,45,13,2.85,342,8250,8,77,49,3,20,14,4,181,0
CUST00261,46,92055.0,95.0,28,903.06,27160.45,11.15,143,76,32,13,13,3.86,338,2818,5,13,1,9,20,19,2,96,0
CUST00262,20,90258.0,8.0,5,538.27,4484.4,21.8,81,20,3,7,6,3.94,278,36368,6,56,67,62,5,16,7,7,0
CUST00263,37,57986.0,25.0,17,740.45,3039.94,4.93,135,131,2,47,2,1.55,41,44109,2,58,76,72,23,2,4,113,1
CUST00264,53,85688.5,73.0,36,209.23,5453.07,23.72,142,73,90,13,6,4.86,332,15053,13,7,23,14,30,14,11,180,0
CUST00265,36,119358.0,66.0,19,814.9,29362.27,5.86,70,122,51,0,14,4.28,147,27426,11,71,47,62,18,13,13,4,0
CUST00266,43,82929.0,79.0,64,231.52,27308.38,8.49,115,41,98,15,4,1.82,345,47101,14,18,44,18,37,7,11,196,0
CUST00267,20,91506.0,50.0,91,838.86,11840.29,19.03,88,130,27,17,7,1.74,178,39023,3,31,57,62,11,3,13,46,0
CUST00268,36,52911.0,67.0,98,290.93,31961.15,10.15,6,23,69,6,14,1.5,315,24892,5,28,35,55,13,9,6,39,0
CUST00269,37,105127.0,49.0,11,158.71,41039.36,15.4,27,23,69,14,11,1.55,325,43675,2,40,1,20,11,1,10,121,1
CUST00270,49,131453.0,36.0,54,215.04,2270.63,11.39,82,144,54,23,7,3.99,167,29361,3,74,17,33,14,13,7,134,1
CUST00271,24,102458.0,68.0,45,22.35,25006.87,18.69,88,9,56,48,6,2.88,123,16007,4,44,48,16,18,7,4,139,1
CUST00272,69,30175.0,78.0,47,868.11,34527.66,6.09,120,13,86,12,5,4.13,74,14241,6,12,7,17,27,9,7,93,1
CUST00273,58,137235.0,41.0,12,884.23,12765.13,1.93,24,51,96,8,1,3.99,239,44858,5,26,57,65,39,17,11,152,0
CUST00274,50,72771.0,89.0,21,627.62,15526.99,7.85,102,64,15,14,5,3.42,249,45073,10,18,14,50,4,14,14,27,1
CUST00275,57,145157.0,62.0,11,210.41,30759.17,12.12,34,52,23,34,12,3.75,263,23902,4,25,16,64,4,4,2,170,1
CUST00276,56,139300.0,10.0,92,118.59,44917.18,4.62,47,38,68,23,11,1.07,252,24506,13,52,22,42,5,12,14,76,1
CUST00277,35,104925.0,21.0,5,42.57,40534.24,9.19,24,100,40,32,14,2.25,357,17562,2,50,65,56,22,17,13,174,1
CUST00278,57,84358.0,36.0,81,215.58,29239.88,10.3,65,146,76,15,10,3.55,111,20239,12,36,69,9,2,1,11,48,1
CUST00279,18,65057.0,12.0,56,1071.21,36565.04,1.91,18,51,46,7,8,1.04,180,13065,11,8,26,36,36,12,6,85,0
CUST00280,28,24150.0,91.0,20,305.01,18368.16,14.79,44,137,75,28,14,1.13,188,45415,5,51,36,47,32,13,7,53,1
CUST00281,45,22425.0,2.0,41,438.04,32120.08,22.17,76,141,68,22,1,4.41,308,41291,5,53,48,68,20,9,6,17,1
CUST00282,42,34032.0,13.0,46,144.31,23415.84,4.22,57,55,30,44,0,3.74,207,38805,11,2,63,55,19,3,13,26,1
CUST00283,67,20198.0,53.0,12,282.39,9658.82,15.15,107,109,91,30,10,2.06,234,33295,7,68,33,75,0,14,1,71,1
CUST00284,40,136865.0,32.0,70,632.68,35146.57,16.79,124,44,91,39,12,3.75,24,18443,1,7,17,35,38,7,7,133,1
CUST00285,48,41236.0,95.0,17,737.15,27911.94,10.77,139,110,29,48,4,4.17,26,9290,4,13,63,30,16,14,5,121,1
CUST00286,47,105955.0,16.0,19,309.52,18059.35,17.68,116,128,17,13,10,2.23,218,211,11,2,73,54,28,13,9,104,0
CUST00287,59,121145.0,32.0,26,88.12,45584.69,10.56,93,105,43,29,5,1.14,346,18098,5,23,43,37,7,8,2,68,1
CUST00288,52,112914.0,32.0,48,481.42,1242.52,12.86,42,10,26,38,2,4.73,10,19072,8,12,16,72,25,19,3,70,1
CUST00289,24,120870.0,98.0,52,296.36,15925.5,0.68,28,100,98,26,7,2.38,17,43290,12,42,58,14,27,2,6,149,1
CUST00290,33,134243.0,11.0,96,279.07,3032.69,17.45,123,148,25,46,6,1.43,245,19650,12,28,12,15,33,14,2,186,0
CUST00291,43,32596.0,10.0,70,1152.64,38373.06,16.7,24,109,59,15,1,2.97,206,15115,8,71,51,76,25,16,0,174,0
CUST00292,65,129496.0,15.0,55,747.23,35164.95,1.44,136,108,17,5,11,4.07,258,5149,1,50,59,52,12,15,5,116,0
CUST00293,69,148273.0,17.0,75,677.12,16701.34,9.52,106,140,96,32,6,1.89,112,41992,5,41,41,55,36,3,2,195,0
CUST00294,66,138674.0,40.0,33,510.61,33848.01,24.49,118,146,88,43,14,2.08,205,17716,10,30,63,6,12,10,10,31,0
CUST00295,19,138307.0,18.0,62,526.15,19917.67,10.81,53,94,55,17,14,1.97,27,32188,1,62,65,56,37,7,14,108,0
CUST00296,18,37063.0,55.0,88,658.27,37861.44,12.8,132,63,30,15,0,4.97,71,13621,1,25,33,54,24,2,9,96,1
CUST00297,65,85688.5,73.0,23,841.79,22818.35,22.79,100,84,58,11,8,1.79,176,6820,2,17,70,51,22,18,5,0,0
CUST00298,29,108093.0,25.0,15,848.53,20731.53,18.07,5,25,1,19,12,3.3,202,47529,2,56,63,3,21,13,9,181,0
CUST00299,22,53954.0,59.0,27,222.6,46749.55,14.76,49,12,96,44,6,4.7,248,42800,9,6,32,42,20,8,11,173,1
CUST00300,54,45856.0,78.0,75,610.13,12693.78,20.05,98,149,38,39,5,1.59,118,30399,4,47,11,39,29,2,2,168,1
CUST00301,49,20573.0,89.0,64,506.11,6198.28,21.68,30,25,60,28,12,4.88,9,14002,3,79,75,29,10,3,5,107,0
CUST00302,26,53367.0,22.0,81,1047.22,29310.25,11.69,72,11,62,29,1,4.79,86,43098,11,59,18,9,3,3,10,113,1
CUST00303,58,117608.0,30.0,51,765.07,48472.23,12.14,103,64,95,25,2,4.54,23,45511,1,32,8,6,32,10,3,40,1
CUST00304,52,78774.0,84.0,53,648.35,19016.39,9.96,63,126,17,21,0,1.86,240,49595,12,2,73,35,11,18,12,7,1
CUST00305,36,41752.0,85.0,78,156.17,3289.43,24.18,26,50,16,32,14,3.54,73,28750,2,3,16,34,8,15,3,159,1
CUST00306,65,73029.0,44.0,91,734.65,17097.4,17.58,37,89,97,38,9,4.04,27,26074,6,3,49,38,31,16,9,29,0
CUST00307,33,148282.0,32.0,82,158.3,25395.4,2.54,7,99,38,46,12,4.94,349,17310,9,41,38,35,10,9,9,45,1
CUST00308,20,69693.0,51.0,92,417.9,8263.77,21.64,127,116,70,28,4,1.72,81,17006,5,8,40,19,36,16,10,104,0
CUST00309,37,134739.0,46.0,51,188.55,32973.49,12.27,92,96,53,21,8,4.06,84,9671,4,50,9,48,23,15,1,179,1
CUST00310,41,73961.0,21.0,47,836.65,49887.92,2.18,103,14,98,44,12,2.36,199,44345,13,16,11,58,6,19,13,95,1
CUST00311,50,144678.0,99.0,4,263.38,22696.63,13.97,53,1,93,12,5,1.7,43,27894,5,16,78,48,7,5,3,60,0
CUST00312,41,92532.0,32.0,7,482.39,17865.48,10.72,132,25,75,8,4,2.69,263,49385,9,19,14,25,32,6,10,140,1
CUST00313,69,99994.0,94.0,35,1076.9,20155.07,22.0,108,72,34,23,11,4.18,92,26193,12,13,27,35,24,13,11,88,0
CUST00314,28,74133.0,39.0,48,261.09,5934.28,5.5,112,69,10,14,2,2.86,339,10222,13,21,3,42,0,10,3,167,1
CUST00315,66,79268.0,12.0,73,619.21,44187.03,20.75,7,133,60,35,4,3.15,84,23786,7,51,35,42,2,11,10,125,1
CUST00316,25,49653.0,47.0,72,514.74,20858.32,14.16,67,105,43,12,7,4.98,300,31509,8,26,64,75,39,13,6,60,0
CUST00317,53,139829.0,18.0,45,41.39,19486.27,1.84,108,147,67,26,11,2.6,296,386,4,42,46,32,27,4,4,119,0
CUST00318,55,146377.0,21.0,81,955.45,33052.58,24.31,111,23,24,43,1,3.46,135,1634,11,2,38,77,32,4,7,171,0
CUST00319,57,19622.0,13.0,81,101.47,22213.26,13.06,148,9,47,36,4,2.46,281,40878,8,7,37,44,0,19,6,189,1
CUST00320,37,66756.0,21.0,97,579.62,32482.03,7.63,83,118,31,6,5,2.57,59,4133,6,9,43,44,37,14,9,120,0
CUST00321,52,58809.0,8.0,96,681.6,3260.03,12.0,124,94,83,7,9,3.78,359,42144,5,28,50,14,26,0,8,171,0
CUST00322,65,34725.0,46.0,72,761.54,40723.42,21.52,139,144,94,36,7,4.75,342,38349,13,39,25,16,37,8,7,47,1
CUST00323,42,69226.0,7.0,19,832.59,47037.1,7.97,104,33,3,40,7,3.17,241,34735,12,64,35,11,34,2,14,58,1
CUST00324,52,99182.0,23.0,63,318.86,32508.52,5.22,67,130,37,13,14,4.07,342,21952,7,20,68,21,9,3,8,184,1
CUST00325,42,47402.0,96.0,38,31.77,47737.38,3.66,7,14,62,11,4,1.36,98,24816,6,23,0,22,11,15,0,10,1
CUST00326,46,22263.0,75.0,67,873.66,7741.33,7.8,110,1,46,35,8,1.84,62,21529,3,72,52,77,9,6,9,24,0
CUST00327,35,65924.0,86.0,59,652.07,23975.33,19.61,34,90,0,39,3,3.01,264,5767,5,59,5,11,33,13,12,188,1
CUST00328,63,92182.0,22.0,69,1006.62,30169.98,12.05,106,89,2,16,11,1.08,113,41521,9,25,36,67,23,15,11,45,0
CUST00329,35,53737.0,89.0,13,989.24,29170.49,6.07,147,144,85,39,8,2.01,146,18383,7,8,1,50,27,17,2,53,1
CUST00330,19,119332.0,22.0,47,1015.12,20192.8,4.57,58,90,61,28,10,3.07,216,4901,12,19,68,12,21,15,4,33,0
CUST00331,52,107563.0,92.0,61,592.41,17036.6,8.65,9,14,63,26,6,1.06,256,42889,4,55,40,56,15,15,8,83,0
CUST00332,33,146575.0,29.0,31,413.68,6515.84,23.53,48,111,16,0,5,2.06,316,14633,7,35,50,54,12,1,7,134,0
CUST00333,58,119371.0,13.0,80,954.04,19708.77,8.9,115,143,77,33,3,3.06,316,19163,5,35,46,27,35,9,13,61,0
CUST00334,53,56709.0,82.0,96,552.53,8300.51,24.71,41,83,61,3,1,3.29,362,10707,11,72,12,43,35,6,9,56,0
CUST00335,50,39172.0,2.0,22,236.46,36771.41,12.39,48,72,34,23,7,4.7,258,22576,13,21,75,18,22,14,6,92,1
CUST00336,21,29555.0,29.0,93,1028.87,10599.78,4.89,25,130,12,20,5,3.58,194,18061,2,0,68,45,13,8,1,115,0
CUST00337,50,71276.0,85.0,86,1061.42,3116.55,22.33,116,27,34,32,11,2.66,347,45101,13,68,65,2,31,6,14,75,0
CUST00338,31,75492.0,79.0,43,570.25,27707.83,11.78,78,74,42,6,14,4.72,14,44706,6,72,58,19,2,15,10,132,1
CUST00339,38,107599.0,52.0,67,109.33,29842.44,17.89,108,99,1,0,2,4.14,304,11548,7,36,67,24,26,2,5,75,0
CUST00340,65,29046.0,27.0,54,477.63,43621.27,24.6,25,72,55,40,6,1.8,103,15115,8,71,58,74,18,16,3,162,1
CUST00341,37,134021.0,50.0,10,968.17,28933.68,1.73,147,23,76,2,9,1.52,245,9843,6,12,9,55,21,7,4,36,0
CUST00342,25,22853.0,95.0,42,1084.09,17404.95,2.87,39,68,50,43,6,3.7,245,36945,8,42,12,60,0,1,13,187,1
CUST00343,24,138900.0,79.0,64,260.1,40189.99,18.15,119,142,53,14,5,3.24,312,39979,7,36,1,54,4,19,4,192,1
CUST00344,20,77129.0,23.0,21,99.03,27105.89,7.4,79,117,15,30,1,4.16,268,40641,2,73,14,34,32,2,12,143,1
CUST00345,34,132130.0,88.0,80,1055.27,4148.16,5.02,80,106,17,15,7,3.96,224,3841,14,24,45,77,18,7,3,29,0
CUST00346,50,139789.0,44.0,76,479.5,28379.36,1.46,27,93,6,9,0,3.5,220,6416,6,20,56,58,35,1,3,41,0
CUST00347,65,56890.0,77.0,66,659.28,45419.32,1.04,104,65,44,28,12,4.95,311,10633,9,40,9,38,5,18,14,60,1
CUST00348,29,84017.0,22.0,41,1162.32,19936.37,19.47,74,68,35,5,0,3.13,217,37653,12,72,21,56,14,16,3,47,0
CUST00349,68,118424.0,43.0,24,98.55,14957.02,3.79,68,128,40,28,5,1.45,4,594,6,41,78,66,35,4,10,189,0
CUST00350,39,33048.0,37.0,35,785.02,7344.78,11.96,147,63,93,16,4,4.31,36,14393,4,41,76,33,32,19,1,83,0
CUST00351,39,72912.0,61.0,56,107.44,7741.99,15.34,28,113,41,21,8,2.01,178,35380,7,1,7,40,23,16,0,92,1
CUST00352,63,85688.5,97.0,30,463.05,21752.02,10.99,123,90,6,23,12,4.11,257,45056,3,67,20,21,26,9,11,191,1
CUST00353,47,85688.5,48.0,57,968.5,29864.86,1.16,138,81,14,16,11,4.83,17,22743,5,7,21,26,10,8,1,184,1
CUST00354,55,101559.0,3.0,94,531.5,4214.65,19.7,83,103,59,20,6,3.79,199,31971,1,60,44,20,22,5,6,67,0
CUST00355,55,73337.0,63.0,47,1196.68,46990.52,0.76,30,116,39,49,1,3.38,318,4861,10,13,39,40,32,10,11,45,1
CUST00356,62,128616.0,19.0,35,679.69,37805.65,19.17,22,13,82,10,12,2.84,48,37534,3,76,21,30,28,1,0,112,1
CUST00357,68,31350.0,23.0,19,398.97,29413.87,22.39,3,124,36,6,11,2.46,62,36126,8,20,29,26,30,11,5,27,1
CUST00358,25,42354.0,29.0,8,279.73,41456.25,11.1,101,147,65,41,6,2.41,69,14846,9,23,61,36,0,11,3,76,1
CUST00359,44,63186.0,30.0,26,433.61,4193.3,13.62,105,88,54,38,14,3.55,147,26177,9,49,72,65,33,15,1,120,0
CUST00360,44,46145.0,39.0,71,459.59,23946.58,12.19,2,11,76,4,2,4.01,359,33682,10,44,44,53,17,11,14,2,0
CUST00361,51,104123.0,25.0,30,101.08,31578.64,10.04,54,15,94,43,0,3.71,162,18228,2,63,34,8,17,17,14,36,1
CUST00362,38,38581.0,8.0,7,456.1,41466.91,22.24,6,10,79,47,10,1.79,227,34763,4,63,41,41,5,12,2,175,1
CUST00363,47,106929.0,58.0,67,567.8,39216.78,22.4,107,41,55,20,7,2.98,347,24009,5,25,4,35,39,14,6,146,0
CUST00364,50,41051.0,16.0,65,872.83,13998.05,8.73,123,73,43,17,13,4.17,230,94,3,31,26,9,0,15,5,91,0
CUST00365,45,69474.0,72.0,36,794.94,47055.83,15.57,2,52,56,34,11,2.9,178,41452,13,56,69,58,29,3,14,82,1
CUST00366,64,109748.0,1.0,25,856.34,6392.42,23.21,111,128,5,19,2,3.15,345,15100,11,52,61,39,3,11,14,16,0
CUST00367,50,143995.0,5.0,37,29.87,43781.65,24.07,2,28,91,14,10,4.08,56,32917,1,32,31,53,31,16,5,120,1
CUST00368,22,87626.0,3.0,1,276.85,48552.82,12.97,93,65,31,4,7,3.65,78,17430,6,51,7,38,9,0,7,86,1
CUST00369,65,24960.0,65.0,15,800.79,9022.25,11.59,101,17,73,12,6,2.64,270,35571,14,17,17,6,4,17,7,39,1
CUST00370,36,54408.0,4.0,37,591.11,36158.89,7.33,97,95,17,11,11,4.58,206,24974,10,34,77,3,8,15,5,177,1
CUST00371,21,112006.0,99.0,13,26.27,2206.22,23.99,111,138,67,20,14,1.65,281,31129,2,11,14,14,4,0,0,72,1
CUST00372,52,75134.0,96.0,8,969.3,20390.06,4.0,6,63,72,36,1,4.98,228,47234,9,50,25,75,10,9,9,28,1
CUST00373,66,108327.0,64.0,5,931.92,25910.91,14.71,127,38,6,5,12,1.48,239,20860,1,9,52,47,34,18,12,178,0
CUST00374,34,149410.0,98.0,60,667.13,29116.13,7.42,104,70,7,6,13,1.06,288,7276,11,51,43,5,26,15,6,41,0
CUST00375,61,29344.0,89.0,73,98.43,46809.67,7.34,147,104,63,25,13,4.56,82,551,9,33,31,72,3,13,7,28,1
CUST00376,45,85957.0,10.0,1,924.49,33678.08,10.42,1,53,6,41,0,1.98,334,48248,7,66,27,34,9,1,4,65,1
CUST00377,47,123423.0,21.0,36,708.78,24167.64,24.97,33,119,40,47,6,3.92,250,8486,11,38,38,71,38,5,12,123,0
CUST00378,46,76053.0,46.0,35,942.71,40521.82,1.85,40,74,39,7,12,4.24,193,17527,13,7,31,70,32,4,10,144,1
CUST00379,63,95454.0,91.0,66,907.06,47536.53,14.67,32,54,2,8,0,4.44,106,49607,10,28,76,67,37,11,3,119,1
CUST00380,23,108600.0,27.0,63,967.54,1298.89,2.52,17,20,16,26,5,4.97,189,9745,2,21,78,57,7,3,6,108,0
CUST00381,52,140732.0,66.0,23,631.25,49129.56,4.29,126,79,65,3,12,2.18,276,41128,14,69,17,76,23,3,11,158,1
CUST00382,58,55641.0,41.0,9,185.58,4489.38,11.27,8,31,78,20,10,3.84,74,12997,6,60,69,18,38,4,11,91,0
CUST00383,54,47711.0,13.0,34,811.97,40756.46,13.01,57,135,92,30,9,1.46,10,18330,8,42,10,61,32,6,10,111,1
CUST00384,41,88342.0,9.0,46,752.16,14160.67,6.84,42,58,51,20,10,2.63,123,40078,2,48,31,70,18,5,12,51,1
CUST00385,46,124896.0,36.0,78,895.86,6782.55,8.25,98,105,21,39,9,4.39,216,38585,5,28,19,9,1,12,5,166,1
CUST00386,66,105833.0,86.0,4,220.46,22104.81,2.63,137,10,3,24,7,2.47,290,24829,13,30,39,24,10,3,11,59,1
CUST00387,63,74276.0,90.0,30,250.07,32269.04,7.93,120,10,5,38,6,3.36,40,43336,12,52,7,43,34,12,5,93,1
CUST00388,48,37541.0,58.0,95,1070.68,19171.4,24.18,87,39,37,14,3,3.02,193,8070,11,33,34,57,16,3,13,178,0
CUST00389,52,112457.0,54.0,75,904.97,2917.36,23.65,54,37,25,34,0,3.58,127,1320,6,37,68,24,2,9,2,143,0
CUST00390,50,62813.0,12.0,99,1091.71,30053.16,8.7,84,119,10,48,0,4.89,289,23507,3,56,77,75,21,19,10,97,0
CUST00391,69,42070.0,81.0,72,915.28,45139.68,14.49,25,67,89,42,3,1.22,71,38921,14,3,20,39,34,0,9,13,1
CUST00392,38,98559.0,78.0,3,724.64,19284.13,22.79,67,43,16,40,4,3.3,137,6589,12,1,23,75,20,7,14,169,1
CUST00393,49,59786.0,14.0,14,791.88,10973.37,0.65,46,52,87,36,11,4.45,144,27459,2,11,16,69,24,6,3,50,1
CUST00394,40,54062.0,34.0,60,1069.17,22240.35,20.36,22,101,91,41,6,2.99,354,15589,11,34,17,9,38,4,4,23,0
CUST00395,50,69571.0,53.0,77,702.99,2608.46,23.74,139,56,98,46,13,1.31,299,36375,6,69,11,65,1,2,8,106,0
CUST00396,20,43510.0,20.0,45,766.22,41060.28,2.74,8,76,30,27,3,3.24,345,43085,3,71,15,24,0,14,7,170,1
CUST00397,35,37426.0,75.0,96,204.64,41351.77,4.46,39,68,76,13,9,2.33,269,43200,2,20,3,70,6,16,2,72,1
CUST00398,42,55265.0,16.0,34,579.23,29482.42,24.04,49,137,34,3,13,1.62,139,33168,1,60,33,10,19,12,5,146,0
CUST00399,59,84150.0,95.0,45,865.35,17784.52,13.67,46,106,15,19,11,4.4,52,26732,14,34,45,35,5,14,9,83,1
CUST00400,48,105312.0,70.0,61,339.71,40029.21,0.85,38,125,78,33,0,3.09,17,31511,8,47,74,48,35,18,0,60,1
CUST00401,20,107613.0,56.0,83,258.66,27823.41,6.81,136,92,17,11,10,4.73,165,22426,1,14,76,47,20,19,2,105,0
CUST00402,57,92910.0,83.0,16,390.32,41331.43,11.52,54,23,61,32,9,4.22,13,30982,12,70,30,6,34,13,9,93,1
CUST00403,63,70375.0,58.0,66,304.97,31646.65,17.48,92,109,26,23,6,3.77,190,16746,5,14,24,76,35,12,13,62,1
CUST00404,41,139826.0,4.0,40,273.6,39263.39,18.46,40,61,34,19,1,1.02,340,28514,11,5,73,50,7,11,11,153,0
CUST00405,67,53435.0,4.0,17,521.32,30008.44,24.89,34,44,44,4,12,2.71,353,3851,6,67,23,16,3,8,6,94,0
CUST00406,49,114443.0,20.0,34,1091.25,20824.23,7.54,96,16,34,37,10,1.79,362,19796,11,21,64,31,15,2,6,34,0
CUST00407,64,41510.0,10.0,16,618.33,47905.7,13.69,79,22,27,29,1,4.64,352,10498,12,31,24,25,2,10,1,66,1
CUST00408,39,112071.0,24.0,60,241.75,27147.47,13.57,127,57,8,23,7,1.7,264,32852,12,21,27,21,6,9,2,55,1
CUST00409,40,24640.0,99.0,66,110.83,30333.46,10.44,17,62,75,42,11,2.14,312,34592,3,26,35,12,1,0,14,39,1
CUST00410,19,62547.0,26.0,66,841.46,11180.28,4.64,110,107,14,39,9,3.07,221,44845,14,14,5,11,0,16,6,156,1
CUST00411,44,72620.0,37.0,90,471.7,31357.41,24.45,52,71,20,6,9,2.05,104,15930,7,43,65,70,0,12,11,133,0
CUST00412,59,133608.0,85.0,13,989.76,28666.06,21.41,118,90,51,35,9,1.84,339,45317,2,8,66,0,37,13,5,179,0
CUST00413,19,25564.0,54.0,56,798.22,9404.95,12.71,9,72,34,37,4,3.4,198,42881,7,33,71,32,6,0,12,128,1
CUST00414,43,131824.0,21.0,31,959.56,3167.44,15.28,33,70,96,15,9,1.36,300,47900,2,72,47,13,23,1,6,179,0
CUST00415,34,97273.0,74.0,34,340.9,30297.09,6.07,113,30,50,14,1,1.23,359,41590,5,14,69,63,4,1,9,23,0
CUST00416,57,92859.0,38.0,39,836.98,38231.88,13.82,149,103,82,45,4,2.49,169,21159,7,61,77,42,20,6,8,101,0
CUST00417,50,128017.0,46.0,67,331.59,26265.39,17.53,85,32,54,22,7,3.88,149,29536,11,44,66,57,27,8,7,161,0
CUST00418,26,141618.0,4.0,8,1128.1,11493.28,13.12,10,86,86,11,5,3.22,249,24252,11,71,47,40,17,3,5,114,0
CUST00419,60,143341.0,60.0,87,770.92,33392.79,24.76,6,57,76,28,2,2.69,256,24003,14,57,64,67,23,1,11,134,0
CUST00420,65,47430.0,57.0,78,402.92,4189.27,15.48,115,109,43,43,7,3.26,42,40186,3,18,43,38,31,18,13,74,1
CUST00421,56,45788.0,45.0,55,338.02,22203.32,9.59,121,9,64,47,14,2.46,202,35139,14,15,62,0,32,4,3,10,1
CUST00422,46,87346.0,20.0,27,245.29,8335.66,19.42,141,31,92,14,13,4.74,244,39836,11,74,45,40,9,8,13,35,0
CUST00423,59,114122.0,17.0,93,839.68,9386.06,4.68,65,71,87,28,8,1.22,157,22205,4,7,18,44,8,12,12,147,0
CUST00424,43,57974.0,71.0,53,278.08,10274.24,9.92,20,137,79,44,4,3.69,286,30523,1,32,63,78,32,11,9,62,1
CUST00425,52,125309.0,4.0,39,722.46,19458.01,9.0,57,13,24,42,12,4.57,282,44627,3,73,72,12,32,18,8,79,0
CUST00426,67,34371.0,93.0,65,332.27,2747.28,11.08,46,131,86,48,1,4.22,238,7464,9,17,70,70,6,8,6,190,1
CUST00427,42,63084.0,14.0,17,801.12,20010.11,19.65,136,35,91,20,1,1.74,19,17110,10,34,49,8,3,9,4,196,0
CUST00428,41,79916.0,3.0,30,981.63,25683.03,12.36,10,21,46,14,6,2.18,53,46316,5,42,62,62,27,18,1,87,0
CUST00429,30,91972.0,88.0,53,938.07,24268.06,19.95,113,64,79,13,0,3.87,85,7121,8,49,40,22,22,9,8,29,0
CUST00430,24,30984.0,80.0,13,917.8,19262.65,14.62,139,95,55,41,9,1.34,273,9840,2,2,6,53,31,11,13,157,0
CUST00431,53,51039.0,58.0,21,241.51,41989.5,8.88,12,34,37,43,11,4.25,360,37080,3,58,8,46,15,13,6,102,1
CUST00432,62,103431.0,55.0,19,124.29,7437.27,20.34,138,121,10,15,1,3.88,213,40768,7,27,3,38,9,7,8,111,1
CUST00433,37,101691.0,4.0,53,844.76,25383.7,6.34,11,15,66,14,9,3.92,361,9461,14,45,48,25,13,15,10,83,0
CUST00434,18,76606.0,24.0,19,454.65,3289.66,6.0,118,120,14,41,3,2.99,104,20927,10,63,75,0,38,16,8,149,0
CUST00435,25,120665.0,34.0,57,530.17,3743.55,12.86,39,96,0,3,0,3.87,192,24398,4,69,5,13,35,19,9,104,0
CUST00436,63,123373.0,30.0,25,56.76,28778.52,6.89,53,6,6,26,3,3.72,177,33086,9,46,20,73,33,3,4,188,1
CUST00437,33,42574.0,82.0,86,326.3,28387.72,0.72,56,109,0,22,12,4.32,147,15329,14,13,14,64,23,5,6,20,1
CUST00438,31,50733.0,19.0,31,59.74,43926.07,16.38,104,97,48,28,11,1.17,81,15791,7,6,66,68,17,11,4,36,1
CUST00439,29,20050.0,31.0,81,1057.44,27982.11,13.02,129,32,95,40,10,1.09,193,14372,14,73,65,66,15,17,14,26,0
CUST00440,68,127996.0,60.0,55,307.21,47997.59,11.42,56,83,72,8,12,2.49,37,48703,11,78,55,48,36,6,2,101,1
CUST00441,40,51933.0,60.0,23,677.66,2625.0,24.19,118,118,28,42,9,1.6,326,27354,12,30,67,49,24,4,9,162,0
CUST00442,32,42951.0,19.0,32,66.0,5080.78,14.49,132,79,25,42,14,3.23,154,48469,1,50,31,57,7,9,7,37,1
CUST00443,45,50413.0,49.0,62,806.88,2394.48,21.65,30,78,86,6,4,4.67,130,44018,4,28,65,52,23,5,7,59,0
CUST00444,51,130573.0,63.0,74,401.17,9426.79,3.92,12,147,44,41,8,2.57,59,21537,10,14,28,56,19,13,8,69,1
CUST00445,19,140744.0,83.0,10,1079.54,27155.25,14.45,35,107,92,3,0,4.38,224,34370,11,75,65,17,29,5,10,31,0
CUST00446,49,107431.0,22.0,72,1067.98,32349.49,21.77,77,126,96,4,11,1.0,249,25405,6,24,33,15,19,13,13,79,0
CUST00447,40,61001.0,24.0,54,403.84,2470.14,14.79,102,15,70,4,4,1.67,240,41815,6,60,26,1,17,11,11,154,0
CUST00448,39,85364.0,76.0,52,1083.13,47309.35,18.09,87,134,11,10,1,1.12,293,23703,10,40,59,12,3,11,5,130,0
CUST00449,68,142988.0,30.0,20,1195.47,42139.84,9.62,52,73,94,40,8,2.31,287,15234,6,68,38,44,35,7,1,176,0
CUST00450,42,63028.0,58.0,32,993.99,14971.3,2.77,80,101,31,27,5,4.63,204,7532,5,3,43,79,5,9,2,101,1
CUST00451,39,149878.0,31.0,14,1016.95,4043.94,11.72,135,98,19,15,1,1.39,99,40134,3,56,35,71,2,15,12,101,0
CUST00452,39,142343.0,100.0,50,313.83,8660.38,10.16,22,26,50,40,13,3.43,350,35416,2,30,18,42,17,19,10,29,1
CUST00453,66,146301.0,64.0,28,700.51,6521.83,21.74,75,92,80,29,2,2.81,176,6903,3,2,44,71,39,7,11,21,0
CUST00454,69,144295.0,19.0,53,99.36,6339.53,6.48,58,125,35,3,13,4.75,262,18242,9,66,20,53,17,8,9,18,1
CUST00455,59,52636.0,48.0,24,132.0,26024.37,24.18,93,73,66,1,7,1.49,271,13788,3,49,22,73,22,12,10,30,0
CUST00456,23,42262.0,45.0,79,1198.69,12443.2,23.97,103,123,0,45,0,1.85,143,35249,3,16,26,30,34,19,14,19,0
CUST00457,32,98435.0,100.0,22,405.43,18035.36,6.57,140,53,26,2,11,1.12,189,34588,1,59,71,75,5,16,5,146,0
CUST00458,60,146583.0,94.0,30,902.86,49477.37,9.03,7,78,39,49,2,2.74,272,29513,2,73,18,8,25,18,0,129,1
CUST00459,54,59844.0,55.0,63,971.86,34278.85,22.44,128,92,96,20,12,2.11,20,43039,11,65,40,72,20,16,13,39,0
CUST00460,50,82754.0,55.0,4,1032.47,47459.24,24.18,55,88,83,5,9,4.48,333,19542,12,74,25,47,23,6,1,166,0
CUST00461,25,95129.0,97.0,77,1197.2,7299.32,11.36,106,13,13,42,0,3.42,300,32294,3,23,27,17,14,0,7,90,0
CUST00462,61,58042.0,18.0,59,304.97,19230.55,8.36,62,43,99,17,10,3.46,46,3684,2,31,63,10,26,19,10,71,0
CUST00463,61,79665.0,63.0,87,67.61,27825.64,13.39,90,76,68,43,10,3.13,95,23795,8,18,67,61,31,13,7,108,1
CUST00464,22,134953.0,92.0,8,505.21,4022.55,17.35,98,51,86,4,7,1.37,64,3651,6,65,79,18,11,16,5,181,0
CUST00465,56,136533.0,47.0,82,173.5,408.53,7.2,77,19,78,8,0,2.78,131,10431,7,59,50,73,4,12,2,26,0
CUST00466,21,91781.0,75.0,12,46.46,33587.63,18.54,119,149,5,19,12,5.0,9,10131,1,65,73,23,6,1,13,78,1
CUST00467,23,84262.0,57.0,31,445.3,32162.61,1.77,36,122,32,27,4,4.34,203,24091,6,14,47,12,21,13,1,139,1
CUST00468,62,64600.0,45.0,78,944.81,20657.28,1.71,89,24,54,25,3,4.57,298,24845,2,34,9,45,26,0,12,77,1
CUST00469,49,94898.0,33.0,34,688.09,24584.27,9.96,145,26,18,17,6,4.29,174,24491,13,68,72,52,14,4,5,198,0
CUST00470,69,48448.0,17.0,82,389.08,20889.06,9.16,130,120,76,18,13,1.41,73,4830,6,26,38,28,38,6,0,16,0
CUST00471,47,44172.0,70.0,98,792.12,1395.45,8.23,141,82,28,2,4,1.91,84,28640,3,6,18,35,34,18,13,83,0
CUST00472,64,25657.0,4.0,75,293.78,16901.51,12.53,93,100,60,8,7,1.01,59,7334,7,5,63,70,25,13,9,137,0
CUST00473,52,130855.0,20.0,76,36.97,9018.7,8.36,114,17,69,35,11,2.21,21,47387,3,32,18,16,22,13,5,146,1
CUST00474,57,25906.0,47.0,49,921.94,5101.52,5.21,28,68,78,30,13,1.43,157,9304,9,57,75,47,12,14,8,157,0
CUST00475,69,79413.0,91.0,79,756.02,47844.68,8.08,143,44,79,48,10,2.89,319,47647,3,48,61,76,25,4,6,157,1
CUST00476,33,72028.0,15.0,57,919.52,30048.11,24.39,33,61,23,16,0,3.71,329,17032,7,16,12,23,2,4,8,152,0
CUST00477,30,25287.0,70.0,95,65.95,36487.08,10.57,20,123,22,22,4,4.5,61,25755,12,41,24,53,28,1,1,87,1
CUST00478,67,51660.0,47.0,93,1007.8,15905.11,11.4,140,93,9,33,3,4.0,64,47353,4,71,41,0,1,17,10,73,1
CUST00479,59,78504.0,78.0,26,751.04,19778.73,14.63,101,74,53,40,2,4.75,325,16,8,39,38,78,27,8,13,126,0
CUST00480,47,120979.0,75.0,18,684.81,11998.81,24.59,23,67,40,40,4,1.22,168,8308,14,45,29,66,22,9,4,193,0
CUST00481,36,52701.0,9.0,96,757.04,5028.89,6.42,112,111,48,4,9,1.05,203,29654,2,70,4,5,35,17,8,101,0
CUST00482,34,101300.0,90.0,86,1040.03,9115.78,17.19,14,2,16,14,14,3.65,129,39244,8,69,17,77,5,3,6,95,1
CUST00483,36,101560.0,16.0,38,712.59,39916.2,18.04,91,89,55,46,2,2.16,245,5942,9,67,20,54,10,7,8,162,0
CUST00484,45,61642.0,69.0,81,705.52,33941.78,15.38,77,26,44,2,7,2.01,106,2693,13,0,49,37,37,17,13,50,0
CUST00485,43,83160.0,61.0,87,1189.0,27437.06,2.67,85,99,29,18,12,2.32,321,15562,8,78,5,32,33,19,10,100,0
CUST00486,54,35602.0,10.0,88,912.94,23859.48,17.08,109,27,43,27,2,2.08,122,6259,6,51,49,7,16,16,5,70,0
CUST00487,43,121320.0,50.0,50,541.91,46137.23,2.07,31,89,73,2,0,3.05,318,48347,10,34,79,78,2,15,14,70,1
CUST00488,40,106801.0,48.0,8,854.73,3822.2,15.11,122,146,54,37,8,2.76,182,42236,1,68,65,77,33,17,6,154,0
CUST00489,26,43931.0,77.0,41,479.29,14173.92,18.62,107,1,18,3,14,3.05,103,4942,7,4,0,19,21,6,9,9,0
CUST00490,29,112377.0,94.0,6,290.07,17626.91,5.67,54,103,28,23,8,3.69,316,47419,1,16,56,54,28,0,4,96,1
CUST00491,18,47192.0,70.0,69,724.29,39164.81,21.12,133,131,1,30,5,2.55,302,36556,7,52,29,47,28,0,5,170,1
CUST00492,18,64542.0,81.0,44,1115.25,49627.23,1.24,141,41,35,44,9,2.01,261,371,14,51,57,55,4,17,0,182,0
CUST00493,64,145015.0,51.0,64,1116.38,12185.39,21.17,43,51,18,44,0,1.66,113,27383,2,13,51,9,9,3,0,198,0
CUST00494,51,60520.0,19.0,29,423.45,43740.51,11.78,89,15,6,10,7,2.4,70,23404,8,28,36,51,9,19,1,133,1
CUST00495,49,82772.0,42.0,28,642.66,41565.01,5.83,115,8,25,36,1,3.97,160,7120,2,7,47,49,8,19,10,5,1
CUST00496,65,68106.0,35.0,11,269.73,11387.94,3.78,99,38,78,0,8,4.03,240,5702,3,0,0,33,20,3,13,76,1
CUST00497,42,99121.0,46.0,65,1194.84,20086.76,23.86,47,114,37,8,13,3.67,11,8347,13,28,18,35,12,5,3,175,0
CUST00498,57,43559.0,26.0,19,1177.72,20601.71,2.28,71,83,2,16,7,1.94,138,35429,12,35,45,60,9,2,10,76,1
CUST00499,62,123595.0,69.0,9,786.42,48915.39,5.38,67,56,79,0,2,3.35,167,39419,3,50,66,15,37,5,8,1,0
CUST00500,18,51742.0,93.0,27,969.21,9208.42,9.02,62,103,65,2,12,3.28,247,25040,1,36,1,78,10,12,6,50,1
CUST00501,33,87669.0,64.0,34,863.82,39998.07,15.7,109,138,94,46,4,2.94,354,37646,5,68,55,17,3,6,5,188,1
CUST00502,56,88831.0,37.0,44,719.93,16842.8,13.85,37,102,91,25,8,3.2,31,45859,5,52,16,70,30,3,14,146,1
CUST00503,22,130217.0,84.0,68,82.95,36597.34,3.58,119,78,70,30,12,2.97,12,37083,10,51,78,46,33,0,0,120,1
CUST00504,39,59873.0,49.0,82,556.62,21116.55,7.6,86,83,93,25,0,3.26,243,22542,5,11,21,31,34,5,4,127,0
CUST00505,46,124532.0,21.0,15,816.25,29002.32,6.35,126,30,42,22,8,3.86,108,42733,14,51,26,42,38,4,10,1,1
CUST00506,20,144267.0,74.0,51,819.49,41664.07,5.73,136,5,61,29,14,1.44,336,8308,13,0,54,39,38,12,11,50,0
CUST00507,29,59755.0,64.0,13,460.28,40247.45,10.57,52,119,70,9,3,4.0,323,39242,9,6,31,64,32,18,12,153,1
CUST00508,43,103956.0,5.0,83,1131.2,43347.87,17.75,91,31,99,7,3,1.54,194,34142,6,16,59,34,7,3,3,69,0
CUST00509,33,104988.0,100.0,49,217.48,3168.94,5.83,33,23,92,43,14,1.27,308,44163,6,42,27,68,31,5,4,19,1
CUST00510,68,63648.0,70.0,70,610.42,34664.12,9.48,81,48,23,24,3,4.9,133,30690,3,70,27,49,32,12,10,22,1
CUST00511,54,143991.0,90.0,56,835.24,7171.37,10.08,42,109,38,21,9,4.83,281,7393,5,16,73,11,7,4,8,53,0
CUST00512,39,133005.0,4.0,76,842.62,20907.76,24.42,112,40,67,14,11,1.24,291,4403,10,58,24,75,13,12,11,142,0
CUST00513,46,20396.0,39.0,51,785.39,27519.7,23.89,126,6,92,40,8,2.77,163,3546,7,2,77,57,33,9,2,133,0
CUST00514,31,102082.0,35.0,37,344.84,20256.43,20.1,136,38,43,9,13,1.74,278,36745,3,28,25,62,7,2,3,162,1
CUST00515,45,146322.0,1.0,17,204.32,26076.66,6.42,106,100,4,19,5,2.94,203,28893,2,21,74,72,6,12,7,135,1
CUST00516,22,29303.0,24.0,58,770.41,49827.01,2.17,125,27,54,40,10,4.32,96,9388,5,37,70,48,12,11,2,56,1
CUST00517,64,89719.0,57.0,87,727.18,6933.82,8.26,113,69,92,46,7,4.8,223,41756,3,53,16,35,20,3,12,177,1
CUST00518,66,117616.0,100.0,90,231.64,33837.71,7.04,64,57,29,22,11,3.54,237,36660,5,49,6,53,31,9,2,176,1
CUST00519,47,142165.0,70.0,29,852.06,19920.85,12.9,123,17,28,0,13,2.42,117,23708,9,68,55,46,10,2,12,114,0
CUST00520,63,104231.0,41.0,33,557.1,6823.89,19.55,114,71,25,1,3,3.41,192,24726,11,29,63,31,13,16,8,148,0
CUST00521,69,25314.0,54.0,60,807.96,8105.09,21.53,20,47,82,18,2,2.25,276,14008,10,22,19,52,10,8,4,122,0
CUST00522,22,37623.0,46.0,91,1008.09,47473.8,21.2,16,79,25,13,13,4.64,106,36017,1,46,37,31,1,0,9,35,1
CUST00523,29,123228.0,60.0,89,220.28,44004.15,9.31,145,110,36,7,0,4.48,4,111,4,20,74,61,33,17,0,70,0
CUST00524,33,115624.0,60.0,55,42.59,45370.69,17.34,19,13,90,37,9,3.23,18,49834,10,19,57,36,16,8,6,68,1
CUST00525,43,129785.0,57.0,10,939.34,49578.33,8.16,120,139,93,11,14,2.3,307,17545,5,22,15,37,13,19,6,57,0
CUST00526,43,104206.0,31.0,47,739.44,10574.11,1.99,136,124,52,25,14,2.17,20,40168,2,67,50,29,24,8,14,62,0
CUST00527,65,87274.0,84.0,23,845.57,17900.88,17.69,38,109,29,26,6,1.13,122,2379,12,20,26,57,26,1,5,15,0
CUST00528,38,71947.0,24.0,85,1009.02,33527.11,0.74,93,90,2,28,3,4.26,137,30237,2,20,50,31,7,18,5,133,1
CUST00529,56,66874.0,89.0,21,967.32,24293.37,10.52,105,86,42,14,13,2.8,80,45948,1,0,74,65,16,15,2,77,1
CUST00530,53,67708.0,36.0,13,1153.89,21035.8,8.57,100,92,6,45,7,2.3,154,21810,14,14,15,50,4,2,2,121,1
CUST00531,50,92553.0,85.0,33,652.4,18019.0,17.49,90,24,48,0,13,2.88,358,41120,8,16,59,10,11,15,9,179,0
CUST00532,47,86344.0,30.0,24,596.42,29770.28,19.27,44,73,72,42,2,4.27,25,17809,2,50,75,58,37,12,10,1,0
CUST00533,54,67138.0,24.0,11,494.23,28864.55,7.95,76,4,40,27,0,1.5,169,8469,3,62,39,19,17,2,8,113,0
CUST00534,40,65638.0,30.0,17,201.36,8240.6,20.38,145,113,76,2,4,4.43,59,27967,12,13,66,36,25,9,0,113,0
CUST00535,27,96249.0,86.0,68,695.68,23692.64,7.7,79,46,78,17,13,4.59,301,9748,2,58,1,72,30,17,6,123,0
CUST00536,22,123865.0,92.0,47,346.87,27762.89,11.43,73,18,53,33,1,4.79,41,23424,4,49,47,48,36,5,12,145,1
CUST00537,53,20719.0,7.0,25,1107.14,28600.29,18.31,140,43,68,31,2,2.59,38,20976,14,33,51,18,5,5,11,162,0
CUST00538,51,60534.0,35.0,94,708.17,10663.34,17.48,96,93,92,28,13,1.87,117,23914,1,5,23,54,14,17,10,85,0
CUST00539,69,110241.0,55.0,73,719.55,37165.12,24.69,89,103,98,24,5,2.49,275,30067,3,48,77,39,25,5,9,166,0
CUST00540,48,144209.0,92.0,21,438.81,1454.91,6.02,103,124,90,25,2,2.33,270,42875,5,5,1,6,11,5,6,128,1
CUST00541,27,110124.0,14.0,84,81.35,17870.63,16.73,146,10,26,38,2,1.7,127,12942,10,68,64,4,13,12,7,164,0
CUST00542,36,109659.0,10.0,83,57.46,39054.59,15.44,6,73,7,7,11,3.43,3,19491,1,6,19,41,0,13,5,20,1
CUST00543,49,93713.0,80.0,83,519.54,28281.87,22.92,122,31,31,18,5,2.91,293,49454,4,76,33,47,16,6,7,0,0
CUST00544,18,93418.0,16.0,12,119.79,13205.89,4.33,116,60,83,46,4,4.46,16,4533,6,50,40,6,32,12,0,131,1
CUST00545,22,146232.0,54.0,37,736.08,34808.67,18.92,62,131,63,41,9,1.13,265,23583,4,0,40,10,28,14,0,57,0
CUST00546,62,49575.0,95.0,42,1059.55,28456.07,14.42,144,118,9,21,8,3.58,239,37049,7,12,74,72,30,11,8,0,0
CUST00547,21,81852.0,89.0,17,1061.84,39852.93,7.23,136,14,12,28,0,4.05,263,27821,14,42,22,48,7,0,11,140,1
CUST00548,33,94242.0,77.0,48,797.67,36804.25,12.12,89,143,62,32,12,4.04,134,30261,7,26,37,29,29,2,3,173,1
CUST00549,41,47257.0,70.0,28,269.25,30583.37,8.68,96,2,92,37,2,4.54,213,37536,6,70,43,40,12,17,2,174,1
CUST00550,33,79246.0,44.0,41,1038.34,24511.25,14.69,126,24,34,44,2,3.92,15,29945,9,2,66,2,15,7,5,6,0
CUST00551,19,19435.0,73.0,99,1065.59,6832.47,22.28,90,64,60,45,10,4.71,328,17384,2,57,61,39,1,1,9,50,0
CUST00552,66,109357.0,45.0,47,252.05,13214.38,14.45,86,100,53,34,5,2.99,360,28410,13,16,11,50,17,3,11,2,1
CUST00553,45,101807.0,100.0,18,890.16,21071.15,15.98,138,114,7,42,7,3.01,129,12198,10,44,29,31,34,17,12,177,0
CUST00554,49,133953.0,56.0,78,358.09,30045.1,13.21,121,24,28,2,2,1.06,352,29354,8,77,64,47,18,12,11,153,0
CUST00555,44,141797.0,84.0,99,967.12,25782.65,1.75,76,91,94,18,2,1.03,122,7169,8,57,40,70,12,14,8,30,0
CUST00556,37,81888.0,82.0,71,1196.74,14551.59,6.21,92,26,40,9,5,1.96,241,40129,11,55,19,70,3,1,9,99,0
CUST00557,41,91609.0,57.0,13,55.43,521.93,12.55,70,65,29,26,7,1.4,115,31909,10,53,5,19,18,9,10,61,1
CUST00558,29,27077.0,21.0,82,1078.89,24912.71,8.1,148,120,85,14,5,2.04,197,3830,14,28,74,34,24,1,3,153,0
CUST00559,67,38953.0,68.0,13,754.7,14424.17,4.95,133,4,20,10,12,1.71,222,21404,14,53,3,23,37,11,8,194,0
CUST00560,52,132682.0,50.0,31,1168.59,36783.49,12.85,23,1,75,46,11,1.11,214,27757,11,26,9,39,30,4,14,107,0
CUST00561,50,85889.0,33.0,2,568.71,1392.52,8.41,137,50,10,25,13,4.64,80,35650,4,44,50,76,35,11,4,54,1
CUST00562,50,133374.0,91.0,16,1019.92,29324.43,6.82,58,110,1,23,9,1.03,263,33766,6,30,37,51,3,0,12,155,1
CUST00563,68,42860.0,7.0,9,93.63,47085.42,11.87,46,139,49,12,2,3.94,135,15942,11,35,0,38,38,1,6,43,1
CUST00564,60,95475.0,70.0,73,415.63,8885.58,3.77,22,74,40,31,3,1.61,306,32419,6,60,7,67,6,15,2,80,1
CUST00565,54,105266.0,15.0,38,99.08,23688.14,23.23,8,62,65,36,0,4.65,242,16668,5,36,62,60,15,1,2,165,1
CUST00566,29,118732.0,82.0,75,1170.9,4752.82,21.76,123,81,97,3,12,4.57,303,16246,14,66,32,75,4,15,11,29,0
CUST00567,20,45083.0,32.0,54,984.03,31358.96,17.84,20,56,2,12,7,3.62,270,24996,1,35,14,64,22,19,2,65,1
CUST00568,18,75372.0,75.0,56,1026.01,27616.48,3.1,78,111,79,8,3,3.69,287,3065,3,4,30,61,35,15,7,135,0
CUST00569,50,141786.0,20.0,86,1126.8,20486.8,19.51,39,21,50,48,5,1.02,50,10467,7,45,20,1,31,5,13,13,0
CUST00570,57,25813.0,88.0,97,120.42,26164.58,20.29,37,141,67,33,10,4.94,189,44844,8,78,2,5,23,12,5,100,1
CUST00571,27,49598.0,15.0,87,475.01,44849.42,19.31,75,9,86,36,2,4.51,297,21007,2,51,65,74,24,11,8,105,0
CUST00572,60,111106.0,48.0,45,103.82,9975.46,3.29,118,139,83,47,10,4.58,14,2543,3,48,34,42,27,9,8,102,1
CUST00573,61,45082.0,71.0,34,268.74,1323.71,16.28,104,70,24,6,11,3.64,232,28702,4,5,40,39,18,4,7,61,1
CUST00574,46,47241.0,21.0,9,290.65,43110.91,20.94,31,129,29,0,10,2.38,261,28833,14,9,58,38,6,7,0,74,1
CUST00575,30,29745.0,42.0,88,573.55,28940.43,14.65,123,118,81,11,5,4.57,192,10033,11,22,15,27,16,5,5,190,1
CUST00576,29,44029.0,26.0,8,336.9,44554.79,16.34,54,56,10,20,11,2.17,203,34169,5,16,55,79,1,4,3,78,1
CUST00577,48,141395.0,14.0,7,139.15,29927.87,11.73,34,31,92,10,10,3.25,261,16829,3,43,44,62,15,19,3,193,1
CUST00578,63,107186.0,57.0,36,217.64,40546.02,13.45,122,37,16,43,8,1.4,113,4522,5,40,58,63,38,5,2,106,0
CUST00579,19,115768.0,37.0,18,193.79,21597.73,1.34,113,91,25,43,8,4.69,352,20151,8,14,49,11,17,16,11,95,1
CUST00580,68,59846.0,58.0,3,1168.23,37543.02,16.15,62,114,22,43,9,1.56,36,35319,8,43,11,40,38,5,8,39,1
CUST00581,67,93932.0,21.0,28,915.97,45669.47,2.5,23,128,55,13,2,1.9,79,26543,14,57,11,28,0,16,1,140,1
CUST00582,52,41411.0,82.0,70,1161.96,28691.72,11.16,46,122,51,33,2,3.23,275,37584,2,49,32,22,2,4,0,106,1
CUST00583,40,96797.0,69.0,44,538.89,9203.1,7.67,56,69,47,33,3,4.06,278,30473,6,51,48,79,20,16,13,16,1
CUST00584,34,70307.0,3.0,21,348.47,13586.12,13.86,135,36,19,24,11,3.48,162,7699,4,69,20,50,29,16,14,14,0
CUST00585,43,40042.0,48.0,28,961.99,10092.5,3.77,118,32,1,3,6,1.93,312,2629,9,67,59,44,10,12,9,160,0
CUST00586,25,70930.0,90.0,54,404.98,12493.48,17.45,131,64,87,25,2,1.0,17,40455,10,62,51,21,21,6,2,15,0
CUST00587,46,115883.0,37.0,54,373.27,15459.49,19.98,113,48,30,15,9,4.03,204,10156,2,57,53,9,24,5,12,12,0
CUST00588,43,51756.0,88.0,65,294.36,27845.66,4.5,44,81,26,9,7,4.94,17,17441,8,22,38,6,2,13,14,150,1
CUST00589,27,71268.0,49.0,21,173.02,29481.98,3.06,128,149,1,44,10,4.24,202,30716,1,43,48,72,29,15,3,35,1
CUST00590,43,66901.0,19.0,99,322.63,21439.69,4.07,108,60,77,1,7,2.84,210,6834,11,43,63,14,23,2,3,42,0
CUST00591,51,117986.0,89.0,13,439.28,30847.95,21.99,17,141,3,34,5,4.62,78,18179,6,51,25,76,35,8,5,177,1
CUST00592,68,146386.0,85.0,57,815.31,4262.43,13.44,59,1,12,18,3,2.64,56,26219,11,66,70,45,22,14,0,113,0
CUST00593,58,23626.0,12.0,49,93.83,4571.85,11.95,138,65,99,5,10,3.1,80,37617,11,27,6,60,7,17,0,73,1
CUST00594,24,30857.0,61.0,54,268.4,8757.11,3.11,99,33,34,18,11,2.91,306,15782,14,66,71,60,3,9,1,80,0
CUST00595,21,44431.0,41.0,10,974.65,26000.26,16.41,84,38,71,7,10,2.79,58,15827,12,77,61,50,38,9,3,93,0
CUST00596,67,102976.0,33.0,53,193.37,10856.93,21.77,146,25,65,13,4,4.1,18,9431,10,17,23,37,30,2,6,140,0
CUST00597,62,100711.0,50.0,44,424.32,14307.56,20.79,45,59,5,9,11,3.11,208,36918,13,26,39,11,28,0,5,29,0
CUST00598,28,44385.0,68.0,47,1040.3,20135.58,15.84,108,101,30,2,1,2.27,135,44057,1,50,75,76,35,2,14,184,0
CUST00599,46,36639.0,71.0,53,202.81,40630.93,2.34,62,127,9,37,12,2.03,332,9496,2,59,46,65,12,4,10,29,1
CUST00600,53,103530.0,86.0,74,117.63,890.33,3.25,59,41,20,28,5,1.15,10,23331,3,73,7,53,8,6,8,198,1
CUST00601,42,39563.0,33.0,46,591.75,32539.07,1.71,138,57,73,14,2,3.33,69,39238,9,48,53,38,20,2,6,9,1
CUST00602,38,133672.0,81.0,13,376.86,33510.05,6.81,11,48,22,22,14,1.92,341,46025,5,14,8,75,2,3,11,98,1
CUST00603,53,100970.0,24.0,37,684.82,39973.06,3.82,102,72,2,22,5,2.99,83,23563,10,72,2,38,24,16,4,193,1
CUST00604,27,103553.0,61.0,24,968.49,46651.1,6.87,70,56,31,17,11,3.62,109,3712,10,67,53,77,24,2,5,93,0
CUST00605,54,100879.0,61.0,2,181.84,1202.86,9.93,123,65,19,45,4,3.72,44,28531,12,14,20,29,11,3,9,38,1
CUST00606,26,62859.0,98.0,86,705.22,7858.43,23.6,34,12,73,18,13,4.01,132,45489,2,50,47,47,28,1,8,36,0
CUST00607,41,70098.0,28.0,81,616.5,44331.33,15.45,101,69,28,27,1,3.01,18,32664,10,47,46,30,10,13,0,130,1
CUST00608,52,140413.0,58.0,14,190.01,23034.22,20.96,145,134,51,25,14,4.58,93,45263,5,71,67,24,10,4,10,88,1
CUST00609,66,18526.0,43.0,10,756.32,28316.61,17.9,104,89,45,9,11,4.75,294,12420,5,0,62,67,25,1,8,161,0
CUST00610,52,86760.0,41.0,35,342.9,33218.75,3.26,40,25,33,46,12,4.23,148,5315,1,6,15,50,13,14,5,165,1
CUST00611,65,65837.0,39.0,25,595.64,34017.52,18.53,19,1,83,3,13,3.54,172,5381,3,52,73,12,15,10,11,13,0
CUST00612,53,29536.0,86.0,3,117.08,46600.67,7.24,67,131,60,1,4,2.21,51,9497,5,30,4,62,9,9,3,191,1
CUST00613,35,46541.0,49.0,17,562.31,49848.08,16.16,82,49,71,2,4,4.93,19,29040,9,17,10,41,30,19,11,38,1
CUST00614,66,97083.0,17.0,12,381.63,36063.84,8.85,64,147,70,6,13,2.1,120,32375,10,11,28,53,30,0,4,181,1
CUST00615,56,52531.0,98.0,54,990.41,14503.62,24.94,83,60,69,15,8,1.81,324,13494,1,47,78,66,35,18,12,129,0
CUST00616,49,26712.0,70.0,24,87.23,44011.67,6.96,47,2,10,30,10,2.77,225,31752,8,29,69,79,9,13,0,42,1
CUST00617,41,122101.0,70.0,29,513.96,2651.2,7.34,6,73,81,9,7,1.23,66,25357,1,6,47,55,25,13,6,180,0
CUST00618,40,83455.0,98.0,43,560.95,11707.83,23.3,16,145,92,18,11,4.91,141,16950,9,2,14,18,19,0,12,130,1
CUST00619,49,92744.0,65.0,25,875.51,44889.81,1.1,146,110,88,27,11,3.35,189,15752,6,62,33,45,8,8,14,168,1
CUST00620,54,147749.0,74.0,60,697.66,12958.34,17.57,39,61,62,16,6,3.23,158,37390,1,5,59,14,14,16,14,7,0
CUST00621,29,23109.0,85.0,90,807.31,11188.42,18.27,113,17,20,27,14,3.62,98,4132,8,14,61,31,8,13,12,95,0
CUST00622,66,67268.0,5.0,65,936.92,7078.64,20.99,140,49,2,18,14,2.99,158,41598,5,70,1,48,6,12,7,190,1
CUST00623,30,72615.0,2.0,84,1037.4,42983.77,24.37,138,76,81,36,11,1.13,246,28276,7,42,79,20,25,12,10,64,0
CUST00624,40,100503.0,22.0,28,390.37,25102.9,24.4,71,148,87,22,12,3.45,344,39763,7,17,18,64,23,5,4,78,1
CUST00625,42,103708.0,57.0,16,654.87,33809.68,2.1,110,131,9,19,14,3.86,236,20551,7,21,48,69,11,6,1,131,1
CUST00626,52,120471.0,66.0,47,1011.33,12105.51,20.64,55,43,26,12,13,2.67,33,26975,6,60,77,26,19,1,7,67,0
CUST00627,58,101309.0,74.0,81,1187.55,37950.41,16.33,129,57,11,12,2,4.03,361,2670,11,60,27,22,13,7,9,91,0
CUST00628,47,144446.0,98.0,92,1069.63,38048.28,16.36,49,50,6,42,9,1.91,241,9364,8,52,47,46,21,5,6,9,0
CUST00629,34,124661.0,16.0,58,458.33,15767.38,3.64,21,37,16,10,3,1.89,330,26296,9,25,36,11,15,2,9,74,0
CUST00630,66,24154.0,51.0,76,250.3,20652.0,16.43,37,46,64,47,5,1.65,338,24680,12,39,73,65,28,17,8,177,0
CUST00631,37,82288.0,39.0,27,597.48,10642.58,24.57,116,15,63,14,2,2.49,275,18066,2,7,48,4,31,17,3,150,0
CUST00632,65,69195.0,86.0,53,895.14,48832.74,22.84,24,80,25,16,10,4.39,71,28892,7,20,47,8,18,5,10,60,1
CUST00633,42,38581.0,76.0,42,601.23,32351.01,11.26,55,139,14,49,8,4.31,313,10041,2,42,72,19,34,10,8,46,1
CUST00634,39,48087.0,88.0,59,590.15,46740.29,1.48,25,148,32,27,7,2.53,216,9054,6,20,28,62,31,2,3,2,1
CUST00635,30,87298.0,40.0,47,1009.11,15308.6,9.38,135,24,61,18,5,3.36,79,11637,2,2,59,71,19,15,2,102,0
CUST00636,36,64167.0,38.0,94,446.46,39138.17,20.75,127,125,46,3,3,3.88,169,10757,10,30,28,72,39,4,14,16,0
CUST00637,66,57499.0,60.0,34,1034.56,38339.76,17.69,93,118,94,21,6,1.96,298,41258,6,26,57,70,19,1,10,21,0
CUST00638,53,143816.0,59.0,37,500.03,34644.45,11.75,94,80,34,21,12,1.67,180,27484,2,26,47,29,7,14,2,115,1
CUST00639,29,114347.0,10.0,6,407.32,48288.82,1.85,71,94,64,36,14,4.89,116,12329,1,72,22,15,34,15,9,90,1
CUST00640,58,66787.0,48.0,7,555.71,19799.06,10.96,122,65,71,38,10,3.47,260,33538,7,56,26,4,12,6,1,143,1
CUST00641,36,53488.0,64.0,96,919.69,6709.72,11.99,24,88,75,33,2,4.93,260,27115,3,32,6,28,5,15,9,103,1
CUST00642,29,92441.0,63.0,96,168.68,33651.1,23.25,11,88,82,32,9,2.35,5,26038,14,43,48,46,15,3,2,2,1
CUST00643,26,40431.0,49.0,25,251.77,36519.63,16.21,73,145,24,43,14,3.81,297,36622,12,42,53,21,4,15,13,51,1
CUST00644,24,79681.0,64.0,33,1142.7,28838.02,8.14,12,126,56,41,7,1.89,108,35886,14,30,67,77,33,16,7,110,0
CUST00645,45,140720.0,32.0,55,227.08,10499.53,13.37,35,89,31,39,0,2.04,343,9901,13,64,77,56,5,1,10,160,0
CUST00646,31,67153.0,7.0,58,689.92,25321.91,2.12,141,61,62,32,2,3.05,360,17374,4,75,41,34,32,15,7,41,0
CUST00647,48,24368.0,21.0,7,703.59,15747.05,24.33,23,15,11,11,10,2.28,117,49862,13,16,73,59,14,3,1,129,1
CUST00648,69,130360.0,20.0,57,597.76,21487.83,9.32,83,94,62,1,4,1.67,357,46290,6,14,58,69,14,6,10,38,0
CUST00649,36,130755.0,26.0,12,780.8,32331.89,12.21,88,51,76,27,4,2.05,331,32806,5,33,43,59,13,17,1,45,0
CUST00650,64,74985.0,68.0,16,291.2,37311.69,9.2,80,27,91,9,9,1.14,331,17659,4,79,25,57,38,5,1,47,0
CUST00651,33,68069.0,86.0,80,672.14,11764.79,17.22,97,74,0,21,13,3.82,13,48770,9,3,22,2,4,17,9,26,1
CUST00652,22,70326.0,15.0,43,459.16,20385.2,16.72,140,61,50,16,1,2.97,142,23453,6,71,72,33,25,6,6,14,0
CUST00653,52,126737.0,85.0,77,800.77,13604.25,18.03,34,31,69,25,9,1.38,188,30498,6,78,7,44,16,1,14,6,0
CUST00654,29,68861.0,79.0,7,186.64,10091.85,7.07,75,12,7,2,7,1.69,281,4857,2,27,52,49,15,18,5,108,0
CUST00655,42,93897.0,86.0,51,693.64,39212.68,8.23,128,46,67,6,4,1.41,115,16312,6,72,13,1,34,8,11,184,0
CUST00656,69,145118.0,92.0,73,238.62,45480.78,3.57,141,32,4,43,6,3.45,236,1436,7,1,70,14,37,3,10,41,0
CUST00657,38,86577.0,14.0,32,348.8,18637.56,16.56,31,61,88,7,14,1.38,338,27569,8,16,6,36,22,13,0,8,0
CUST00658,53,27078.0,27.0,75,278.08,37613.69,1.48,130,46,85,19,6,4.02,10,24949,14,57,8,14,12,4,1,104,1
CUST00659,40,80768.0,40.0,8,235.75,44870.37,15.14,103,85,91,11,13,1.08,199,7693,8,73,2,59,32,6,13,133,1
CUST00660,33,69047.0,58.0,97,994.34,42336.99,21.81,15,80,38,34,4,2.0,252,45986,9,8,77,63,28,7,0,184,0
CUST00661,56,89626.0,28.0,87,357.13,9304.11,22.33,57,135,22,16,7,4.56,50,37019,10,30,16,51,33,14,14,75,1
CUST00662,62,75660.0,26.0,89,1114.01,47823.34,11.5,75,4,67,27,8,3.87,142,9305,11,65,43,22,33,18,11,29,0
CUST00663,59,135832.0,63.0,72,1164.51,18958.49,11.75,34,52,51,40,3,1.29,271,32646,13,61,45,36,26,10,10,182,0
CUST00664,56,148406.0,66.0,45,694.09,17094.18,2.39,103,112,3,9,3,4.28,16,27302,12,18,57,40,14,19,6,83,1
CUST00665,31,143150.0,25.0,86,188.74,3309.08,16.93,75,36,46,21,7,2.97,2,10590,3,73,27,56,8,3,5,125,0
CUST00666,48,51320.0,3.0,59,461.97,24411.45,20.62,29,54,20,37,0,4.39,158,40430,10,54,13,24,25,17,1,83,1
CUST00667,22,82881.0,72.0,4,961.32,5628.88,6.49,16,119,55,32,14,3.4,30,3123,7,27,8,36,2,13,1,53,1
CUST00668,52,108827.0,44.0,67,453.52,12577.28,10.82,77,127,65,21,3,3.73,82,49805,7,49,25,39,35,5,1,109,1
CUST00669,40,120215.0,97.0,29,122.68,15983.74,21.05,37,17,58,43,5,4.97,31,4158,1,64,1,45,4,15,7,26,1
CUST00670,46,79550.0,42.0,29,677.01,40479.55,21.99,81,75,6,36,12,1.93,236,8700,8,2,74,59,19,17,13,83,0
CUST00671,60,42826.0,99.0,98,1017.24,43799.33,6.46,149,105,48,12,3,3.5,333,10531,4,78,33,18,19,0,6,186,0
CUST00672,28,118734.0,6.0,98,959.19,15262.82,13.99,124,117,15,26,5,2.84,148,27738,5,51,18,8,4,7,0,6,0
CUST00673,35,116511.0,39.0,28,226.65,42963.17,5.22,19,43,16,14,4,1.16,177,9879,14,9,38,68,9,0,3,167,1
CUST00674,64,29653.0,52.0,77,813.86,42890.1,3.0,102,112,83,21,13,1.06,35,5543,6,20,12,4,15,0,10,103,1
CUST00675,29,99941.0,23.0,79,280.2,38279.62,22.82,136,115,86,29,8,1.48,23,46748,3,36,4,25,24,18,3,71,1
CUST00676,26,51662.0,89.0,87,277.48,7505.42,20.6,77,27,97,42,9,3.6,106,47924,5,14,49,18,24,9,6,1,1
CUST00677,27,116818.0,50.0,44,1051.4,34578.08,19.12,41,37,74,39,8,3.27,97,42348,10,77,22,29,29,17,1,141,1
CUST00678,61,113081.0,43.0,90,314.61,47262.2,1.69,61,46,33,36,3,3.21,230,18581,5,78,28,47,13,11,3,137,1
CUST00679,34,54877.0,19.0,4,330.63,34190.52,21.17,26,113,32,33,12,1.13,227,36679,1,73,71,15,21,16,0,49,1
CUST00680,55,129562.0,69.0,90,20.77,16714.52,11.23,71,35,25,43,13,2.88,100,13582,3,8,25,70,27,0,12,145,1
CUST00681,24,90715.0,51.0,9,1047.39,25128.85,8.89,103,132,65,33,3,4.7,55,43888,3,43,78,17,29,7,14,17,0
CUST00682,63,128091.0,11.0,5,955.26,32357.11,13.89,70,80,62,47,11,2.59,195,30276,1,38,56,55,18,9,12,15,0
CUST00683,30,97148.0,12.0,56,760.25,25626.41,2.74,107,80,86,34,7,3.5,8,38003,13,4,0,20,37,9,10,51,1
CUST00684,57,101186.0,74.0,96,905.31,6173.66,19.04,107,121,40,41,9,4.12,315,4799,7,24,27,30,19,17,10,196,0
CUST00685,59,141629.0,8.0,84,199.42,15740.79,14.77,103,147,85,18,14,4.14,128,25091,1,55,61,0,34,8,3,179,0
CUST00686,26,88316.0,24.0,50,560.82,40159.32,5.07,19,122,57,7,3,3.08,32,28234,7,63,46,2,21,1,10,158,1
CUST00687,67,46380.0,92.0,75,434.44,43098.62,5.11,68,81,97,38,1,4.43,93,46993,4,71,77,24,14,2,14,83,1
CUST00688,44,128198.0,41.0,15,130.66,7037.54,5.01,70,119,78,32,12,2.57,7,24605,9,51,58,7,10,1,13,150,1
CUST00689,19,20356.0,36.0,32,593.63,47628.86,1.9,113,58,9,43,12,4.55,258,49477,7,75,30,64,33,5,0,95,1
CUST00690,22,88326.0,85.0,28,1106.47,16575.37,14.9,57,63,14,27,13,1.96,341,36534,5,8,69,61,23,11,1,41,0
CUST00691,46,110447.0,72.0,22,67.27,33183.22,21.09,61,100,41,36,14,2.12,220,31668,7,9,48,6,5,18,1,189,1
CUST00692,54,132994.0,55.0,17,363.92,37640.89,0.93,92,66,92,47,1,1.21,240,4111,9,9,4,6,16,14,11,112,1
CUST00693,55,38049.0,9.0,59,264.9,40634.92,1.7,30,145,56,24,0,2.99,106,24686,10,72,30,7,27,18,9,177,1
CUST00694,36,123361.0,47.0,90,301.01,47298.34,14.53,127,85,86,35,4,2.67,36,7015,6,61,36,18,30,11,11,123,0
CUST00695,25,34082.0,15.0,71,1091.95,15783.39,20.58,115,137,16,16,14,1.92,45,6856,1,59,78,16,35,17,2,14,0
CUST00696,65,18661.0,48.0,57,572.32,42953.62,8.51,6,144,59,23,5,1.93,298,16490,6,18,14,10,8,15,7,89,1
CUST00697,62,20920.0,82.0,26,570.23,6758.01,9.07,18,123,8,20,8,2.99,309,35194,1,37,51,48,9,1,10,171,1
CUST00698,18,97561.0,42.0,25,917.48,35311.04,15.11,10,2,35,1,4,4.34,9,14497,13,5,68,10,20,10,5,41,0
CUST00699,39,26946.0,60.0,10,202.3,37150.49,7.22,92,106,72,30,12,3.21,87,23194,12,14,10,40,33,11,5,44,1
CUST00700,69,34309.0,48.0,45,594.97,33950.62,1.15,139,108,79,43,5,3.46,331,44104,4,46,42,61,30,4,8,93,1
CUST00701,34,73230.0,70.0,83,527.38,12765.27,18.51,77,72,35,32,5,2.9,177,5316,14,44,69,51,28,5,7,106,0
CUST00702,24,129822.0,12.0,11,724.35,43677.55,15.83,101,126,47,29,2,2.57,130,38130,8,4,22,65,10,10,1,162,1
CUST00703,42,130340.0,2.0,77,1199.48,8609.15,14.73,84,57,50,11,11,4.66,195,4693,5,77,39,67,32,9,14,21,0
CUST00704,62,77321.0,7.0,53,927.95,2871.01,18.67,52,81,96,43,3,1.5,11,41758,5,52,62,74,0,3,5,127,0
CUST00705,21,92131.0,80.0,72,489.48,35929.76,17.04,31,141,94,11,0,2.67,306,29954,13,65,1,66,20,8,0,37,1
CUST00706,53,43963.0,3.0,68,996.51,23878.69,5.54,145,19,69,48,3,2.38,122,47901,10,61,78,39,22,11,12,96,0
CUST00707,23,119757.0,3.0,95,221.44,42485.08,9.14,110,7,73,23,0,2.99,235,21652,11,22,72,4,8,9,13,197,0
CUST00708,48,117259.0,27.0,28,55.95,19293.18,3.59,93,137,79,23,14,2.83,331,14178,8,43,46,21,0,13,8,191,1
CUST00709,36,57063.0,40.0,75,261.25,8580.27,3.68,53,54,67,10,4,3.08,31,43397,8,51,29,36,20,4,3,100,1
CUST00710,61,132225.0,33.0,65,421.69,41854.82,17.07,145,104,21,12,10,1.56,348,14751,1,45,15,10,21,0,3,6,0
CUST00711,56,134400.0,92.0,49,622.49,27535.7,21.54,86,86,76,26,10,3.05,224,425,13,18,58,43,3,4,8,43,0
CUST00712,44,98818.0,1.0,47,745.85,9621.95,24.09,2,82,79,7,7,1.97,153,3044,13,46,46,52,0,15,2,75,0
CUST00713,27,22703.0,8.0,52,1094.51,36075.12,15.89,86,61,92,9,7,1.74,212,11480,5,51,29,76,9,4,4,6,0
CUST00714,43,90099.0,32.0,88,621.63,25653.46,5.01,133,87,5,7,4,1.26,92,43874,12,23,8,60,14,4,0,193,1
CUST00715,36,49585.0,48.0,54,611.51,30294.79,3.09,4,2,25,19,13,4.05,331,38997,5,16,64,66,35,17,5,59,1
CUST00716,56,61585.0,4.0,60,79.29,23152.74,20.41,6,31,74,7,9,2.71,348,1239,8,45,58,12,28,5,2,0,0
CUST00717,20,44958.0,94.0,57,61.2,41469.71,14.68,149,33,87,8,1,3.51,129,6566,1,63,63,10,4,17,0,61,0
CUST00718,62,44017.0,70.0,47,670.37,41512.22,15.65,118,80,92,6,11,3.91,197,19775,7,27,7,10,28,9,9,86,1
CUST00719,30,142677.0,19.0,31,537.05,35527.56,19.65,89,11,2,13,5,3.72,42,36981,7,49,51,6,26,14,5,88,0
CUST00720,67,47426.0,32.0,46,1010.23,5448.99,17.73,14,128,51,27,0,2.88,228,3006,13,63,17,16,24,10,13,17,0
CUST00721,45,35778.0,9.0,26,209.6,41974.92,20.94,56,135,73,1,6,2.55,194,7025,9,27,57,47,15,18,11,107,0
CUST00722,37,60229.0,12.0,5,49.47,33616.45,1.88,81,128,59,42,10,2.5,18,19423,2,55,48,13,15,12,9,134,1
CUST00723,45,104652.0,11.0,84,549.87,34911.8,18.81,149,31,62,7,3,3.56,333,39326,3,58,31,62,35,19,1,114,0
CUST00724,25,146267.0,46.0,52,300.22,18276.55,21.35,46,126,64,12,4,2.98,243,25174,4,4,47,63,24,2,7,53,0
CUST00725,58,144503.0,16.0,75,78.54,43988.12,7.51,144,47,51,20,5,4.4,276,26663,1,53,44,74,0,15,13,66,1
CUST00726,56,102878.0,1.0,54,875.03,36323.51,16.19,16,107,89,46,10,4.5,127,33952,7,43,53,76,4,6,12,92,1
CUST00727,18,75056.0,63.0,33,151.68,5807.01,8.2,120,19,75,27,0,1.68,75,27326,14,41,45,64,19,11,14,137,0
CUST00728,20,37975.0,21.0,50,737.82,20507.35,23.97,84,81,13,34,8,1.54,62,31139,10,71,30,33,4,14,10,188,1
CUST00729,30,106397.0,30.0,38,351.64,44341.74,1.32,8,123,88,22,9,3.52,288,47198,3,56,36,8,35,7,11,58,1
CUST00730,45,51142.0,13.0,27,224.73,2550.4,14.7,88,134,71,45,3,2.2,186,8102,3,46,15,76,28,16,1,186,1
CUST00731,66,44916.0,34.0,98,468.11,48078.55,4.58,131,107,67,14,7,1.07,178,46637,3,75,45,36,33,0,3,68,1
CUST00732,42,82324.0,4.0,15,965.71,34022.3,17.95,19,49,27,1,4,4.55,166,7116,8,24,45,29,17,7,13,190,0
CUST00733,50,143932.0,28.0,96,482.67,31642.52,4.81,97,73,70,11,10,1.91,183,12937,9,43,77,40,1,13,2,97,0
CUST00734,55,114059.0,95.0,61,905.91,13673.85,6.27,66,50,9,35,7,4.72,28,30161,10,14,60,44,15,9,8,7,1
CUST00735,23,116317.0,59.0,21,168.07,12589.83,12.61,79,81,56,2,14,3.87,330,4383,13,50,45,46,28,18,1,54,0
CUST00736,61,53046.0,27.0,46,931.87,47114.5,22.91,86,95,99,4,0,4.05,247,20320,14,52,50,6,32,7,2,133,0
CUST00737,62,119459.0,69.0,69,299.58,15053.97,5.69,124,12,65,2,7,1.81,337,4507,2,33,61,13,15,18,6,128,0
CUST00738,49,63893.0,25.0,6,819.32,38820.16,4.03,46,23,89,46,10,1.94,22,14735,10,76,34,47,34,3,3,55,1
CUST00739,62,119520.0,3.0,38,687.62,19777.47,19.09,113,54,49,18,12,3.09,96,29713,10,7,41,5,16,9,5,103,0
CUST00740,64,143818.0,97.0,62,1116.39,7134.85,12.77,91,118,13,1,10,1.69,122,16519,1,76,44,33,3,2,2,113,0
CUST00741,38,79272.0,68.0,86,477.04,733.62,22.84,141,59,15,43,3,2.22,250,2025,14,69,67,79,3,3,0,87,0
CUST00742,33,85649.0,25.0,62,98.07,27304.02,4.09,33,3,53,36,1,2.29,308,19919,9,20,74,45,24,15,10,137,0
CUST00743,38,82674.0,20.0,82,42.6,48793.79,16.33,133,58,42,16,10,1.64,334,37622,6,6,46,58,32,3,5,107,1
CUST00744,28,104475.0,34.0,78,995.69,18582.98,6.21,77,57,41,13,5,1.82,326,38135,14,78,78,69,13,19,3,22,0
CUST00745,54,79367.0,26.0,74,639.19,17988.18,4.34,121,145,80,27,1,4.15,137,35658,9,55,29,7,23,19,1,143,1
CUST00746,53,139750.0,5.0,46,934.79,17335.76,17.24,128,90,21,26,4,1.67,277,19141,6,48,23,23,10,12,6,100,0
CUST00747,52,136154.0,99.0,13,296.62,26123.08,15.05,78,55,67,9,1,1.11,320,29696,2,41,65,66,24,16,14,143,0
CUST00748,36,62738.0,61.0,95,427.2,22145.11,18.99,67,45,18,2,2,3.52,332,3773,1,22,42,3,27,15,9,55,0
CUST00749,37,51397.0,92.0,94,55.52,44019.75,8.08,115,1,65,35,10,4.9,61,24956,14,51,33,0,6,16,12,107,1
CUST00750,35,100189.0,93.0,3,1154.56,25374.94,11.48,63,21,38,37,5,2.32,250,15819,8,78,22,33,35,5,11,94,0
CUST00751,64,94367.0,9.0,94,808.08,25486.34,10.43,113,21,72,24,0,1.47,95,1528,3,52,60,8,9,2,14,5,0
CUST00752,58,138585.0,50.0,6,1121.18,7090.91,24.61,94,52,18,21,5,3.28,296,20955,1,15,36,62,35,19,12,29,0
CUST00753,66,85688.5,6.0,93,333.29,49140.43,7.66,48,82,15,47,2,4.63,184,44588,8,36,12,75,30,3,4,190,1
CUST00754,31,129453.0,83.0,8,741.53,12648.65,7.72,12,67,53,38,6,4.14,260,5049,12,17,70,9,18,7,5,128,0
CUST00755,32,37816.0,60.0,44,820.63,3853.53,9.19,145,113,24,46,1,3.49,287,33616,1,19,6,9,17,19,5,50,1
CUST00756,48,97530.0,44.0,33,394.71,33224.68,14.33,40,44,17,29,13,2.26,155,20511,8,45,41,49,5,8,13,105,1
CUST00757,18,126856.0,11.0,81,1020.77,29849.25,6.68,85,10,22,20,5,3.17,186,10119,1,1,37,43,27,0,8,88,0
CUST00758,20,89635.0,66.0,75,1137.65,20874.25,22.92,57,64,84,29,7,1.36,69,10357,9,62,51,47,6,12,11,126,0
CUST00759,33,125803.0,47.0,77,1064.13,21225.17,7.01,87,69,10,27,14,3.72,326,16167,14,2,43,5,37,1,1,45,0
CUST00760,40,53946.0,73.0,50,892.1,39296.18,22.45,84,68,38,30,14,3.9,261,45246,9,45,63,23,11,9,11,120,1
CUST00761,28,73204.0,85.0,11,347.41,9946.49,3.04,121,28,67,25,14,4.86,115,22253,12,48,12,57,33,18,5,148,1
CUST00762,29,33563.0,88.0,95,352.31,41048.62,16.59,74,116,24,42,0,2.04,347,34889,13,0,27,63,24,16,8,98,1
CUST00763,27,110324.0,98.0,28,1156.77,32507.61,22.72,107,51,62,21,10,1.07,8,45678,9,21,0,55,16,12,11,165,1
CUST00764,49,27847.0,86.0,70,32.14,21064.69,4.63,124,4,95,20,10,3.18,265,29798,3,13,42,11,32,13,3,68,1
CUST00765,33,44155.0,3.0,41,864.94,23009.83,24.22,100,79,29,0,12,3.83,271,4681,4,44,41,34,22,10,12,62,0
CUST00766,25,97671.0,76.0,16,853.37,12981.03,11.6,43,17,44,36,8,4.16,249,14755,5,5,49,70,8,9,11,49,0
CUST00767,55,134891.0,92.0,68,754.77,37655.29,23.67,119,108,89,12,4,1.77,105,472,6,64,59,5,5,6,12,11,0
CUST00768,29,101310.0,30.0,99,1188.33,25741.16,17.08,23,74,60,20,4,2.05,263,32881,9,20,0,64,1,9,12,68,0
CUST00769,41,149691.0,90.0,48,388.02,16178.56,7.89,37,23,99,45,12,3.05,224,13690,13,3,50,79,37,0,10,72,0
CUST00770,45,52707.0,21.0,56,421.17,29883.3,5.11,134,18,50,8,11,2.32,328,25912,11,2,15,59,8,13,5,43,1
CUST00771,25,99537.0,28.0,64,113.15,49787.58,7.94,65,129,97,16,4,4.44,271,6473,12,29,38,67,2,2,6,51,1
CUST00772,45,109155.0,90.0,59,542.5,21876.06,2.78,134,35,8,46,5,2.9,165,41298,4,30,14,28,15,12,0,8,1
CUST00773,53,18281.0,62.0,90,328.04,46050.43,4.02,22,64,75,20,1,4.2,83,18669,14,33,32,37,24,1,4,192,1
CUST00774,43,94260.0,33.0,62,425.2,17381.84,3.06,105,59,1,30,5,3.32,295,33964,14,19,52,21,23,16,3,117,1
CUST00775,25,82178.0,85.0,76,1004.79,2925.69,10.86,88,1,4,38,13,4.09,134,16462,6,53,16,7,28,2,12,9,0
CUST00776,67,51997.0,35.0,11,1123.87,10371.26,19.99,125,131,61,21,10,2.33,211,20943,13,24,5,62,39,14,12,45,0
CUST00777,45,137273.0,52.0,89,239.17,21051.02,3.96,79,67,68,11,3,4.33,313,38785,1,14,30,12,25,7,12,102,1
CUST00778,45,144945.0,34.0,18,459.56,11137.82,3.69,90,37,51,5,7,2.1,92,35420,2,37,68,26,37,5,9,185,0
CUST00779,54,63272.0,41.0,19,1115.78,211.31,16.26,51,29,85,15,12,3.18,337,10832,8,22,39,17,34,8,14,36,0
CUST00780,58,107393.0,51.0,87,92.93,45767.08,5.33,102,89,4,25,10,1.86,127,5385,4,51,29,17,22,10,14,51,1
CUST00781,53,79212.0,47.0,55,128.99,42225.19,2.89,106,100,58,4,8,2.9,191,30362,10,65,68,76,3,1,1,98,1
CUST00782,44,138030.0,82.0,82,212.09,37166.15,4.59,60,122,67,8,8,2.27,159,14708,7,56,75,61,13,8,1,80,0
CUST00783,34,74503.0,58.0,26,722.35,8557.17,23.13,46,90,8,45,7,2.07,331,23438,4,56,6,13,38,17,1,12,0
CUST00784,26,24570.0,75.0,6,197.56,6194.11,20.63,36,132,92,39,2,4.87,335,17211,14,78,12,10,6,18,6,133,1
CUST00785,50,86785.0,57.0,4,1162.33,3566.72,9.17,11,14,21,13,9,1.64,10,14571,9,51,3,16,7,17,10,185,0
CUST00786,37,27110.0,23.0,29,547.12,36256.65,16.57,12,131,26,43,10,4.15,107,21307,9,34,49,50,18,4,12,100,1
CUST00787,30,97141.0,48.0,59,611.79,46454.64,13.66,39,85,9,41,10,4.94,87,11002,4,73,2,13,1,17,10,127,1
CUST00788,45,30115.0,22.0,98,311.06,21640.68,17.09,139,21,79,29,3,1.08,67,36153,13,13,11,56,0,11,3,47,1
CUST00789,65,57062.0,17.0,17,575.73,6133.21,17.23,36,26,60,25,0,3.8,62,22440,8,13,64,5,37,3,14,159,0
CUST00790,46,40911.0,69.0,43,801.06,25717.16,15.9,52,41,50,44,8,2.01,146,1965,6,32,26,56,12,14,5,10,0
CUST00791,30,122061.0,11.0,80,906.39,17571.83,7.02,31,122,9,28,4,1.16,153,32556,1,51,49,3,23,10,6,80,0
CUST00792,63,50556.0,94.0,66,909.56,18866.28,1.46,33,38,5,18,5,2.61,107,2427,7,0,76,10,31,18,8,4,0
CUST00793,52,146335.0,15.0,34,701.91,31142.27,11.66,141,88,61,46,2,4.74,148,35609,1,33,16,73,29,4,10,5,1
CUST00794,23,19969.0,91.0,8,1087.14,35992.16,22.33,146,11,4,7,10,1.05,186,25189,3,18,71,10,5,5,1,116,0
CUST00795,35,61753.0,35.0,13,984.54,5708.06,14.45,58,29,69,22,9,3.35,349,25138,8,23,31,78,37,12,9,148,0
CUST00796,68,139863.0,33.0,8,913.32,1972.39,20.89,128,60,62,41,7,3.01,342,6563,9,3,50,7,32,9,11,41,0
CUST00797,22,28225.0,84.0,94,85.61,49717.65,24.79,31,61,55,34,14,4.49,178,14387,3,35,16,58,22,13,12,80,1
CUST00798,64,141008.0,16.0,96,28.12,11789.87,4.51,55,147,58,30,6,1.34,335,5840,1,76,33,20,9,3,8,154,0
CUST00799,42,123823.0,34.0,94,270.69,2880.76,17.45,10,22,62,34,0,3.73,266,15154,1,57,34,64,14,19,10,2,0
CUST00800,19,31669.0,66.0,65,802.96,9655.79,17.02,130,78,88,31,9,3.72,149,24194,7,31,23,23,22,11,4,59,0
CUST00801,27,142398.0,99.0,43,505.21,2140.1,24.51,15,113,58,4,11,3.68,247,46861,5,8,53,29,35,14,12,193,0
CUST00802,47,128677.0,40.0,39,494.84,19712.18,24.65,3,123,50,15,4,4.77,254,22448,13,79,17,56,0,9,5,92,1
CUST00803,67,66320.0,28.0,81,1063.81,40159.61,17.32,43,142,49,16,9,4.29,29,30924,14,66,49,79,7,10,5,48,1
CUST00804,62,143354.0,47.0,59,1076.76,17193.97,6.47,67,44,3,31,8,1.17,352,23528,1,19,45,72,2,8,10,33,0
CUST00805,22,106009.0,39.0,84,1092.83,22320.33,20.06,56,144,47,37,11,2.88,266,29402,6,73,47,16,13,10,2,36,0
CUST00806,50,46625.0,70.0,88,390.38,33844.22,3.12,63,97,31,31,10,2.59,13,4352,14,61,32,58,16,1,10,41,1
CUST00807,18,42089.0,73.0,86,835.45,25542.92,19.63,15,77,50,19,11,2.24,47,184,6,57,26,30,33,12,10,192,0
CUST00808,35,54487.0,20.0,93,340.53,43100.0,22.8,109,140,51,47,5,2.81,151,10384,14,21,0,63,5,7,9,187,1
CUST00809,49,128448.0,1.0,86,244.92,43328.58,9.88,116,55,98,1,7,2.54,50,14319,4,66,58,47,4,7,6,0,0
CUST00810,64,68138.0,72.0,44,237.87,693.55,15.95,92,51,73,19,9,2.73,215,20449,7,74,9,22,39,0,14,186,0
CUST00811,66,72061.0,87.0,9,423.69,38946.71,11.04,138,102,33,46,0,4.92,132,41205,7,47,24,69,28,5,12,131,1
CUST00812,28,119376.0,63.0,37,527.35,23144.53,11.23,47,29,35,17,9,1.35,113,10426,12,7,56,29,34,12,6,102,0
CUST00813,38,97134.0,67.0,74,1000.52,49444.26,8.1,57,69,69,0,10,4.69,252,7504,9,72,65,54,17,8,7,141,0
CUST00814,43,65055.0,4.0,36,161.47,24264.96,19.17,50,80,42,28,6,2.92,341,33368,12,14,14,6,39,5,4,109,1
CUST00815,42,37508.0,58.0,92,887.21,49347.42,23.44,71,31,15,28,2,3.49,53,40572,1,31,27,74,29,14,1,145,1
CUST00816,39,128169.0,25.0,28,647.12,37777.55,23.55,143,112,58,18,8,4.32,130,46017,5,52,12,11,14,15,14,33,1
CUST00817,44,26125.0,47.0,42,359.78,12580.52,4.78,146,46,52,43,5,2.44,324,38305,10,66,13,59,14,3,12,0,1
CUST00818,66,54059.0,38.0,43,601.53,27012.07,21.93,82,97,18,39,4,2.72,193,32094,3,3,65,51,15,16,2,52,1
CUST00819,30,121409.0,15.0,85,373.93,49608.35,18.57,116,52,97,5,7,2.64,79,14685,7,29,33,26,32,8,8,21,0
CUST00820,50,23704.0,63.0,88,723.38,42905.02,6.69,105,138,88,43,7,2.5,57,8724,4,12,24,11,9,11,14,188,1
CUST00821,51,129279.0,21.0,42,531.94,5048.87,2.15,88,74,94,38,11,4.7,97,5084,4,20,53,12,18,18,5,149,0
CUST00822,58,136516.0,99.0,66,214.0,35377.33,7.07,2,41,40,49,11,4.32,198,34810,13,40,78,71,36,19,7,177,1
CUST00823,52,132044.0,57.0,55,157.57,17409.86,22.85,104,77,80,45,2,1.44,135,16741,12,18,11,79,2,11,7,15,1
CUST00824,18,47165.0,53.0,72,665.1,547.72,16.01,84,131,46,7,1,1.43,147,16761,1,47,8,61,35,5,13,155,0
CUST00825,38,85203.0,46.0,48,1084.85,20293.35,18.17,43,114,93,23,14,2.71,172,13336,1,62,30,28,3,11,4,118,0
CUST00826,65,22114.0,14.0,91,425.87,11890.77,6.8,71,52,53,19,1,1.39,63,20872,10,19,77,34,10,8,0,85,0
CUST00827,23,54321.0,100.0,22,884.94,40979.69,18.13,94,87,54,13,13,3.48,65,13414,2,63,52,59,32,19,5,197,0
CUST00828,45,91297.0,76.0,27,797.22,16999.06,1.19,42,109,94,4,4,1.57,295,4797,2,36,42,28,27,4,6,41,0
CUST00829,34,114652.0,17.0,93,1119.23,41410.68,9.7,133,141,18,40,9,3.09,211,3307,1,30,37,30,31,2,8,193,0
CUST00830,22,117304.0,39.0,67,988.76,229.78,15.86,139,69,61,39,11,1.03,109,46489,8,73,41,76,15,1,1,70,0
CUST00831,48,35772.0,9.0,13,688.59,15529.39,4.08,65,120,98,33,6,2.27,282,32568,6,17,71,75,8,7,11,116,1
CUST00832,22,121754.0,99.0,45,795.3,12210.03,20.66,34,67,92,15,7,3.71,172,2596,6,19,47,60,10,9,12,162,0
CUST00833,55,21712.0,77.0,10,1080.1,11831.65,6.26,120,61,58,44,9,2.94,12,17167,10,10,66,1,5,14,1,19,0
CUST00834,20,133142.0,79.0,9,491.43,3595.69,16.48,1,71,64,6,14,4.91,333,22308,10,43,65,32,26,8,9,107,0
CUST00835,40,109736.0,82.0,54,405.62,9518.79,10.43,130,30,67,15,7,4.5,220,24215,9,63,15,71,11,9,0,129,1
CUST00836,54,69924.0,97.0,27,32.76,27866.37,15.1,148,146,27,6,12,2.44,342,11795,5,33,15,61,21,10,4,6,1
CUST00837,54,21726.0,6.0,34,995.33,14709.78,3.13,61,96,17,26,11,1.18,286,14984,4,64,30,58,39,8,1,176,0
CUST00838,27,107152.0,91.0,1,965.16,20986.26,0.91,149,56,25,13,7,4.38,172,12134,11,54,57,39,36,13,2,8,0
CUST00839,27,45723.0,23.0,32,143.26,18967.97,22.78,88,53,18,13,14,4.64,236,10782,6,73,27,48,20,4,1,26,1
CUST00840,36,144969.0,59.0,89,700.69,43820.07,7.11,68,7,54,43,9,4.28,166,42002,8,0,3,31,32,8,10,129,1
CUST00841,34,118494.0,91.0,93,567.5,45283.89,20.58,127,97,56,32,11,1.51,187,21651,14,37,9,37,16,3,3,84,1
CUST00842,38,53643.0,98.0,71,160.08,24749.26,24.98,140,113,5,32,10,4.99,170,24022,1,8,50,78,28,1,10,195,1
CUST00843,31,121896.0,46.0,67,1177.07,16641.77,5.68,22,125,0,43,2,2.03,52,18922,7,70,17,12,39,18,2,59,0
CUST00844,26,111680.0,38.0,84,273.34,5518.68,7.0,148,132,7,19,13,3.9,319,14618,8,16,46,53,9,0,8,111,0
CUST00845,63,114546.0,14.0,20,99.34,47679.46,16.74,82,121,96,46,10,4.63,189,17245,9,51,31,75,17,0,9,85,1
CUST00846,18,97973.0,100.0,94,721.92,3199.3,24.15,129,38,50,35,1,1.94,120,18260,11,17,29,12,12,11,11,176,0
CUST00847,68,81449.0,72.0,35,891.86,15022.98,22.94,30,122,84,6,12,4.63,105,10027,8,62,35,38,26,10,1,129,0
CUST00848,62,127834.0,62.0,99,58.28,15043.7,12.82,126,26,87,31,3,2.24,162,13986,7,32,8,22,9,0,6,144,1
CUST00849,30,43537.0,35.0,91,797.29,16155.98,19.98,97,129,24,47,14,4.91,295,45168,3,3,35,13,31,13,14,82,1
CUST00850,21,95576.0,19.0,90,648.1,8381.48,3.83,24,4,46,2,0,2.13,41,3526,2,74,28,16,2,10,10,103,0
CUST00851,18,125522.0,30.0,78,141.85,39201.44,24.45,14,39,54,38,2,4.81,364,26261,3,51,15,23,21,6,13,87,1
CUST00852,66,40612.0,78.0,17,223.58,6300.39,24.13,36,54,63,28,10,1.21,165,44361,4,8,20,57,26,1,2,19,1
CUST00853,57,24471.0,84.0,18,690.21,31818.35,4.51,24,33,82,23,8,3.84,321,1622,4,63,63,62,2,14,9,125,0
CUST00854,49,49348.0,25.0,45,369.7,6367.53,7.84,95,20,92,21,6,3.13,335,38286,6,29,65,33,32,7,7,97,0
CUST00855,51,19177.0,40.0,93,1127.21,3712.67,2.95,55,16,9,5,6,2.91,160,29533,12,7,58,50,1,19,3,159,0
CUST00856,45,50779.0,88.0,84,986.11,45489.59,7.16,24,149,55,47,0,1.89,264,35425,7,4,27,9,10,14,13,50,1
CUST00857,48,39636.0,14.0,53,1180.61,9668.41,20.49,26,127,11,23,6,3.82,353,18316,12,75,54,71,9,7,3,87,0
CUST00858,25,99889.0,26.0,91,326.41,41098.26,9.77,80,87,32,39,9,1.76,18,8699,4,62,30,20,38,9,8,169,1
CUST00859,56,71551.0,87.0,82,1164.27,27322.62,2.67,65,82,70,22,6,3.21,173,13955,10,0,32,36,32,18,10,62,0
CUST00860,43,64819.0,22.0,68,528.86,4077.25,8.88,75,62,16,37,3,2.01,352,31543,6,14,59,6,6,2,2,88,0
CUST00861,51,91770.0,48.0,65,430.07,47781.32,24.54,43,31,60,9,6,4.82,33,35424,9,37,40,12,14,19,6,188,1
CUST00862,20,96714.0,83.0,1,79.41,12498.67,15.93,29,42,9,15,7,1.11,261,16673,14,41,45,79,25,13,0,189,0
CUST00863,67,42596.0,51.0,58,82.26,43010.34,10.7,81,12,30,10,2,1.8,210,23395,6,45,48,29,10,8,6,130,1
CUST00864,29,82106.0,3.0,26,836.57,8606.74,4.58,54,65,59,31,12,1.97,330,38626,14,52,64,30,37,8,9,88,0
CUST00865,18,77182.0,42.0,20,560.36,42726.36,24.66,39,73,69,44,9,2.66,164,23707,3,25,41,4,26,5,10,91,1
CUST00866,61,105163.0,19.0,87,287.3,858.79,20.61,42,131,16,5,1,1.93,5,19213,1,60,22,31,38,7,1,75,0
CUST00867,22,57310.0,73.0,10,744.48,25686.67,7.4,29,115,49,23,6,2.97,34,10401,11,66,26,15,6,10,11,25,1
CUST00868,47,74088.0,28.0,59,318.37,38518.24,2.22,131,137,36,32,4,4.49,280,21196,10,53,31,72,0,7,13,175,1
CUST00869,47,85688.5,48.0,75,701.61,46752.82,1.89,138,106,81,11,4,3.85,145,25976,10,21,2,21,9,11,13,107,1
CUST00870,34,54914.0,45.0,41,443.87,45478.27,3.45,142,16,61,26,13,3.32,351,8758,13,25,59,63,20,9,5,7,0
CUST00871,65,128350.0,71.0,5,991.79,41017.32,14.73,42,78,89,37,4,1.36,71,1473,5,59,75,43,14,3,14,132,0
CUST00872,64,63379.0,78.0,65,988.42,44431.93,23.25,94,125,79,17,14,3.78,348,13281,10,38,78,39,29,15,12,138,0
CUST00873,40,64413.0,63.0,17,583.27,10121.14,12.67,32,131,71,44,6,1.67,230,48732,10,35,16,36,29,19,8,41,1
CUST00874,32,25151.0,73.0,22,433.97,14352.38,21.15,26,141,87,38,8,4.15,125,32548,3,20,31,77,7,5,5,118,1
CUST00875,54,75716.0,19.0,98,447.82,14590.63,11.42,115,130,76,12,10,2.0,278,18371,8,40,6,15,23,8,2,168,0
CUST00876,38,111747.0,47.0,41,970.74,18977.29,17.86,129,112,28,39,7,2.67,271,28363,10,47,70,42,18,4,0,107,0
CUST00877,31,139999.0,14.0,93,407.25,19787.37,18.43,56,127,31,29,5,2.4,357,12057,1,25,68,62,2,5,11,146,0
CUST00878,19,132793.0,38.0,68,266.69,27318.86,4.76,122,21,87,48,6,4.44,15,40441,11,62,57,14,14,16,11,175,1
CUST00879,28,126177.0,53.0,69,119.93,8162.01,9.35,106,147,79,40,8,1.51,242,19644,2,76,39,43,35,16,14,180,0
CUST00880,68,30289.0,61.0,11,570.7,34624.08,16.11,130,89,10,12,13,3.26,153,28123,3,35,47,8,5,12,3,182,1
CUST00881,56,104365.0,36.0,56,588.92,8544.81,2.23,81,47,95,33,10,1.57,53,23874,3,23,50,64,17,16,3,119,0
CUST00882,55,132014.0,40.0,51,1012.27,15653.36,9.36,120,85,5,35,5,3.82,149,23123,12,20,56,43,37,13,12,188,0
CUST00883,51,90588.0,81.0,21,281.06,25266.59,13.6,52,128,34,29,0,4.62,358,14281,8,17,70,19,18,1,7,159,1
CUST00884,55,81646.0,30.0,99,469.57,39862.74,24.91,91,72,32,24,3,2.74,219,3251,5,14,36,69,29,18,9,45,0
CUST00885,67,21654.0,9.0,76,973.92,37025.57,12.13,137,42,17,1,7,2.95,113,22289,8,78,74,73,12,2,9,91,0
CUST00886,51,36743.0,64.0,26,991.88,32347.61,20.49,22,9,36,35,6,4.71,288,5054,11,5,73,32,38,1,13,163,0
CUST00887,35,66368.0,33.0,19,473.84,7957.51,11.09,34,25,12,17,2,3.08,277,34484,14,42,54,79,11,1,12,145,1
CUST00888,47,137735.0,52.0,60,561.77,27442.86,20.01,110,2,73,4,9,2.95,83,41972,11,30,40,5,33,6,6,73,0
CUST00889,32,137891.0,89.0,71,377.88,4554.84,15.09,49,19,89,18,2,3.31,218,46874,6,27,19,30,11,3,9,95,1
CUST00890,44,125971.0,14.0,47,1120.41,18992.69,22.22,129,20,80,41,10,3.76,226,1310,12,7,32,65,23,16,6,17,0
CUST00891,68,30149.0,75.0,71,160.0,20793.12,10.57,73,70,63,17,2,1.43,270,29146,2,28,39,17,3,5,6,139,1
CUST00892,51,118102.0,53.0,26,1121.82,2182.61,15.31,84,17,0,31,11,4.28,15,49769,11,20,33,27,35,6,11,114,1
CUST00893,69,77189.0,99.0,40,826.96,13844.61,15.94,53,124,62,20,14,2.74,290,29312,4,57,61,67,13,19,1,71,0
CUST00894,55,89031.0,59.0,5,647.26,47791.34,10.73,100,89,88,9,0,1.29,339,30981,9,59,18,64,16,5,8,45,1
CUST00895,50,60668.0,78.0,21,58.54,47690.9,4.04,124,94,33,36,14,4.14,265,48650,4,49,42,79,2,8,5,182,1
CUST00896,41,106204.0,94.0,78,581.2,17745.89,2.79,45,84,9,48,9,2.51,199,4257,5,30,68,44,37,19,1,37,0
CUST00897,32,55384.0,48.0,4,501.14,2346.39,0.91,137,131,83,21,0,1.4,158,15846,5,46,62,57,22,3,0,129,0
CUST00898,47,99929.0,68.0,23,210.24,9118.93,21.9,105,87,6,12,5,3.54,333,22483,10,33,9,46,12,4,10,8,1
CUST00899,59,145959.0,68.0,84,794.56,19732.45,6.29,146,51,55,16,13,4.52,207,26558,8,1,12,65,8,18,0,107,1
CUST00900,68,94153.0,92.0,15,1165.96,47399.43,5.68,106,82,79,8,13,4.55,174,43188,6,66,4,51,20,9,0,132,1
CUST00901,34,93388.0,8.0,93,683.38,7231.71,18.53,43,8,36,23,0,4.83,184,13012,10,71,57,35,7,17,3,97,0
CUST00902,22,49401.0,2.0,8,863.41,38223.09,8.34,134,121,28,43,4,4.47,265,33236,7,51,58,0,16,14,3,18,1
CUST00903,46,137503.0,86.0,41,100.77,5612.39,12.9,48,4,11,13,3,1.01,246,38673,6,6,75,38,15,0,13,70,0
CUST00904,21,145834.0,41.0,19,512.85,49066.63,4.48,126,86,16,45,4,2.52,36,45076,14,75,58,74,15,4,11,38,1
CUST00905,27,52084.0,55.0,46,157.3,19204.5,24.01,7,128,47,7,6,4.27,259,48402,14,18,76,0,27,4,8,41,1
CUST00906,34,128641.0,16.0,28,743.1,38806.68,21.36,16,110,83,36,5,2.47,19,28931,14,14,14,74,15,7,12,144,1
CUST00907,27,123111.0,93.0,91,1127.41,17261.04,21.66,129,99,25,18,11,3.41,23,32076,5,77,76,73,13,19,11,190,0
CUST00908,34,54041.0,62.0,68,800.9,31457.91,10.47,115,37,82,27,8,3.43,104,14801,5,47,0,13,37,14,11,89,0
CUST00909,37,106920.0,48.0,15,110.63,9762.4,19.18,37,71,11,45,5,2.46,241,9628,3,13,37,77,19,16,0,173,1
CUST00910,41,83681.0,30.0,99,438.51,7471.85,4.02,125,33,20,40,8,4.62,361,8728,7,2,52,70,33,18,2,106,0
CUST00911,22,99571.0,12.0,37,669.78,46915.59,0.71,81,31,41,29,3,3.01,204,17335,13,49,51,22,28,12,2,147,1
CUST00912,51,145556.0,35.0,1,495.79,45898.83,0.99,62,125,60,6,0,2.86,253,43773,10,53,0,42,2,9,7,197,1
CUST00913,23,44160.0,11.0,67,1003.7,44395.95,14.87,72,12,57,25,0,4.99,142,28570,5,5,10,21,9,16,1,135,1
CUST00914,19,35633.0,64.0,24,981.31,31346.59,11.66,125,11,53,39,9,2.97,302,22459,7,48,57,59,19,4,5,95,0
CUST00915,30,35014.0,50.0,27,741.96,40451.76,13.19,66,88,33,45,6,1.71,143,40658,2,22,39,26,1,17,10,146,1
CUST00916,60,98532.0,85.0,40,460.68,3638.04,0.68,30,72,6,45,12,3.05,271,7077,9,77,59,55,26,16,3,31,0
CUST00917,60,67104.0,21.0,63,321.3,16872.49,10.86,20,32,34,10,12,4.26,307,1971,8,77,43,1,31,3,12,125,0
CUST00918,65,95231.0,69.0,61,144.93,15822.42,18.09,82,57,14,13,12,4.11,110,46336,5,19,5,38,9,6,9,146,1
CUST00919,28,86388.0,48.0,36,438.78,31855.14,11.35,107,86,64,20,2,4.15,8,33959,2,76,27,50,39,4,5,23,1
CUST00920,68,34014.0,20.0,98,507.54,17926.7,18.44,132,19,89,7,1,3.83,69,45588,6,59,30,18,16,7,12,23,0
CUST00921,64,110578.0,67.0,93,817.47,7595.64,6.21,37,116,98,2,13,2.02,190,40533,8,44,7,61,32,7,4,183,0
CUST00922,40,58390.0,44.0,24,796.63,29904.06,20.42,132,14,24,27,5,4.45,179,43022,7,60,4,70,5,10,11,119,1
CUST00923,33,41711.0,33.0,24,102.73,40756.32,14.92,77,33,58,28,5,4.57,63,3046,8,55,53,75,38,8,8,17,1
CUST00924,48,109658.0,73.0,4,486.41,19229.75,5.66,89,10,78,22,12,1.78,68,44518,4,1,16,66,17,18,8,139,1
CUST00925,28,75993.0,61.0,67,234.5,6786.98,6.3,146,80,85,17,6,2.99,206,12703,14,44,37,62,8,18,0,40,0
CUST00926,33,25421.0,9.0,34,205.04,9995.07,15.89,88,64,5,34,4,4.9,6,49456,3,39,8,4,7,8,2,86,1
CUST00927,25,35727.0,68.0,57,996.22,12026.67,20.83,33,68,51,12,7,4.47,119,8043,7,23,73,71,24,19,0,175,0
CUST00928,21,130418.0,35.0,49,69.46,15134.9,10.68,58,92,78,11,6,4.57,313,37676,2,28,77,77,30,16,5,81,0
CUST00929,57,22358.0,81.0,87,514.64,32211.19,6.83,28,125,87,46,1,4.55,31,43395,14,66,13,60,3,15,11,191,1
CUST00930,21,83108.0,98.0,53,218.48,30127.09,21.74,35,80,20,49,14,3.17,6,2804,5,67,25,70,19,6,2,143,1
CUST00931,42,112018.0,88.0,23,1057.61,34864.78,16.9,125,59,70,4,0,3.59,207,10176,13,65,61,6,27,2,13,150,0
CUST00932,20,142457.0,96.0,69,677.31,18252.6,11.48,138,97,92,38,12,2.99,157,3936,7,53,24,49,39,18,0,166,0
CUST00933,49,49910.0,65.0,95,293.03,41235.08,12.45,65,19,95,10,13,1.2,67,31174,1,52,79,45,0,7,5,32,0
CUST00934,20,144888.0,8.0,53,612.86,10363.57,5.5,42,149,31,10,8,3.98,330,17096,4,78,35,71,39,4,4,23,0
CUST00935,44,73754.0,45.0,62,883.15,23558.23,15.86,85,22,52,46,4,3.02,353,23232,2,48,79,75,22,5,11,60,0
CUST00936,46,127847.0,87.0,41,1150.58,40086.75,9.29,137,9,58,41,11,3.59,336,42641,6,31,32,73,12,1,11,54,1
CUST00937,49,56467.0,47.0,57,280.13,9171.9,24.89,111,9,68,46,10,3.01,289,25909,12,60,2,13,15,18,7,188,1
CUST00938,67,51893.0,40.0,60,1065.69,5671.18,12.26,15,27,61,30,4,2.97,140,44158,1,41,10,72,25,12,13,83,1
CUST00939,68,94329.0,76.0,54,1122.48,44207.46,12.4,69,17,3,30,11,1.69,300,8366,7,0,57,68,30,5,1,167,0
CUST00940,36,49007.0,54.0,70,1101.38,17277.9,14.36,105,45,85,12,9,2.11,13,19589,3,62,63,64,0,5,7,185,0
CUST00941,38,72253.0,76.0,57,769.79,34256.73,22.96,64,8,17,13,3,1.64,152,47382,12,34,17,64,16,1,11,118,1
CUST00942,22,30323.0,46.0,10,763.19,1462.36,20.12,41,146,98,48,1,1.78,313,6506,1,50,46,56,15,4,4,71,0
CUST00943,35,129335.0,47.0,40,495.79,34564.34,11.55,71,125,80,44,4,4.89,352,28842,8,70,43,61,36,10,7,73,1
CUST00944,45,130356.0,15.0,7,907.83,15941.85,18.11,56,123,55,41,1,1.61,109,17458,7,44,58,19,9,10,11,128,0
CUST00945,59,128944.0,19.0,38,646.93,2975.89,14.86,25,33,23,24,11,2.08,356,21831,2,76,49,74,37,13,9,84,0
CUST00946,39,34456.0,26.0,85,819.38,30568.68,12.56,105,1,65,32,6,3.36,149,8783,7,64,68,25,30,12,3,152,0
CUST00947,38,49367.0,52.0,61,525.58,12192.03,5.21,134,6,12,32,10,3.44,204,11170,3,13,28,43,9,7,14,95,1
CUST00948,23,72624.0,93.0,84,883.17,19463.0,11.87,119,41,61,14,8,1.62,307,14609,13,2,66,66,33,14,3,52,0
CUST00949,18,86008.0,22.0,3,992.88,4212.92,6.52,9,5,53,15,8,4.17,21,40090,9,23,1,69,5,11,9,188,1
CUST00950,22,143926.0,21.0,51,192.79,7528.73,22.91,60,80,14,43,10,4.14,60,44942,8,64,24,61,27,2,14,173,1
CUST00951,58,133395.0,51.0,86,1002.86,15039.27,8.72,125,18,68,37,5,1.95,21,23035,5,47,18,44,27,4,14,109,0
CUST00952,29,134492.0,38.0,47,657.55,4670.02,23.83,49,82,2,5,0,2.15,363,16208,7,9,39,10,12,5,3,59,0
CUST00953,43,90240.0,20.0,68,1016.71,45559.15,13.56,51,65,36,43,12,4.75,245,35178,3,12,1,71,11,1,13,50,1
CUST00954,63,82315.0,29.0,92,528.94,501.14,15.97,70,83,36,24,5,4.3,73,13636,1,72,64,73,39,7,10,120,0
CUST00955,51,28756.0,51.0,76,467.27,24296.24,13.8,37,136,2,14,4,3.79,76,9039,1,13,61,33,1,4,14,72,1
CUST00956,66,54378.0,4.0,38,1099.77,6337.72,3.67,31,131,62,3,3,1.33,186,14990,11,9,53,45,7,16,5,175,0
CUST00957,31,143703.0,55.0,36,316.38,15522.42,9.71,62,25,34,3,11,2.67,78,6441,2,39,44,31,8,1,3,167,0
CUST00958,43,74549.0,71.0,41,1016.17,46317.77,2.93,93,69,51,29,5,3.24,65,8685,8,22,48,74,7,10,8,6,1
CUST00959,62,91794.0,92.0,69,591.14,8252.39,15.76,14,82,86,33,5,1.75,342,13778,1,54,68,4,2,3,8,74,0
CUST00960,44,63113.0,28.0,13,626.63,48298.45,11.45,79,117,27,26,13,2.79,290,45959,11,62,37,62,8,10,2,18,1
CUST00961,26,92069.0,4.0,87,383.99,10448.56,19.56,8,95,93,30,5,3.4,56,26862,12,70,3,28,12,8,6,142,1
CUST00962,43,143541.0,22.0,58,696.19,37129.99,5.9,36,33,17,31,1,2.31,331,27273,5,41,16,47,8,5,11,69,1
CUST00963,64,27686.0,76.0,50,403.75,27424.53,4.53,48,111,35,43,14,4.12,259,28413,9,65,52,15,30,1,4,188,1
CUST00964,39,71363.0,45.0,30,66.34,44247.04,10.46,85,146,32,38,13,4.36,190,42500,12,78,52,24,24,14,14,55,1
CUST00965,64,115543.0,67.0,62,340.96,27788.86,23.2,28,125,63,8,6,2.29,6,3956,9,72,30,71,7,4,11,137,0
CUST00966,47,149733.0,86.0,25,27.53,26821.05,17.91,51,16,25,40,13,4.35,6,6553,2,46,21,28,30,11,8,173,1
CUST00967,60,113673.0,66.0,27,1174.46,9933.81,10.76,104,80,47,7,3,1.41,191,23253,7,51,10,51,30,12,1,79,0
CUST00968,65,60828.0,88.0,51,1159.58,8478.22,13.17,101,38,39,13,12,4.35,148,23915,11,17,33,45,16,16,2,108,0
CUST00969,34,66604.0,34.0,78,486.28,45841.16,2.56,29,135,16,32,14,1.61,258,2365,1,78,14,24,18,3,9,184,1
CUST00970,43,28526.0,91.0,57,879.48,16526.34,24.62,127,78,39,22,11,1.33,218,6668,3,17,9,22,2,9,4,34,0
CUST00971,53,86910.0,55.0,47,428.05,18729.7,16.83,82,63,6,20,8,3.57,90,5000,6,23,52,33,29,0,11,71,0
CUST00972,18,43592.0,1.0,39,811.89,38039.22,7.49,10,112,56,11,9,2.89,312,3675,9,22,47,66,9,10,4,91,0
CUST00973,25,46982.0,72.0,16,970.41,17073.41,14.85,106,89,7,1,1,4.63,352,12907,10,11,30,33,28,15,9,2,0
CUST00974,66,18207.0,87.0,22,1137.17,47612.71,3.18,1,38,55,12,4,2.45,10,17336,2,22,36,31,39,10,11,65,1
CUST00975,52,106733.0,38.0,85,492.25,36948.8,24.16,39,144,30,3,13,2.15,87,19684,7,20,27,28,17,8,14,180,0
CUST00976,69,142982.0,6.0,54,944.29,29951.98,4.78,21,52,58,19,3,3.0,250,28311,4,63,30,8,11,1,13,51,0
CUST00977,32,86619.0,86.0,21,333.8,44068.58,16.38,65,29,57,49,8,2.82,326,15136,2,71,69,65,22,6,13,92,1
CUST00978,64,64479.0,25.0,72,1188.59,2670.37,6.51,15,144,11,47,3,2.38,151,43923,3,33,13,56,10,18,6,180,1
CUST00979,39,99437.0,82.0,16,50.41,13001.72,18.08,132,76,47,13,7,3.77,113,12219,6,1,15,38,8,17,12,181,1
CUST00980,31,116540.0,17.0,59,732.16,23358.81,19.53,61,145,30,29,7,4.04,30,3247,10,68,24,6,23,19,13,46,0
CUST00981,43,90982.0,61.0,31,798.22,11503.53,17.0,148,64,82,28,5,4.41,128,4415,9,30,38,68,24,6,7,2,0
CUST00982,45,120747.0,12.0,42,831.89,37246.48,15.56,138,91,62,7,5,4.89,78,6472,8,67,65,7,24,8,7,192,0
CUST00983,40,66231.0,6.0,74,162.06,45976.56,22.37,87,89,73,11,10,2.07,55,22380,10,69,37,17,8,11,13,142,1
CUST00984,31,47301.0,90.0,32,1127.47,21303.75,2.43,105,13,38,40,7,3.86,305,37616,14,18,40,48,11,2,0,83,1
CUST00985,41,36752.0,27.0,59,233.8,17238.2,8.61,34,72,75,37,11,2.58,34,27280,11,71,39,15,10,15,13,33,1
CUST00986,19,116452.0,8.0,34,754.85,48085.23,6.58,124,5,19,25,12,3.71,105,21859,9,12,63,20,37,6,0,49,0
CUST00987,62,139237.0,83.0,9,282.76,22353.65,24.71,110,12,47,49,11,2.9,172,33805,4,64,15,9,27,4,2,32,1
CUST00988,43,74273.0,65.0,81,382.52,24554.61,10.04,33,3,70,1,9,4.98,22,48402,12,5,76,3,7,6,0,72,1
CUST00989,31,85688.5,57.0,11,664.82,17712.16,18.45,98,33,53,39,8,3.92,287,8262,4,70,58,43,9,18,0,2,0
CUST00990,68,22895.0,93.0,96,512.29,45495.51,17.28,61,121,77,13,14,4.81,105,11066,9,26,10,7,24,16,9,1,1
CUST00991,24,137968.0,99.0,10,209.07,28533.98,5.7,10,50,74,5,4,4.34,149,15554,8,78,0,54,35,15,7,131,1
CUST00992,20,133700.0,40.0,86,221.7,38156.29,6.36,84,137,70,41,10,4.61,272,7008,12,51,12,18,8,18,0,15,1
CUST00993,64,94559.0,14.0,17,513.41,40627.97,7.39,65,29,28,39,0,4.26,276,22315,2,47,29,63,7,17,8,181,1
CUST00994,40,28699.0,35.0,68,913.59,17224.08,10.57,77,39,73,30,0,2.84,299,15263,8,78,68,39,2,18,1,32,0
CUST00995,63,27715.0,48.0,48,1079.6,21797.98,6.24,1,91,92,16,14,2.01,172,16238,1,67,17,50,17,3,8,8,0
CUST00996,60,37169.0,48.0,52,119.27,42453.89,0.98,133,100,72,24,1,2.48,47,38410,9,43,77,8,34,0,13,56,1
CUST00997,64,136413.0,56.0,25,483.86,18290.12,22.05,80,17,99,31,9,1.08,114,16489,9,16,12,29,16,3,6,39,0
CUST00998,62,137264.0,49.0,21,138.29,39737.97,24.16,15,56,47,11,9,3.1,275,17153,13,37,31,55,35,3,8,51,1
CUST00999,35,23782.0,13.0,65,39.58,47061.42,8.87,28,46,73,48,4,3.02,304,47299,8,9,70,43,27,8,2,15,1
CUST01000,55,142481.0,61.0,63,800.83,31235.88,8.79,23,67,82,12,3,3.1,207,43152,11,53,71,58,14,7,0,135,0
